1	U00001	11/15/2025 11:43:00 AM	N00097 N00091 N00090 N00065	N00135-0 N00009-0 N00020-1 N00288-1 N00056-0 N00178-0
2	U00001	11/12/2025 06:27:00 AM	N00097 N00091 N00090 N00065	N00061-0 N00088-0 N00067-1 N00228-0 N00056-0 N00058-0 N00113-0
3	U00001	11/14/2025 02:45:00 PM	N00097 N00091 N00090 N00065	N00144-0 N00049-0 N00100-1 N00090-1
4	U00001	11/15/2025 04:44:00 PM	N00097 N00091 N00090 N00065	N00299-0 N00272-0 N00104-0 N00074-1 N00266-1 N00091-1
5	U00001	11/12/2025 02:56:00 AM	N00097 N00091 N00090 N00065	N00165-0 N00088-1 N00224-1 N00084-0 N00208-0 N00151-1 N00161-0 N00087-0
6	U00001	11/14/2025 10:24:00 AM	N00097 N00091 N00090 N00065	N00068-0 N00162-0 N00274-1 N00246-1 N00204-0 N00095-0 N00007-0 N00069-1
7	U00001	11/12/2025 01:34:00 PM	N00097 N00091 N00090 N00065	N00068-1 N00217-0 N00009-1 N00299-0 N00107-0 N00224-1
8	U00001	11/14/2025 01:10:00 AM	N00097 N00091 N00090 N00065	N00223-0 N00189-1 N00238-0 N00085-1 N00088-1 N00259-1 N00267-0 N00266-1
9	U00001	11/13/2025 05:31:00 AM	N00097 N00091 N00090 N00065	N00149-0 N00242-0 N00279-0 N00282-1 N00214-0
10	U00001	11/15/2025 11:03:00 AM	N00097 N00091 N00090 N00065	N00084-0 N00264-0 N00040-1 N00251-0 N00120-0 N00085-1 N00091-1
11	U00002	11/11/2025 08:00:00 PM	N00016 N00077 N00072 N00190 N00014 N00044	N00019-1 N00281-0 N00053-0 N00219-1 N00267-0 N00208-0 N00299-0
12	U00002	11/14/2025 01:03:00 PM	N00016 N00077 N00072 N00190 N00014 N00044	N00227-0 N00147-0 N00174-0 N00050-1 N00090-0 N00154-1
13	U00002	11/15/2025 06:15:00 PM	N00016 N00077 N00072 N00190 N00014 N00044	N00225-1 N00220-1 N00287-0 N00031-0 N00117-0 N00169-0 N00112-0 N00115-1
14	U00002	11/13/2025 03:51:00 AM	N00016 N00077 N00072 N00190 N00014 N00044	N00148-1 N00223-0 N00057-0 N00041-0 N00225-0 N00232-1
15	U00002	11/13/2025 04:57:00 PM	N00016 N00077 N00072 N00190 N00014 N00044	N00105-0 N00018-0 N00019-0 N00205-0
16	U00002	11/14/2025 01:00:00 AM	N00016 N00077 N00072 N00190 N00014 N00044	N00130-1 N00248-1 N00012-0 N00204-0
17	U00002	11/10/2025 07:13:00 PM	N00016 N00077 N00072 N00190 N00014 N00044	N00278-1 N00225-0 N00149-0 N00151-0 N00237-0 N00286-0 N00093-1
18	U00002	11/12/2025 06:06:00 AM	N00016 N00077 N00072 N00190 N00014 N00044	N00169-0 N00128-0 N00071-1 N00191-1 N00166-0
19	U00002	11/13/2025 04:32:00 AM	N00016 N00077 N00072 N00190 N00014 N00044	N00012-0 N00096-0 N00099-1 N00212-0 N00069-1 N00218-1 N00026-1
20	U00002	11/15/2025 01:43:00 AM	N00016 N00077 N00072 N00190 N00014 N00044	N00117-0 N00035-0 N00225-0 N00121-0 N00050-0 N00279-1 N00239-0
21	U00003	11/13/2025 10:43:00 PM	N00161 N00232 N00014 N00148 N00015 N00219 N00176 N00035 N00172 N00182 N00221 N00251 N00055	N00252-0 N00144-1 N00036-1 N00277-1 N00250-0 N00107-0 N00189-0
22	U00003	11/14/2025 04:36:00 AM	N00161 N00232 N00014 N00148 N00015 N00219 N00176 N00035 N00172 N00182 N00221 N00251 N00055	N00092-0 N00249-0 N00260-0 N00014-1 N00060-0 N00084-0 N00002-0
23	U00003	11/14/2025 06:48:00 PM	N00161 N00232 N00014 N00148 N00015 N00219 N00176 N00035 N00172 N00182 N00221 N00251 N00055	N00049-1 N00148-1 N00177-0 N00287-0 N00142-1 N00167-0 N00098-1 N00284-0
24	U00003	11/15/2025 12:45:00 PM	N00161 N00232 N00014 N00148 N00015 N00219 N00176 N00035 N00172 N00182 N00221 N00251 N00055	N00121-0 N00017-1 N00016-0 N00203-0
25	U00003	11/15/2025 08:54:00 AM	N00161 N00232 N00014 N00148 N00015 N00219 N00176 N00035 N00172 N00182 N00221 N00251 N00055	N00287-0 N00072-0 N00141-0 N00155-0 N00278-0 N00015-0 N00202-0 N00232-1 N00286-0
26	U00003	11/15/2025 02:42:00 AM	N00161 N00232 N00014 N00148 N00015 N00219 N00176 N00035 N00172 N00182 N00221 N00251 N00055	N00057-0 N00170-0 N00220-1 N00019-0
27	U00003	11/13/2025 04:48:00 PM	N00161 N00232 N00014 N00148 N00015 N00219 N00176 N00035 N00172 N00182 N00221 N00251 N00055	N00128-0 N00023-1 N00286-0 N00203-0 N00056-0 N00022-0 N00071-1
28	U00003	11/15/2025 04:49:00 PM	N00161 N00232 N00014 N00148 N00015 N00219 N00176 N00035 N00172 N00182 N00221 N00251 N00055	N00045-0 N00065-0 N00289-1 N00298-0 N00182-0 N00263-1
29	U00003	11/13/2025 05:38:00 AM	N00161 N00232 N00014 N00148 N00015 N00219 N00176 N00035 N00172 N00182 N00221 N00251 N00055	N00252-1 N00136-1 N00268-1 N00157-0
30	U00003	11/13/2025 04:57:00 AM	N00161 N00232 N00014 N00148 N00015 N00219 N00176 N00035 N00172 N00182 N00221 N00251 N00055	N00035-0 N00275-0 N00150-1 N00196-0 N00102-0 N00247-0
31	U00004	11/10/2025 11:54:00 PM	N00261 N00017 N00104 N00161 N00192 N00257 N00240	N00145-1 N00101-0 N00109-0 N00046-0 N00244-0 N00130-0
32	U00004	11/13/2025 10:50:00 PM	N00261 N00017 N00104 N00161 N00192 N00257 N00240	N00200-1 N00160-0 N00273-0 N00147-0
33	U00004	11/12/2025 07:44:00 PM	N00261 N00017 N00104 N00161 N00192 N00257 N00240	N00044-0 N00151-1 N00122-0 N00156-0 N00283-0 N00074-0 N00202-0
34	U00004	11/12/2025 03:23:00 PM	N00261 N00017 N00104 N00161 N00192 N00257 N00240	N00223-0 N00020-0 N00047-1 N00211-1 N00108-0 N00018-1
35	U00004	11/12/2025 01:03:00 PM	N00261 N00017 N00104 N00161 N00192 N00257 N00240	N00228-1 N00194-0 N00270-0 N00280-0 N00029-0 N00249-0 N00061-1 N00086-1
36	U00004	11/14/2025 09:19:00 PM	N00261 N00017 N00104 N00161 N00192 N00257 N00240	N00246-1 N00080-1 N00263-1 N00161-1 N00081-0 N00248-1
37	U00004	11/11/2025 05:45:00 PM	N00261 N00017 N00104 N00161 N00192 N00257 N00240	N00151-1 N00075-1 N00102-0 N00231-0 N00205-0 N00246-0 N00064-1 N00262-0
38	U00004	11/15/2025 08:17:00 PM	N00261 N00017 N00104 N00161 N00192 N00257 N00240	N00036-0 N00125-0 N00148-1 N00097-0 N00169-0 N00287-0 N00237-0 N00069-1 N00008-0
39	U00004	11/10/2025 11:22:00 PM	N00261 N00017 N00104 N00161 N00192 N00257 N00240	N00163-0 N00127-0 N00192-0 N00218-1 N00273-0 N00083-0 N00062-0
40	U00004	11/14/2025 10:26:00 PM	N00261 N00017 N00104 N00161 N00192 N00257 N00240	N00245-0 N00247-0 N00197-0 N00071-0 N00298-1
41	U00005	11/15/2025 06:17:00 AM	N00142 N00238 N00148 N00021 N00016 N00062 N00191 N00096 N00055 N00101 N00220 N00130 N00084 N00263 N00230	N00139-0 N00060-0 N00198-1 N00207-0 N00229-0 N00071-1 N00075-0 N00053-1
42	U00005	11/12/2025 06:35:00 PM	N00142 N00238 N00148 N00021 N00016 N00062 N00191 N00096 N00055 N00101 N00220 N00130 N00084 N00263 N00230	N00297-0 N00088-1 N00251-1 N00091-0 N00256-0 N00215-0 N00159-1 N00053-1 N00139-0
43	U00005	11/15/2025 12:26:00 PM	N00142 N00238 N00148 N00021 N00016 N00062 N00191 N00096 N00055 N00101 N00220 N00130 N00084 N00263 N00230	N00145-0 N00239-1 N00071-1 N00264-0 N00212-0 N00052-0 N00266-0
44	U00005	11/13/2025 11:48:00 AM	N00142 N00238 N00148 N00021 N00016 N00062 N00191 N00096 N00055 N00101 N00220 N00130 N00084 N00263 N00230	N00010-0 N00232-1 N00144-1 N00018-0 N00046-1 N00248-1
45	U00005	11/14/2025 08:39:00 PM	N00142 N00238 N00148 N00021 N00016 N00062 N00191 N00096 N00055 N00101 N00220 N00130 N00084 N00263 N00230	N00243-0 N00170-0 N00172-0 N00097-0 N00084-0 N00126-0 N00193-1
46	U00005	11/12/2025 02:24:00 PM	N00142 N00238 N00148 N00021 N00016 N00062 N00191 N00096 N00055 N00101 N00220 N00130 N00084 N00263 N00230	N00131-0 N00293-0 N00197-0 N00216-0 N00164-1
47	U00005	11/15/2025 07:31:00 AM	N00142 N00238 N00148 N00021 N00016 N00062 N00191 N00096 N00055 N00101 N00220 N00130 N00084 N00263 N00230	N00075-0 N00242-0 N00237-0 N00182-0 N00278-1 N00191-1
48	U00005	11/15/2025 09:11:00 PM	N00142 N00238 N00148 N00021 N00016 N00062 N00191 N00096 N00055 N00101 N00220 N00130 N00084 N00263 N00230	N00140-0 N00186-0 N00102-0 N00200-0 N00279-1
49	U00005	11/12/2025 05:46:00 AM	N00142 N00238 N00148 N00021 N00016 N00062 N00191 N00096 N00055 N00101 N00220 N00130 N00084 N00263 N00230	N00279-1 N00168-0 N00202-0 N00149-1 N00062-0 N00008-0 N00048-0 N00004-0 N00099-0
50	U00005	11/15/2025 09:07:00 PM	N00142 N00238 N00148 N00021 N00016 N00062 N00191 N00096 N00055 N00101 N00220 N00130 N00084 N00263 N00230	N00232-1 N00183-0 N00045-0 N00029-0
51	U00006	11/11/2025 10:28:00 PM	N00256 N00235 N00111 N00295 N00182 N00081 N00046 N00161 N00290 N00183 N00034 N00220 N00252	N00205-0 N00254-0 N00139-1 N00143-0 N00214-0 N00081-0
52	U00006	11/10/2025 06:15:00 PM	N00256 N00235 N00111 N00295 N00182 N00081 N00046 N00161 N00290 N00183 N00034 N00220 N00252	N00216-0 N00061-0 N00080-0 N00231-0 N00263-0
53	U00006	11/14/2025 04:51:00 PM	N00256 N00235 N00111 N00295 N00182 N00081 N00046 N00161 N00290 N00183 N00034 N00220 N00252	N00005-1 N00027-1 N00185-1 N00048-0
54	U00006	11/11/2025 07:04:00 AM	N00256 N00235 N00111 N00295 N00182 N00081 N00046 N00161 N00290 N00183 N00034 N00220 N00252	N00232-1 N00087-0 N00247-1 N00055-0 N00041-0 N00198-0 N00178-1 N00275-1
55	U00006	11/14/2025 12:04:00 PM	N00256 N00235 N00111 N00295 N00182 N00081 N00046 N00161 N00290 N00183 N00034 N00220 N00252	N00164-1 N00126-0 N00173-0 N00230-0 N00281-0 N00215-0
56	U00006	11/11/2025 09:28:00 PM	N00256 N00235 N00111 N00295 N00182 N00081 N00046 N00161 N00290 N00183 N00034 N00220 N00252	N00122-1 N00016-0 N00240-1 N00285-1 N00038-0 N00159-0 N00165-0
57	U00006	11/15/2025 01:35:00 AM	N00256 N00235 N00111 N00295 N00182 N00081 N00046 N00161 N00290 N00183 N00034 N00220 N00252	N00167-0 N00244-0 N00293-0 N00192-0 N00290-1
58	U00006	11/10/2025 07:54:00 PM	N00256 N00235 N00111 N00295 N00182 N00081 N00046 N00161 N00290 N00183 N00034 N00220 N00252	N00219-0 N00263-1 N00110-1 N00245-1 N00183-0 N00168-0 N00088-0 N00086-1
59	U00006	11/15/2025 08:05:00 AM	N00256 N00235 N00111 N00295 N00182 N00081 N00046 N00161 N00290 N00183 N00034 N00220 N00252	N00295-1 N00121-0 N00240-0 N00257-1 N00059-0 N00016-1 N00143-0
60	U00006	11/12/2025 02:48:00 PM	N00256 N00235 N00111 N00295 N00182 N00081 N00046 N00161 N00290 N00183 N00034 N00220 N00252	N00007-1 N00232-0 N00241-1 N00086-1 N00268-0 N00187-1
61	U00007	11/14/2025 01:45:00 AM	N00243 N00092 N00001 N00047 N00234 N00005 N00123 N00108	N00172-0 N00284-0 N00009-0 N00296-0 N00054-1 N00019-0
62	U00007	11/14/2025 10:53:00 PM	N00243 N00092 N00001 N00047 N00234 N00005 N00123 N00108	N00172-0 N00068-0 N00155-0 N00206-1 N00230-0 N00079-1 N00169-0 N00005-0
63	U00007	11/11/2025 03:06:00 PM	N00243 N00092 N00001 N00047 N00234 N00005 N00123 N00108	N00141-0 N00030-0 N00238-0 N00261-0 N00062-0 N00123-0
64	U00007	11/12/2025 12:28:00 PM	N00243 N00092 N00001 N00047 N00234 N00005 N00123 N00108	N00140-0 N00024-0 N00162-1 N00103-0 N00113-0 N00010-0 N00232-0
65	U00007	11/14/2025 02:35:00 AM	N00243 N00092 N00001 N00047 N00234 N00005 N00123 N00108	N00120-1 N00126-0 N00011-1 N00272-0 N00180-1 N00075-0
66	U00007	11/12/2025 06:28:00 AM	N00243 N00092 N00001 N00047 N00234 N00005 N00123 N00108	N00151-1 N00270-1 N00207-0 N00269-1 N00158-0 N00134-0
67	U00007	11/14/2025 12:21:00 PM	N00243 N00092 N00001 N00047 N00234 N00005 N00123 N00108	N00263-0 N00254-1 N00261-0 N00231-0 N00278-0
68	U00007	11/16/2025 05:58:00 AM	N00243 N00092 N00001 N00047 N00234 N00005 N00123 N00108	N00143-0 N00058-1 N00171-1 N00186-1 N00009-0 N00298-0
69	U00007	11/11/2025 12:49:00 AM	N00243 N00092 N00001 N00047 N00234 N00005 N00123 N00108	N00233-0 N00239-1 N00181-1 N00053-0 N00253-0 N00146-0
70	U00007	11/15/2025 10:14:00 PM	N00243 N00092 N00001 N00047 N00234 N00005 N00123 N00108	N00231-0 N00268-0 N00272-0 N00259-1 N00145-0 N00041-0 N00076-0
71	U00008	11/10/2025 09:03:00 PM	N00246 N00048 N00100 N00038 N00074 N00097 N00188 N00067 N00170 N00088 N00020 N00288 N00214 N00090 N00075	N00223-0 N00138-0 N00193-0 N00158-1 N00038-0 N00017-0 N00091-1
72	U00008	11/10/2025 08:16:00 AM	N00246 N00048 N00100 N00038 N00074 N00097 N00188 N00067 N00170 N00088 N00020 N00288 N00214 N00090 N00075	N00175-0 N00066-0 N00274-0 N00251-0 N00299-0
73	U00008	11/14/2025 03:34:00 AM	N00246 N00048 N00100 N00038 N00074 N00097 N00188 N00067 N00170 N00088 N00020 N00288 N00214 N00090 N00075	N00211-0 N00254-0 N00067-0 N00001-0 N00100-0
74	U00008	11/15/2025 01:01:00 AM	N00246 N00048 N00100 N00038 N00074 N00097 N00188 N00067 N00170 N00088 N00020 N00288 N00214 N00090 N00075	N00158-1 N00206-0 N00011-0 N00143-0 N00020-0 N00042-0 N00213-0 N00154-0
75	U00008	11/11/2025 10:45:00 AM	N00246 N00048 N00100 N00038 N00074 N00097 N00188 N00067 N00170 N00088 N00020 N00288 N00214 N00090 N00075	N00100-0 N00085-1 N00125-0 N00025-0 N00020-1
76	U00008	11/12/2025 09:55:00 AM	N00246 N00048 N00100 N00038 N00074 N00097 N00188 N00067 N00170 N00088 N00020 N00288 N00214 N00090 N00075	N00097-0 N00048-0 N00238-0 N00203-0 N00231-0 N00260-0 N00178-1 N00143-1
77	U00008	11/15/2025 05:19:00 PM	N00246 N00048 N00100 N00038 N00074 N00097 N00188 N00067 N00170 N00088 N00020 N00288 N00214 N00090 N00075	N00188-0 N00257-1 N00025-0 N00134-0 N00263-1 N00211-1 N00167-0 N00074-1
78	U00008	11/14/2025 02:02:00 AM	N00246 N00048 N00100 N00038 N00074 N00097 N00188 N00067 N00170 N00088 N00020 N00288 N00214 N00090 N00075	N00282-0 N00083-0 N00188-1 N00143-0 N00237-0 N00219-0 N00031-1
79	U00008	11/14/2025 05:44:00 PM	N00246 N00048 N00100 N00038 N00074 N00097 N00188 N00067 N00170 N00088 N00020 N00288 N00214 N00090 N00075	N00065-1 N00262-0 N00267-0 N00110-0 N00031-0 N00048-0
80	U00008	11/11/2025 07:32:00 PM	N00246 N00048 N00100 N00038 N00074 N00097 N00188 N00067 N00170 N00088 N00020 N00288 N00214 N00090 N00075	N00291-0 N00146-0 N00065-1 N00085-0
81	U00009	11/15/2025 10:28:00 AM	N00165 N00214 N00246 N00170 N00274 N00031 N00065 N00107	N00288-1 N00079-0 N00116-0 N00274-0 N00256-0 N00065-1 N00296-0
82	U00009	11/12/2025 04:35:00 AM	N00165 N00214 N00246 N00170 N00274 N00031 N00065 N00107	N00096-0 N00102-1 N00296-1 N00038-0 N00108-0 N00266-0
83	U00009	11/14/2025 09:39:00 PM	N00165 N00214 N00246 N00170 N00274 N00031 N00065 N00107	N00285-0 N00224-1 N00266-1 N00100-1 N00102-1 N00150-0
84	U00009	11/15/2025 06:46:00 PM	N00165 N00214 N00246 N00170 N00274 N00031 N00065 N00107	N00226-0 N00073-0 N00275-0 N00065-0 N00148-0 N00143-0 N00063-0 N00193-0
85	U00009	11/11/2025 01:31:00 PM	N00165 N00214 N00246 N00170 N00274 N00031 N00065 N00107	N00133-0 N00270-0 N00102-0 N00235-0 N00038-0 N00009-1 N00148-0 N00224-0 N00297-1
86	U00009	11/14/2025 05:04:00 PM	N00165 N00214 N00246 N00170 N00274 N00031 N00065 N00107	N00058-1 N00274-1 N00048-1 N00078-0 N00203-0 N00097-0 N00223-0 N00235-0
87	U00009	11/14/2025 06:10:00 PM	N00165 N00214 N00246 N00170 N00274 N00031 N00065 N00107	N00113-0 N00182-0 N00300-0 N00289-0 N00226-0 N00288-1 N00280-0
88	U00009	11/16/2025 02:36:00 AM	N00165 N00214 N00246 N00170 N00274 N00031 N00065 N00107	N00228-1 N00288-0 N00109-1 N00214-1
89	U00009	11/12/2025 09:09:00 PM	N00165 N00214 N00246 N00170 N00274 N00031 N00065 N00107	N00170-1 N00226-1 N00129-0 N00037-0 N00214-1 N00083-0
90	U00009	11/16/2025 05:41:00 AM	N00165 N00214 N00246 N00170 N00274 N00031 N00065 N00107	N00139-0 N00214-1 N00085-0 N00181-0 N00175-0 N00097-0 N00091-1 N00129-1
91	U00010	11/15/2025 07:37:00 AM	N00188 N00095 N00214 N00088 N00085 N00097 N00246 N00065 N00028	N00032-1 N00139-0 N00246-1 N00144-0 N00028-0
92	U00010	11/14/2025 04:59:00 AM	N00188 N00095 N00214 N00088 N00085 N00097 N00246 N00065 N00028	N00023-0 N00036-0 N00054-0 N00142-0 N00085-1 N00100-0 N00174-0 N00107-0
93	U00010	11/12/2025 10:41:00 PM	N00188 N00095 N00214 N00088 N00085 N00097 N00246 N00065 N00028	N00226-1 N00199-0 N00097-0 N00270-0 N00104-0 N00068-1 N00065-0 N00208-1 N00121-1
94	U00010	11/12/2025 03:00:00 PM	N00188 N00095 N00214 N00088 N00085 N00097 N00246 N00065 N00028	N00097-1 N00183-0 N00188-0 N00216-0 N00159-0 N00007-0 N00091-0 N00198-0
95	U00010	11/14/2025 03:14:00 PM	N00188 N00095 N00214 N00088 N00085 N00097 N00246 N00065 N00028	N00151-1 N00208-0 N00223-0 N00247-0 N00067-1 N00278-0 N00135-1
96	U00010	11/13/2025 12:28:00 AM	N00188 N00095 N00214 N00088 N00085 N00097 N00246 N00065 N00028	N00288-1 N00034-1 N00055-0 N00224-0 N00263-0
97	U00010	11/13/2025 04:52:00 PM	N00188 N00095 N00214 N00088 N00085 N00097 N00246 N00065 N00028	N00027-1 N00031-1 N00251-0 N00206-0 N00288-0
98	U00010	11/15/2025 09:23:00 PM	N00188 N00095 N00214 N00088 N00085 N00097 N00246 N00065 N00028	N00081-0 N00235-0 N00114-0 N00209-0 N00158-1 N00038-1 N00071-0 N00266-0
99	U00010	11/15/2025 11:02:00 AM	N00188 N00095 N00214 N00088 N00085 N00097 N00246 N00065 N00028	N00029-0 N00088-1 N00150-0 N00021-0 N00060-0 N00091-0 N00031-0 N00263-0 N00009-1
100	U00010	11/12/2025 05:33:00 AM	N00188 N00095 N00214 N00088 N00085 N00097 N00246 N00065 N00028	N00102-1 N00097-1 N00253-1 N00029-0 N00111-0 N00292-0 N00037-0
101	U00011	11/15/2025 10:59:00 AM	N00044 N00149 N00016 N00017 N00110 N00122 N00007 N00198 N00210 N00176 N00262	N00136-0 N00265-0 N00075-0 N00062-1 N00137-0 N00022-0 N00100-0
102	U00011	11/10/2025 02:59:00 PM	N00044 N00149 N00016 N00017 N00110 N00122 N00007 N00198 N00210 N00176 N00262	N00178-0 N00289-0 N00092-0 N00294-1
103	U00011	11/12/2025 05:16:00 PM	N00044 N00149 N00016 N00017 N00110 N00122 N00007 N00198 N00210 N00176 N00262	N00080-1 N00134-0 N00265-0 N00070-0 N00290-0 N00055-1 N00175-0 N00118-0
104	U00011	11/11/2025 11:35:00 PM	N00044 N00149 N00016 N00017 N00110 N00122 N00007 N00198 N00210 N00176 N00262	N00210-1 N00265-0 N00181-0 N00244-0 N00296-1 N00169-0 N00283-0 N00077-0
105	U00011	11/10/2025 08:26:00 AM	N00044 N00149 N00016 N00017 N00110 N00122 N00007 N00198 N00210 N00176 N00262	N00061-0 N00050-0 N00261-0 N00003-0 N00083-0
106	U00011	11/11/2025 01:35:00 AM	N00044 N00149 N00016 N00017 N00110 N00122 N00007 N00198 N00210 N00176 N00262	N00105-0 N00110-0 N00202-1 N00023-1 N00265-1
107	U00011	11/12/2025 03:33:00 AM	N00044 N00149 N00016 N00017 N00110 N00122 N00007 N00198 N00210 N00176 N00262	N00147-0 N00213-0 N00135-0 N00056-1 N00211-0 N00169-0 N00008-1
108	U00011	11/11/2025 06:10:00 AM	N00044 N00149 N00016 N00017 N00110 N00122 N00007 N00198 N00210 N00176 N00262	N00299-0 N00200-0 N00211-0 N00121-0 N00039-0 N00220-1 N00035-0
109	U00011	11/10/2025 02:37:00 PM	N00044 N00149 N00016 N00017 N00110 N00122 N00007 N00198 N00210 N00176 N00262	N00232-0 N00052-0 N00141-0 N00211-0 N00065-0 N00091-0 N00214-0
110	U00011	11/10/2025 06:38:00 PM	N00044 N00149 N00016 N00017 N00110 N00122 N00007 N00198 N00210 N00176 N00262	N00205-0 N00167-0 N00251-1 N00087-0 N00299-0 N00026-0 N00213-0 N00181-0 N00131-0
111	U00012	11/14/2025 01:35:00 AM	N00188 N00143 N00097 N00040 N00065 N00038 N00075 N00178	N00134-0 N00196-0 N00038-1 N00009-1 N00056-0 N00040-1 N00008-0 N00177-0 N00231-0
112	U00012	11/12/2025 04:15:00 PM	N00188 N00143 N00097 N00040 N00065 N00038 N00075 N00178	N00299-0 N00236-0 N00082-0 N00085-1 N00200-0 N00208-1 N00040-0 N00184-0 N00005-0
113	U00012	11/11/2025 06:24:00 PM	N00188 N00143 N00097 N00040 N00065 N00038 N00075 N00178	N00115-0 N00048-1 N00016-0 N00125-0 N00143-1 N00282-1 N00272-0 N00130-0
114	U00012	11/14/2025 08:34:00 PM	N00188 N00143 N00097 N00040 N00065 N00038 N00075 N00178	N00020-1 N00064-0 N00052-0 N00106-0 N00299-0 N00143-1 N00212-0 N00152-0 N00266-0
115	U00012	11/14/2025 12:22:00 PM	N00188 N00143 N00097 N00040 N00065 N00038 N00075 N00178	N00040-1 N00070-0 N00086-0 N00100-1 N00052-0 N00209-1 N00247-0
116	U00012	11/10/2025 06:41:00 PM	N00188 N00143 N00097 N00040 N00065 N00038 N00075 N00178	N00111-0 N00091-0 N00246-1 N00101-0 N00199-0
117	U00012	11/16/2025 03:56:00 AM	N00188 N00143 N00097 N00040 N00065 N00038 N00075 N00178	N00178-1 N00003-1 N00233-1 N00132-0 N00288-1 N00128-0 N00169-0
118	U00012	11/14/2025 03:25:00 AM	N00188 N00143 N00097 N00040 N00065 N00038 N00075 N00178	N00081-1 N00052-0 N00102-1 N00208-1 N00134-1 N00075-1
119	U00012	11/11/2025 11:40:00 PM	N00188 N00143 N00097 N00040 N00065 N00038 N00075 N00178	N00224-1 N00118-1 N00074-1 N00274-0 N00084-0 N00100-1 N00191-0
120	U00012	11/15/2025 10:31:00 PM	N00188 N00143 N00097 N00040 N00065 N00038 N00075 N00178	N00136-0 N00177-1 N00009-1 N00282-0
121	U00013	11/14/2025 02:27:00 PM	N00055 N00086 N00110 N00179 N00275 N00084 N00247 N00261 N00036 N00263 N00227 N00008	N00034-1 N00178-0 N00134-0 N00102-0 N00201-0
122	U00013	11/13/2025 01:39:00 PM	N00055 N00086 N00110 N00179 N00275 N00084 N00247 N00261 N00036 N00263 N00227 N00008	N00296-1 N00137-0 N00224-0 N00025-0 N00134-0
123	U00013	11/15/2025 11:08:00 AM	N00055 N00086 N00110 N00179 N00275 N00084 N00247 N00261 N00036 N00263 N00227 N00008	N00183-0 N00276-0 N00098-0 N00048-0 N00182-0
124	U00013	11/13/2025 04:26:00 AM	N00055 N00086 N00110 N00179 N00275 N00084 N00247 N00261 N00036 N00263 N00227 N00008	N00173-0 N00109-0 N00160-0 N00064-1 N00289-1 N00292-0 N00037-0 N00204-0
125	U00013	11/11/2025 11:17:00 PM	N00055 N00086 N00110 N00179 N00275 N00084 N00247 N00261 N00036 N00263 N00227 N00008	N00048-1 N00089-0 N00110-1 N00222-0 N00130-0 N00240-1 N00193-0
126	U00013	11/12/2025 04:19:00 AM	N00055 N00086 N00110 N00179 N00275 N00084 N00247 N00261 N00036 N00263 N00227 N00008	N00097-0 N00141-0 N00032-0 N00076-1 N00182-1 N00144-0
127	U00013	11/10/2025 12:37:00 PM	N00055 N00086 N00110 N00179 N00275 N00084 N00247 N00261 N00036 N00263 N00227 N00008	N00167-1 N00130-0 N00273-0 N00048-0 N00221-0 N00018-0 N00044-0
128	U00013	11/15/2025 12:04:00 PM	N00055 N00086 N00110 N00179 N00275 N00084 N00247 N00261 N00036 N00263 N00227 N00008	N00161-0 N00134-1 N00119-1 N00008-0 N00283-0 N00182-1
129	U00013	11/13/2025 06:50:00 PM	N00055 N00086 N00110 N00179 N00275 N00084 N00247 N00261 N00036 N00263 N00227 N00008	N00174-0 N00183-0 N00096-0 N00032-0 N00216-0
130	U00013	11/15/2025 08:18:00 PM	N00055 N00086 N00110 N00179 N00275 N00084 N00247 N00261 N00036 N00263 N00227 N00008	N00042-0 N00152-0 N00153-1 N00277-0 N00049-0 N00289-1
131	U00014	11/13/2025 04:45:00 AM	N00052 N00023 N00173 N00050 N00021 N00212 N00190 N00030 N00044 N00008 N00089	N00236-0 N00056-0 N00014-0 N00202-0 N00106-1 N00063-0 N00019-0 N00243-0 N00256-1
132	U00014	11/10/2025 09:07:00 PM	N00052 N00023 N00173 N00050 N00021 N00212 N00190 N00030 N00044 N00008 N00089	N00283-0 N00277-1 N00250-0 N00238-1 N00225-0
133	U00014	11/15/2025 04:10:00 PM	N00052 N00023 N00173 N00050 N00021 N00212 N00190 N00030 N00044 N00008 N00089	N00213-1 N00289-0 N00295-0 N00010-0 N00047-0 N00275-1
134	U00014	11/14/2025 01:23:00 PM	N00052 N00023 N00173 N00050 N00021 N00212 N00190 N00030 N00044 N00008 N00089	N00164-1 N00255-0 N00276-0 N00093-1 N00045-0 N00087-0
135	U00014	11/15/2025 06:47:00 AM	N00052 N00023 N00173 N00050 N00021 N00212 N00190 N00030 N00044 N00008 N00089	N00017-0 N00198-1 N00102-0 N00032-0 N00191-0 N00215-0 N00274-0 N00251-1 N00118-0
136	U00014	11/14/2025 05:47:00 PM	N00052 N00023 N00173 N00050 N00021 N00212 N00190 N00030 N00044 N00008 N00089	N00173-1 N00084-1 N00055-0 N00078-0 N00285-1 N00295-0 N00297-0
137	U00014	11/14/2025 07:46:00 AM	N00052 N00023 N00173 N00050 N00021 N00212 N00190 N00030 N00044 N00008 N00089	N00181-0 N00155-0 N00197-0 N00110-1 N00176-0
138	U00014	11/12/2025 10:47:00 PM	N00052 N00023 N00173 N00050 N00021 N00212 N00190 N00030 N00044 N00008 N00089	N00122-1 N00143-0 N00243-0 N00089-1
139	U00014	11/12/2025 08:44:00 PM	N00052 N00023 N00173 N00050 N00021 N00212 N00190 N00030 N00044 N00008 N00089	N00079-0 N00213-1 N00032-0 N00193-1 N00057-0 N00245-1 N00298-0 N00049-1
140	U00014	11/15/2025 05:52:00 PM	N00052 N00023 N00173 N00050 N00021 N00212 N00190 N00030 N00044 N00008 N00089	N00272-0 N00251-0 N00094-1 N00190-1 N00062-1 N00126-0
141	U00015	11/10/2025 03:08:00 PM	N00055 N00093 N00122 N00101 N00021	N00224-0 N00235-1 N00246-0 N00036-0 N00222-0 N00285-0 N00241-1
142	U00015	11/14/2025 09:52:00 PM	N00055 N00093 N00122 N00101 N00021	N00082-0 N00129-0 N00293-1 N00068-0 N00084-1 N00026-1 N00235-0 N00074-0 N00157-0
143	U00015	11/14/2025 08:24:00 AM	N00055 N00093 N00122 N00101 N00021	N00141-0 N00268-0 N00186-0 N00119-0 N00077-0 N00072-0 N00140-1 N00211-0
144	U00015	11/13/2025 01:52:00 AM	N00055 N00093 N00122 N00101 N00021	N00296-0 N00129-1 N00007-0 N00164-0 N00068-0 N00191-0
145	U00015	11/11/2025 11:34:00 PM	N00055 N00093 N00122 N00101 N00021	N00062-0 N00231-0 N00088-0 N00024-0 N00077-0 N00029-0
146	U00015	11/12/2025 09:01:00 AM	N00055 N00093 N00122 N00101 N00021	N00135-0 N00133-0 N00110-0 N00096-1 N00031-0
147	U00015	11/14/2025 04:20:00 AM	N00055 N00093 N00122 N00101 N00021	N00068-0 N00137-0 N00191-1 N00225-0 N00224-0 N00114-1
148	U00015	11/14/2025 06:58:00 PM	N00055 N00093 N00122 N00101 N00021	N00121-0 N00084-0 N00284-0 N00059-0 N00093-1 N00161-1 N00205-0
149	U00015	11/12/2025 04:50:00 PM	N00055 N00093 N00122 N00101 N00021	N00162-0 N00007-1 N00033-1 N00281-0
150	U00015	11/14/2025 02:41:00 AM	N00055 N00093 N00122 N00101 N00021	N00029-1 N00049-1 N00111-0 N00118-0 N00006-0 N00142-0 N00052-0
151	U00016	11/15/2025 07:59:00 AM	N00074 N00178 N00299 N00028 N00040 N00113 N00088 N00085 N00226 N00134	N00030-0 N00290-1 N00102-1 N00235-0 N00040-1 N00096-0 N00091-1 N00100-1
152	U00016	11/14/2025 05:16:00 AM	N00074 N00178 N00299 N00028 N00040 N00113 N00088 N00085 N00226 N00134	N00118-0 N00143-1 N00075-0 N00026-0 N00263-0 N00221-0 N00229-0
153	U00016	11/14/2025 03:35:00 PM	N00074 N00178 N00299 N00028 N00040 N00113 N00088 N00085 N00226 N00134	N00280-1 N00145-0 N00182-0 N00170-0 N00246-1 N00049-0 N00236-0
154	U00016	11/13/2025 02:52:00 PM	N00074 N00178 N00299 N00028 N00040 N00113 N00088 N00085 N00226 N00134	N00237-0 N00095-1 N00299-0 N00031-0 N00232-0 N00107-1 N00053-0
155	U00016	11/10/2025 05:55:00 PM	N00074 N00178 N00299 N00028 N00040 N00113 N00088 N00085 N00226 N00134	N00158-0 N00168-0 N00170-1 N00224-0 N00023-0 N00279-0 N00095-1 N00110-0
156	U00016	11/12/2025 05:17:00 PM	N00074 N00178 N00299 N00028 N00040 N00113 N00088 N00085 N00226 N00134	N00065-1 N00090-1 N00194-0 N00261-0 N00102-0
157	U00016	11/12/2025 09:32:00 AM	N00074 N00178 N00299 N00028 N00040 N00113 N00088 N00085 N00226 N00134	N00226-0 N00240-0 N00082-1 N00102-1
158	U00016	11/10/2025 07:45:00 PM	N00074 N00178 N00299 N00028 N00040 N00113 N00088 N00085 N00226 N00134	N00143-1 N00018-0 N00076-0 N00237-0 N00297-1 N00208-0
159	U00016	11/16/2025 06:05:00 AM	N00074 N00178 N00299 N00028 N00040 N00113 N00088 N00085 N00226 N00134	N00158-1 N00074-0 N00132-0 N00137-0 N00028-1
160	U00016	11/12/2025 04:11:00 AM	N00074 N00178 N00299 N00028 N00040 N00113 N00088 N00085 N00226 N00134	N00167-0 N00090-0 N00095-0 N00251-0 N00299-1 N00102-1
161	U00017	11/12/2025 04:16:00 PM	N00171 N00129 N00138 N00207 N00216 N00196 N00079 N00042 N00043 N00253 N00204 N00168	N00094-0 N00059-1 N00235-0 N00237-0 N00131-0 N00117-0 N00156-0 N00024-0
162	U00017	11/16/2025 01:40:00 AM	N00171 N00129 N00138 N00207 N00216 N00196 N00079 N00042 N00043 N00253 N00204 N00168	N00219-0 N00111-0 N00072-0 N00121-1 N00216-1 N00262-0 N00051-1
163	U00017	11/12/2025 07:16:00 PM	N00171 N00129 N00138 N00207 N00216 N00196 N00079 N00042 N00043 N00253 N00204 N00168	N00226-0 N00227-0 N00041-0 N00039-1 N00251-0 N00245-0 N00025-0 N00092-0
164	U00017	11/13/2025 12:20:00 PM	N00171 N00129 N00138 N00207 N00216 N00196 N00079 N00042 N00043 N00253 N00204 N00168	N00045-0 N00248-0 N00063-0 N00249-1 N00122-0 N00250-1 N00071-0
165	U00017	11/15/2025 09:25:00 PM	N00171 N00129 N00138 N00207 N00216 N00196 N00079 N00042 N00043 N00253 N00204 N00168	N00008-0 N00210-0 N00013-0 N00283-1 N00001-1 N00081-0 N00147-0 N00294-0
166	U00017	11/10/2025 05:18:00 PM	N00171 N00129 N00138 N00207 N00216 N00196 N00079 N00042 N00043 N00253 N00204 N00168	N00142-0 N00109-1 N00192-0 N00075-0 N00005-0 N00135-0 N00196-1
167	U00017	11/15/2025 04:49:00 PM	N00171 N00129 N00138 N00207 N00216 N00196 N00079 N00042 N00043 N00253 N00204 N00168	N00261-0 N00181-1 N00025-0 N00079-1 N00014-0 N00129-1
168	U00017	11/14/2025 05:06:00 AM	N00171 N00129 N00138 N00207 N00216 N00196 N00079 N00042 N00043 N00253 N00204 N00168	N00289-0 N00200-0 N00164-0 N00109-1 N00040-0 N00146-1 N00203-1 N00138-0
169	U00017	11/15/2025 11:21:00 PM	N00171 N00129 N00138 N00207 N00216 N00196 N00079 N00042 N00043 N00253 N00204 N00168	N00186-0 N00034-1 N00003-0 N00046-0
170	U00017	11/15/2025 03:29:00 PM	N00171 N00129 N00138 N00207 N00216 N00196 N00079 N00042 N00043 N00253 N00204 N00168	N00025-1 N00039-0 N00019-1 N00070-0 N00073-0 N00110-0 N00143-0
171	U00018	11/14/2025 04:56:00 AM	N00179 N00235 N00076 N00252 N00240 N00132 N00086 N00280 N00016 N00258 N00220 N00035 N00294	N00284-0 N00025-0 N00098-0 N00221-1
172	U00018	11/14/2025 08:49:00 PM	N00179 N00235 N00076 N00252 N00240 N00132 N00086 N00280 N00016 N00258 N00220 N00035 N00294	N00098-1 N00193-0 N00235-1 N00191-0 N00205-1
173	U00018	11/16/2025 02:46:00 AM	N00179 N00235 N00076 N00252 N00240 N00132 N00086 N00280 N00016 N00258 N00220 N00035 N00294	N00192-1 N00071-0 N00276-0 N00038-0 N00240-1 N00243-0 N00220-1
174	U00018	11/13/2025 11:55:00 PM	N00179 N00235 N00076 N00252 N00240 N00132 N00086 N00280 N00016 N00258 N00220 N00035 N00294	N00093-0 N00261-0 N00046-1 N00125-0
175	U00018	11/10/2025 10:28:00 PM	N00179 N00235 N00076 N00252 N00240 N00132 N00086 N00280 N00016 N00258 N00220 N00035 N00294	N00014-0 N00006-0 N00259-0 N00197-0 N00044-0 N00076-0 N00206-0 N00291-0 N00049-1
176	U00018	11/15/2025 03:30:00 AM	N00179 N00235 N00076 N00252 N00240 N00132 N00086 N00280 N00016 N00258 N00220 N00035 N00294	N00014-1 N00225-1 N00081-1 N00299-0 N00087-0 N00001-1 N00086-0 N00260-1
177	U00018	11/13/2025 02:29:00 PM	N00179 N00235 N00076 N00252 N00240 N00132 N00086 N00280 N00016 N00258 N00220 N00035 N00294	N00165-0 N00267-1 N00261-0 N00020-0 N00083-1 N00250-0
178	U00018	11/14/2025 01:44:00 PM	N00179 N00235 N00076 N00252 N00240 N00132 N00086 N00280 N00016 N00258 N00220 N00035 N00294	N00098-1 N00235-0 N00238-0 N00236-0 N00258-1 N00260-0 N00083-0
179	U00018	11/16/2025 12:19:00 AM	N00179 N00235 N00076 N00252 N00240 N00132 N00086 N00280 N00016 N00258 N00220 N00035 N00294	N00225-0 N00172-0 N00080-0 N00245-0 N00248-0 N00089-0 N00078-0 N00085-0
180	U00018	11/14/2025 05:56:00 PM	N00179 N00235 N00076 N00252 N00240 N00132 N00086 N00280 N00016 N00258 N00220 N00035 N00294	N00027-0 N00083-1 N00150-0 N00054-0 N00071-0
181	U00019	11/15/2025 05:47:00 AM	N00236 N00080 N00013 N00255 N00276 N00011 N00079	N00093-0 N00278-0 N00171-1 N00283-0 N00234-1 N00200-0 N00105-0
182	U00019	11/13/2025 03:58:00 PM	N00236 N00080 N00013 N00255 N00276 N00011 N00079	N00290-0 N00080-1 N00076-0 N00077-0 N00236-0 N00127-1 N00229-1 N00238-0
183	U00019	11/11/2025 09:09:00 AM	N00236 N00080 N00013 N00255 N00276 N00011 N00079	N00113-0 N00162-0 N00250-1 N00139-0 N00263-0
184	U00019	11/15/2025 01:25:00 AM	N00236 N00080 N00013 N00255 N00276 N00011 N00079	N00111-1 N00160-1 N00263-0 N00132-0 N00143-0 N00157-1
185	U00019	11/11/2025 05:56:00 AM	N00236 N00080 N00013 N00255 N00276 N00011 N00079	N00283-0 N00082-1 N00260-1 N00015-0 N00098-1 N00106-0 N00213-0 N00290-1
186	U00019	11/10/2025 02:42:00 PM	N00236 N00080 N00013 N00255 N00276 N00011 N00079	N00286-0 N00279-1 N00083-1 N00298-1 N00196-1 N00079-1 N00212-0
187	U00019	11/12/2025 09:24:00 PM	N00236 N00080 N00013 N00255 N00276 N00011 N00079	N00004-0 N00151-0 N00006-1 N00005-0 N00266-0 N00049-0 N00210-0 N00242-1
188	U00019	11/15/2025 08:30:00 AM	N00236 N00080 N00013 N00255 N00276 N00011 N00079	N00109-0 N00111-1 N00214-0 N00153-1 N00234-1
189	U00019	11/15/2025 03:25:00 AM	N00236 N00080 N00013 N00255 N00276 N00011 N00079	N00290-0 N00234-0 N00231-1 N00136-0 N00229-0 N00152-0
190	U00019	11/14/2025 10:41:00 PM	N00236 N00080 N00013 N00255 N00276 N00011 N00079	N00211-1 N00043-0 N00186-1 N00177-0 N00038-0 N00077-0
191	U00020	11/12/2025 09:10:00 PM	N00161 N00185 N00202 N00220 N00136 N00111 N00104 N00247 N00296	N00253-0 N00277-1 N00155-1 N00288-0 N00087-0 N00281-1
192	U00020	11/14/2025 10:53:00 AM	N00161 N00185 N00202 N00220 N00136 N00111 N00104 N00247 N00296	N00135-0 N00286-0 N00175-0 N00246-0 N00077-1 N00030-0
193	U00020	11/14/2025 11:41:00 PM	N00161 N00185 N00202 N00220 N00136 N00111 N00104 N00247 N00296	N00050-0 N00231-0 N00147-0 N00271-0 N00115-0 N00286-1
194	U00020	11/14/2025 12:28:00 PM	N00161 N00185 N00202 N00220 N00136 N00111 N00104 N00247 N00296	N00185-0 N00286-0 N00104-1 N00054-0 N00287-0
195	U00020	11/14/2025 07:24:00 PM	N00161 N00185 N00202 N00220 N00136 N00111 N00104 N00247 N00296	N00036-1 N00218-0 N00040-0 N00182-1 N00208-0 N00250-0 N00108-0 N00278-0
196	U00020	11/12/2025 11:50:00 PM	N00161 N00185 N00202 N00220 N00136 N00111 N00104 N00247 N00296	N00099-1 N00063-0 N00090-0 N00008-1 N00053-1
197	U00020	11/13/2025 07:07:00 AM	N00161 N00185 N00202 N00220 N00136 N00111 N00104 N00247 N00296	N00062-0 N00140-1 N00095-1 N00009-0 N00163-0 N00254-0 N00137-0 N00035-0
198	U00020	11/16/2025 07:42:00 AM	N00161 N00185 N00202 N00220 N00136 N00111 N00104 N00247 N00296	N00149-0 N00145-0 N00188-1 N00191-0 N00014-1
199	U00020	11/16/2025 05:21:00 AM	N00161 N00185 N00202 N00220 N00136 N00111 N00104 N00247 N00296	N00041-0 N00048-0 N00258-1 N00257-0 N00151-0
200	U00020	11/15/2025 12:48:00 AM	N00161 N00185 N00202 N00220 N00136 N00111 N00104 N00247 N00296	N00237-0 N00185-1 N00048-1 N00035-1
201	U00021	11/13/2025 03:58:00 PM	N00293 N00268 N00173 N00277 N00296 N00256 N00164 N00070 N00019 N00122 N00210	N00140-1 N00097-0 N00151-0 N00075-0 N00174-1 N00002-0
202	U00021	11/14/2025 04:16:00 PM	N00293 N00268 N00173 N00277 N00296 N00256 N00164 N00070 N00019 N00122 N00210	N00161-0 N00145-0 N00288-0 N00217-1 N00258-0 N00185-1 N00279-1 N00080-0 N00152-0
203	U00021	11/10/2025 02:32:00 PM	N00293 N00268 N00173 N00277 N00296 N00256 N00164 N00070 N00019 N00122 N00210	N00256-0 N00185-1 N00065-0 N00270-0 N00148-1 N00022-1 N00259-0
204	U00021	11/14/2025 03:41:00 AM	N00293 N00268 N00173 N00277 N00296 N00256 N00164 N00070 N00019 N00122 N00210	N00174-0 N00003-0 N00263-0 N00044-0 N00243-0 N00183-0 N00162-0 N00150-0
205	U00021	11/10/2025 04:49:00 PM	N00293 N00268 N00173 N00277 N00296 N00256 N00164 N00070 N00019 N00122 N00210	N00224-0 N00008-0 N00014-0 N00079-0 N00225-0 N00004-0 N00194-0
206	U00021	11/13/2025 08:36:00 PM	N00293 N00268 N00173 N00277 N00296 N00256 N00164 N00070 N00019 N00122 N00210	N00042-0 N00016-0 N00150-0 N00031-0 N00187-0 N00209-0
207	U00021	11/11/2025 06:49:00 PM	N00293 N00268 N00173 N00277 N00296 N00256 N00164 N00070 N00019 N00122 N00210	N00173-1 N00242-1 N00098-0 N00072-1 N00026-1 N00138-0 N00028-0 N00045-0
208	U00021	11/11/2025 11:20:00 PM	N00293 N00268 N00173 N00277 N00296 N00256 N00164 N00070 N00019 N00122 N00210	N00075-0 N00164-1 N00154-1 N00258-0 N00213-0 N00286-0
209	U00021	11/10/2025 11:58:00 AM	N00293 N00268 N00173 N00277 N00296 N00256 N00164 N00070 N00019 N00122 N00210	N00135-0 N00185-0 N00015-1 N00179-0 N00203-0 N00291-0 N00013-0
210	U00021	11/14/2025 01:02:00 AM	N00293 N00268 N00173 N00277 N00296 N00256 N00164 N00070 N00019 N00122 N00210	N00150-1 N00047-0 N00053-1 N00235-1 N00194-0 N00008-1 N00169-0 N00267-0
211	U00022	11/14/2025 12:36:00 PM	N00137 N00295 N00221 N00261 N00252 N00247 N00280 N00183 N00014 N00132	N00217-0 N00081-1 N00179-1 N00092-1 N00227-0 N00294-0 N00169-0
212	U00022	11/12/2025 11:19:00 PM	N00137 N00295 N00221 N00261 N00252 N00247 N00280 N00183 N00014 N00132	N00062-0 N00271-1 N00025-0 N00220-0 N00081-0
213	U00022	11/12/2025 07:01:00 PM	N00137 N00295 N00221 N00261 N00252 N00247 N00280 N00183 N00014 N00132	N00241-1 N00149-1 N00075-0 N00195-1 N00228-1
214	U00022	11/14/2025 05:29:00 PM	N00137 N00295 N00221 N00261 N00252 N00247 N00280 N00183 N00014 N00132	N00296-1 N00173-1 N00249-0 N00239-0 N00119-0 N00240-1 N00166-0
215	U00022	11/13/2025 07:37:00 AM	N00137 N00295 N00221 N00261 N00252 N00247 N00280 N00183 N00014 N00132	N00132-1 N00092-1 N00285-0 N00047-0 N00290-1 N00262-0 N00097-1 N00024-0 N00119-0
216	U00022	11/12/2025 03:15:00 PM	N00137 N00295 N00221 N00261 N00252 N00247 N00280 N00183 N00014 N00132	N00008-1 N00172-1 N00262-0 N00065-0 N00072-0 N00098-1 N00012-0 N00011-0
217	U00022	11/14/2025 12:40:00 AM	N00137 N00295 N00221 N00261 N00252 N00247 N00280 N00183 N00014 N00132	N00176-0 N00033-0 N00151-1 N00241-0 N00142-0 N00035-1 N00084-1 N00120-0
218	U00022	11/13/2025 03:14:00 AM	N00137 N00295 N00221 N00261 N00252 N00247 N00280 N00183 N00014 N00132	N00219-1 N00096-0 N00133-1 N00158-0 N00170-0 N00290-0
219	U00022	11/12/2025 05:41:00 PM	N00137 N00295 N00221 N00261 N00252 N00247 N00280 N00183 N00014 N00132	N00042-1 N00133-1 N00290-1 N00115-1 N00061-1 N00132-1 N00050-0 N00251-0
220	U00022	11/11/2025 10:09:00 AM	N00137 N00295 N00221 N00261 N00252 N00247 N00280 N00183 N00014 N00132	N00240-1 N00197-0 N00121-0 N00184-1 N00166-0 N00145-1 N00144-0
221	U00023	11/14/2025 07:49:00 AM	N00091 N00158 N00188 N00020 N00085	N00195-0 N00189-0 N00158-0 N00101-0 N00214-1
222	U00023	11/10/2025 03:40:00 PM	N00091 N00158 N00188 N00020 N00085	N00097-1 N00006-0 N00149-0 N00074-1 N00072-0 N00236-0 N00004-1
223	U00023	11/13/2025 04:09:00 AM	N00091 N00158 N00188 N00020 N00085	N00107-1 N00207-1 N00090-0 N00065-1 N00224-1 N00259-0
224	U00023	11/15/2025 11:12:00 PM	N00091 N00158 N00188 N00020 N00085	N00266-1 N00043-0 N00103-0 N00107-0 N00208-0 N00134-0 N00167-0
225	U00023	11/14/2025 03:20:00 PM	N00091 N00158 N00188 N00020 N00085	N00266-1 N00246-1 N00158-1 N00096-0 N00085-1 N00293-0
226	U00023	11/11/2025 11:31:00 AM	N00091 N00158 N00188 N00020 N00085	N00289-0 N00282-0 N00020-1 N00232-0
227	U00023	11/15/2025 11:59:00 PM	N00091 N00158 N00188 N00020 N00085	N00143-1 N00035-0 N00220-0 N00024-1 N00247-0 N00028-0 N00162-0
228	U00023	11/15/2025 07:35:00 AM	N00091 N00158 N00188 N00020 N00085	N00282-1 N00253-0 N00208-1 N00062-0 N00134-0
229	U00023	11/13/2025 01:20:00 AM	N00091 N00158 N00188 N00020 N00085	N00299-1 N00225-0 N00107-1 N00132-0 N00178-1 N00155-0 N00148-1 N00216-0
230	U00023	11/15/2025 04:58:00 PM	N00091 N00158 N00188 N00020 N00085	N00040-1 N00161-0 N00134-0 N00083-0 N00020-0 N00098-0 N00208-1
231	U00024	11/12/2025 07:41:00 AM	N00102 N00020 N00282 N00158 N00038 N00028 N00113 N00134 N00188 N00170 N00088 N00214 N00246	N00102-1 N00158-0 N00246-0 N00028-0 N00193-0 N00025-0
232	U00024	11/10/2025 03:27:00 PM	N00102 N00020 N00282 N00158 N00038 N00028 N00113 N00134 N00188 N00170 N00088 N00214 N00246	N00113-0 N00030-0 N00067-0 N00160-1 N00238-0 N00280-0 N00051-0 N00065-1
233	U00024	11/13/2025 06:43:00 PM	N00102 N00020 N00282 N00158 N00038 N00028 N00113 N00134 N00188 N00170 N00088 N00214 N00246	N00209-0 N00143-0 N00170-0 N00048-1 N00120-0 N00178-1
234	U00024	11/11/2025 02:43:00 PM	N00102 N00020 N00282 N00158 N00038 N00028 N00113 N00134 N00188 N00170 N00088 N00214 N00246	N00149-0 N00092-0 N00048-0 N00175-0 N00028-1 N00038-0
235	U00024	11/14/2025 11:39:00 PM	N00102 N00020 N00282 N00158 N00038 N00028 N00113 N00134 N00188 N00170 N00088 N00214 N00246	N00246-0 N00026-1 N00109-0 N00155-0 N00158-0 N00288-0 N00009-0
236	U00024	11/10/2025 05:55:00 PM	N00102 N00020 N00282 N00158 N00038 N00028 N00113 N00134 N00188 N00170 N00088 N00214 N00246	N00226-1 N00158-1 N00040-1 N00054-0 N00090-1 N00286-0 N00191-0 N00118-0 N00124-0
237	U00024	11/11/2025 04:16:00 AM	N00102 N00020 N00282 N00158 N00038 N00028 N00113 N00134 N00188 N00170 N00088 N00214 N00246	N00090-1 N00204-0 N00274-0 N00097-0 N00094-0
238	U00024	11/14/2025 12:27:00 PM	N00102 N00020 N00282 N00158 N00038 N00028 N00113 N00134 N00188 N00170 N00088 N00214 N00246	N00065-0 N00188-0 N00128-1 N00266-1 N00083-0 N00187-0 N00126-0
239	U00024	11/12/2025 07:01:00 AM	N00102 N00020 N00282 N00158 N00038 N00028 N00113 N00134 N00188 N00170 N00088 N00214 N00246	N00102-0 N00063-0 N00167-1 N00080-0 N00119-0 N00094-1 N00170-0 N00188-1
240	U00024	11/15/2025 07:11:00 PM	N00102 N00020 N00282 N00158 N00038 N00028 N00113 N00134 N00188 N00170 N00088 N00214 N00246	N00243-0 N00074-0 N00214-0 N00010-0 N00019-0 N00065-1 N00121-0 N00139-0
241	U00025	11/15/2025 01:25:00 AM	N00158 N00107 N00165 N00266 N00246 N00020 N00040 N00188 N00090 N00170 N00224 N00009 N00048	N00274-1 N00120-0 N00158-0 N00246-0 N00177-0 N00028-1
242	U00025	11/15/2025 10:05:00 PM	N00158 N00107 N00165 N00266 N00246 N00020 N00040 N00188 N00090 N00170 N00224 N00009 N00048	N00245-0 N00288-0 N00235-0 N00075-1 N00065-1 N00266-0
243	U00025	11/15/2025 01:45:00 PM	N00158 N00107 N00165 N00266 N00246 N00020 N00040 N00188 N00090 N00170 N00224 N00009 N00048	N00038-1 N00188-1 N00143-1 N00048-0 N00052-0 N00230-0
244	U00025	11/11/2025 01:49:00 PM	N00158 N00107 N00165 N00266 N00246 N00020 N00040 N00188 N00090 N00170 N00224 N00009 N00048	N00100-1 N00115-0 N00188-1 N00170-0 N00071-0 N00102-1
245	U00025	11/12/2025 02:42:00 AM	N00158 N00107 N00165 N00266 N00246 N00020 N00040 N00188 N00090 N00170 N00224 N00009 N00048	N00129-0 N00150-0 N00005-0 N00169-0 N00030-1 N00170-1 N00188-1 N00038-0
246	U00025	11/15/2025 05:44:00 AM	N00158 N00107 N00165 N00266 N00246 N00020 N00040 N00188 N00090 N00170 N00224 N00009 N00048	N00288-1 N00056-0 N00195-0 N00182-0 N00208-1 N00020-1 N00143-0
247	U00025	11/14/2025 09:06:00 AM	N00158 N00107 N00165 N00266 N00246 N00020 N00040 N00188 N00090 N00170 N00224 N00009 N00048	N00178-1 N00299-0 N00214-1 N00100-1 N00157-0 N00192-0
248	U00025	11/11/2025 08:07:00 AM	N00158 N00107 N00165 N00266 N00246 N00020 N00040 N00188 N00090 N00170 N00224 N00009 N00048	N00210-0 N00245-0 N00247-1 N00048-1 N00088-1 N00200-0 N00027-1
249	U00025	11/12/2025 06:25:00 PM	N00158 N00107 N00165 N00266 N00246 N00020 N00040 N00188 N00090 N00170 N00224 N00009 N00048	N00113-0 N00279-0 N00075-1 N00214-0 N00085-1 N00022-0
250	U00025	11/14/2025 05:36:00 PM	N00158 N00107 N00165 N00266 N00246 N00020 N00040 N00188 N00090 N00170 N00224 N00009 N00048	N00266-0 N00212-0 N00093-0 N00088-0 N00009-0 N00274-0 N00041-0 N00199-1
251	U00026	11/12/2025 12:19:00 AM	N00049 N00153 N00252 N00014 N00201	N00013-0 N00078-0 N00277-1 N00252-1
252	U00026	11/14/2025 07:55:00 AM	N00049 N00153 N00252 N00014 N00201	N00218-1 N00268-0 N00106-0 N00039-0 N00048-1 N00275-1 N00207-1 N00265-1
253	U00026	11/16/2025 07:19:00 AM	N00049 N00153 N00252 N00014 N00201	N00078-0 N00173-1 N00137-1 N00114-0 N00074-0 N00125-1
254	U00026	11/14/2025 07:35:00 PM	N00049 N00153 N00252 N00014 N00201	N00065-1 N00223-1 N00113-0 N00095-1 N00226-0 N00294-1 N00106-1
255	U00026	11/16/2025 03:57:00 AM	N00049 N00153 N00252 N00014 N00201	N00202-1 N00281-0 N00299-0 N00233-1 N00161-0 N00211-1 N00075-0 N00266-0 N00244-1
256	U00026	11/12/2025 06:58:00 AM	N00049 N00153 N00252 N00014 N00201	N00042-0 N00277-1 N00011-0 N00016-1 N00218-0 N00189-1 N00046-1 N00026-0
257	U00026	11/14/2025 09:15:00 PM	N00049 N00153 N00252 N00014 N00201	N00089-1 N00035-1 N00112-0 N00258-1 N00026-0 N00130-0 N00080-0
258	U00026	11/15/2025 03:29:00 AM	N00049 N00153 N00252 N00014 N00201	N00160-0 N00124-0 N00202-1 N00008-1 N00028-1
259	U00026	11/15/2025 04:51:00 AM	N00049 N00153 N00252 N00014 N00201	N00111-0 N00178-0 N00185-0 N00115-0 N00211-0
260	U00026	11/14/2025 06:58:00 AM	N00049 N00153 N00252 N00014 N00201	N00203-0 N00160-0 N00136-1 N00161-0 N00018-0
261	U00027	11/14/2025 01:13:00 AM	N00009 N00091 N00178 N00165 N00107 N00158 N00274 N00246	N00274-0 N00216-1 N00214-0 N00230-0 N00248-0 N00085-1 N00065-1
262	U00027	11/13/2025 10:57:00 PM	N00009 N00091 N00178 N00165 N00107 N00158 N00274 N00246	N00139-1 N00230-1 N00118-0 N00226-1 N00208-0 N00178-0 N00265-0 N00075-0 N00212-0
263	U00027	11/12/2025 10:33:00 PM	N00009 N00091 N00178 N00165 N00107 N00158 N00274 N00246	N00047-0 N00189-0 N00214-1 N00091-0
264	U00027	11/13/2025 07:51:00 PM	N00009 N00091 N00178 N00165 N00107 N00158 N00274 N00246	N00184-0 N00037-0 N00299-1 N00074-1 N00279-0 N00020-0 N00159-0
265	U00027	11/12/2025 03:17:00 AM	N00009 N00091 N00178 N00165 N00107 N00158 N00274 N00246	N00094-0 N00004-0 N00111-0 N00263-0 N00299-1 N00048-0 N00221-0
266	U00027	11/13/2025 09:49:00 PM	N00009 N00091 N00178 N00165 N00107 N00158 N00274 N00246	N00033-0 N00088-1 N00206-0 N00074-0 N00161-0 N00188-0
267	U00027	11/13/2025 11:16:00 PM	N00009 N00091 N00178 N00165 N00107 N00158 N00274 N00246	N00004-1 N00100-1 N00058-0 N00229-0 N00264-0 N00025-0 N00191-0
268	U00027	11/16/2025 05:37:00 AM	N00009 N00091 N00178 N00165 N00107 N00158 N00274 N00246	N00008-0 N00107-0 N00007-0 N00042-1 N00075-0 N00006-1
269	U00027	11/15/2025 05:57:00 AM	N00009 N00091 N00178 N00165 N00107 N00158 N00274 N00246	N00225-0 N00079-0 N00048-0 N00038-0
270	U00027	11/12/2025 09:44:00 PM	N00009 N00091 N00178 N00165 N00107 N00158 N00274 N00246	N00229-0 N00037-0 N00200-0 N00097-0 N00074-1 N00232-0 N00031-1 N00095-0
271	U00028	11/16/2025 04:00:00 AM	N00095 N00040 N00020 N00031 N00274 N00299 N00188 N00009 N00226 N00091 N00266	N00198-0 N00290-0 N00002-0 N00067-0 N00097-0 N00281-0 N00234-0
272	U00028	11/13/2025 09:40:00 AM	N00095 N00040 N00020 N00031 N00274 N00299 N00188 N00009 N00226 N00091 N00266	N00038-0 N00143-0 N00113-1 N00271-0 N00266-1 N00176-0
273	U00028	11/13/2025 10:56:00 AM	N00095 N00040 N00020 N00031 N00274 N00299 N00188 N00009 N00226 N00091 N00266	N00147-0 N00009-1 N00065-0 N00289-0 N00020-0 N00233-0 N00085-1 N00186-0 N00039-0
274	U00028	11/10/2025 09:47:00 AM	N00095 N00040 N00020 N00031 N00274 N00299 N00188 N00009 N00226 N00091 N00266	N00079-0 N00149-0 N00214-0 N00110-0 N00027-0 N00009-0 N00010-0
275	U00028	11/11/2025 09:21:00 PM	N00095 N00040 N00020 N00031 N00274 N00299 N00188 N00009 N00226 N00091 N00266	N00110-0 N00083-0 N00132-0 N00266-1 N00027-1 N00282-0 N00107-0 N00048-0 N00194-1
276	U00028	11/13/2025 10:00:00 AM	N00095 N00040 N00020 N00031 N00274 N00299 N00188 N00009 N00226 N00091 N00266	N00173-0 N00248-0 N00038-0 N00280-0 N00288-1
277	U00028	11/12/2025 06:31:00 AM	N00095 N00040 N00020 N00031 N00274 N00299 N00188 N00009 N00226 N00091 N00266	N00004-0 N00134-0 N00170-1 N00121-0 N00145-0 N00102-1
278	U00028	11/10/2025 02:07:00 PM	N00095 N00040 N00020 N00031 N00274 N00299 N00188 N00009 N00226 N00091 N00266	N00224-1 N00173-0 N00218-0 N00033-0 N00101-0 N00026-0 N00075-1
279	U00028	11/12/2025 07:28:00 AM	N00095 N00040 N00020 N00031 N00274 N00299 N00188 N00009 N00226 N00091 N00266	N00066-0 N00107-1 N00170-0 N00140-0 N00085-0 N00059-0 N00196-0 N00090-1
280	U00028	11/15/2025 02:40:00 PM	N00095 N00040 N00020 N00031 N00274 N00299 N00188 N00009 N00226 N00091 N00266	N00065-1 N00113-1 N00082-1 N00036-0 N00171-0 N00019-0 N00085-0
281	U00029	11/13/2025 10:17:00 PM	N00016 N00104 N00077 N00190 N00173	N00094-1 N00120-0 N00218-0 N00277-1 N00085-0 N00198-1 N00160-0
282	U00029	11/10/2025 10:31:00 PM	N00016 N00104 N00077 N00190 N00173	N00294-1 N00004-0 N00149-0 N00266-1
283	U00029	11/15/2025 05:10:00 PM	N00016 N00104 N00077 N00190 N00173	N00289-1 N00168-0 N00170-0 N00164-1 N00026-0 N00058-0 N00270-0 N00172-0 N00295-0
284	U00029	11/15/2025 10:39:00 AM	N00016 N00104 N00077 N00190 N00173	N00043-0 N00103-1 N00227-0 N00279-1 N00022-0
285	U00029	11/11/2025 12:21:00 PM	N00016 N00104 N00077 N00190 N00173	N00287-0 N00221-0 N00282-0 N00072-1
286	U00029	11/10/2025 10:23:00 AM	N00016 N00104 N00077 N00190 N00173	N00271-1 N00089-1 N00201-1 N00077-0 N00110-1 N00257-1 N00048-0 N00175-1
287	U00029	11/11/2025 02:33:00 PM	N00016 N00104 N00077 N00190 N00173	N00017-1 N00230-1 N00177-0 N00054-0 N00140-0 N00235-0
288	U00029	11/14/2025 02:21:00 AM	N00016 N00104 N00077 N00190 N00173	N00163-0 N00077-0 N00256-0 N00206-1 N00225-1 N00173-1 N00169-0 N00200-0
289	U00029	11/16/2025 01:18:00 AM	N00016 N00104 N00077 N00190 N00173	N00253-0 N00065-0 N00063-0 N00261-1 N00248-0
290	U00029	11/15/2025 06:22:00 PM	N00016 N00104 N00077 N00190 N00173	N00065-0 N00140-1 N00048-0 N00113-0 N00201-0 N00049-0
291	U00030	11/11/2025 07:30:00 AM	N00211 N00236 N00120 N00186 N00116 N00267 N00114 N00228 N00010 N00253 N00199	N00189-1 N00048-0 N00015-0 N00087-0 N00115-0
292	U00030	11/12/2025 02:01:00 PM	N00211 N00236 N00120 N00186 N00116 N00267 N00114 N00228 N00010 N00253 N00199	N00201-0 N00186-0 N00192-0 N00189-1 N00076-1 N00153-0 N00034-0
293	U00030	11/14/2025 01:05:00 AM	N00211 N00236 N00120 N00186 N00116 N00267 N00114 N00228 N00010 N00253 N00199	N00065-0 N00174-0 N00165-0 N00229-1 N00292-0 N00107-0 N00293-0
294	U00030	11/10/2025 09:40:00 PM	N00211 N00236 N00120 N00186 N00116 N00267 N00114 N00228 N00010 N00253 N00199	N00056-0 N00074-0 N00105-1 N00123-0 N00282-0 N00223-0 N00039-0 N00081-0
295	U00030	11/11/2025 04:42:00 AM	N00211 N00236 N00120 N00186 N00116 N00267 N00114 N00228 N00010 N00253 N00199	N00049-0 N00045-0 N00016-0 N00257-0 N00199-1 N00095-0 N00123-0 N00103-0
296	U00030	11/12/2025 02:03:00 AM	N00211 N00236 N00120 N00186 N00116 N00267 N00114 N00228 N00010 N00253 N00199	N00039-1 N00199-1 N00065-0 N00142-0 N00023-0 N00055-0
297	U00030	11/11/2025 03:48:00 AM	N00211 N00236 N00120 N00186 N00116 N00267 N00114 N00228 N00010 N00253 N00199	N00113-0 N00281-1 N00102-0 N00242-1 N00274-0 N00278-0
298	U00030	11/11/2025 11:13:00 AM	N00211 N00236 N00120 N00186 N00116 N00267 N00114 N00228 N00010 N00253 N00199	N00244-0 N00220-0 N00131-1 N00286-1 N00275-0
299	U00030	11/15/2025 07:08:00 PM	N00211 N00236 N00120 N00186 N00116 N00267 N00114 N00228 N00010 N00253 N00199	N00216-1 N00123-0 N00016-0 N00297-0 N00088-0 N00049-1 N00209-1
300	U00030	11/13/2025 09:12:00 AM	N00211 N00236 N00120 N00186 N00116 N00267 N00114 N00228 N00010 N00253 N00199	N00201-0 N00232-1 N00181-1 N00260-1
301	U00031	11/15/2025 07:01:00 PM	N00299 N00088 N00288 N00085 N00075	N00211-1 N00097-0 N00209-1 N00288-1 N00103-0
302	U00031	11/12/2025 01:57:00 PM	N00299 N00088 N00288 N00085 N00075	N00219-0 N00226-1 N00117-0 N00088-0 N00040-1 N00214-1
303	U00031	11/14/2025 12:31:00 PM	N00299 N00088 N00288 N00085 N00075	N00274-1 N00020-1 N00070-0 N00231-0 N00291-0 N00197-0 N00038-0
304	U00031	11/15/2025 07:11:00 PM	N00299 N00088 N00288 N00085 N00075	N00165-1 N00236-0 N00259-0 N00040-0 N00072-0 N00087-0 N00052-0
305	U00031	11/15/2025 11:17:00 PM	N00299 N00088 N00288 N00085 N00075	N00241-0 N00286-0 N00134-1 N00299-1 N00214-1 N00169-0 N00165-0 N00092-0
306	U00031	11/15/2025 06:09:00 PM	N00299 N00088 N00288 N00085 N00075	N00031-1 N00126-0 N00246-1 N00275-1 N00224-0
307	U00031	11/13/2025 11:24:00 AM	N00299 N00088 N00288 N00085 N00075	N00208-0 N00184-0 N00158-1 N00019-0 N00022-0 N00188-0 N00112-0
308	U00031	11/14/2025 01:54:00 AM	N00299 N00088 N00288 N00085 N00075	N00165-1 N00227-0 N00095-1 N00292-0
309	U00031	11/16/2025 02:01:00 AM	N00299 N00088 N00288 N00085 N00075	N00244-0 N00034-1 N00213-0 N00158-1 N00178-1 N00210-0 N00040-1 N00134-1
310	U00031	11/13/2025 04:01:00 PM	N00299 N00088 N00288 N00085 N00075	N00288-1 N00059-0 N00289-0 N00009-0 N00107-0 N00233-0 N00060-0 N00195-0 N00158-1
311	U00032	11/12/2025 04:04:00 PM	N00164 N00256 N00076 N00225 N00136 N00081 N00140	N00297-0 N00117-0 N00030-0 N00241-0 N00199-0 N00289-1 N00137-1 N00255-0 N00118-0
312	U00032	11/13/2025 04:59:00 PM	N00164 N00256 N00076 N00225 N00136 N00081 N00140	N00104-0 N00208-0 N00235-0 N00054-0 N00184-0 N00142-0 N00078-1 N00172-0 N00060-1
313	U00032	11/11/2025 11:09:00 AM	N00164 N00256 N00076 N00225 N00136 N00081 N00140	N00155-1 N00294-0 N00121-0 N00184-0
314	U00032	11/10/2025 04:50:00 PM	N00164 N00256 N00076 N00225 N00136 N00081 N00140	N00193-0 N00036-0 N00023-0 N00009-0 N00227-0 N00174-0
315	U00032	11/11/2025 11:36:00 AM	N00164 N00256 N00076 N00225 N00136 N00081 N00140	N00097-0 N00209-0 N00136-0 N00192-0 N00071-0 N00275-0
316	U00032	11/13/2025 02:09:00 PM	N00164 N00256 N00076 N00225 N00136 N00081 N00140	N00162-0 N00171-1 N00183-1 N00145-1 N00100-0
317	U00032	11/12/2025 12:23:00 PM	N00164 N00256 N00076 N00225 N00136 N00081 N00140	N00288-0 N00012-0 N00238-0 N00174-0 N00024-1 N00202-0 N00262-0
318	U00032	11/13/2025 08:58:00 AM	N00164 N00256 N00076 N00225 N00136 N00081 N00140	N00117-0 N00076-0 N00201-0 N00062-0 N00261-1 N00080-0 N00092-0
319	U00032	11/10/2025 01:44:00 PM	N00164 N00256 N00076 N00225 N00136 N00081 N00140	N00295-0 N00244-0 N00215-1 N00285-0 N00149-0
320	U00032	11/10/2025 08:12:00 PM	N00164 N00256 N00076 N00225 N00136 N00081 N00140	N00206-0 N00096-1 N00110-1 N00281-0 N00086-1 N00059-0 N00207-1 N00069-1
321	U00033	11/11/2025 04:44:00 PM	N00110 N00147 N00024 N00103 N00174 N00161 N00172 N00151 N00076 N00017	N00164-0 N00236-1 N00280-0 N00168-1
322	U00033	11/14/2025 09:49:00 PM	N00110 N00147 N00024 N00103 N00174 N00161 N00172 N00151 N00076 N00017	N00073-0 N00094-1 N00225-0 N00105-0 N00114-0 N00147-1 N00079-0 N00292-0
323	U00033	11/14/2025 10:58:00 PM	N00110 N00147 N00024 N00103 N00174 N00161 N00172 N00151 N00076 N00017	N00136-0 N00032-0 N00004-0 N00254-0 N00205-1 N00181-1
324	U00033	11/10/2025 09:21:00 AM	N00110 N00147 N00024 N00103 N00174 N00161 N00172 N00151 N00076 N00017	N00020-0 N00292-1 N00149-0 N00236-1 N00279-1 N00266-1 N00244-1
325	U00033	11/12/2025 10:08:00 PM	N00110 N00147 N00024 N00103 N00174 N00161 N00172 N00151 N00076 N00017	N00101-0 N00043-0 N00052-0 N00072-0 N00223-0 N00169-0
326	U00033	11/13/2025 12:20:00 AM	N00110 N00147 N00024 N00103 N00174 N00161 N00172 N00151 N00076 N00017	N00248-1 N00046-1 N00056-0 N00206-1 N00300-0 N00217-1
327	U00033	11/13/2025 09:28:00 AM	N00110 N00147 N00024 N00103 N00174 N00161 N00172 N00151 N00076 N00017	N00016-0 N00037-0 N00045-0 N00054-0 N00049-1 N00086-0 N00134-1 N00283-0
328	U00033	11/11/2025 11:43:00 PM	N00110 N00147 N00024 N00103 N00174 N00161 N00172 N00151 N00076 N00017	N00187-1 N00045-0 N00144-0 N00269-0 N00027-0 N00157-0
329	U00033	11/10/2025 06:02:00 PM	N00110 N00147 N00024 N00103 N00174 N00161 N00172 N00151 N00076 N00017	N00294-1 N00235-1 N00021-0 N00104-1 N00048-1 N00253-0 N00113-0 N00218-1 N00082-0
330	U00033	11/15/2025 12:07:00 PM	N00110 N00147 N00024 N00103 N00174 N00161 N00172 N00151 N00076 N00017	N00294-0 N00237-0 N00121-0 N00139-0 N00270-0 N00248-0 N00048-0 N00007-1
331	U00034	11/12/2025 04:43:00 AM	N00036 N00055 N00240 N00017 N00195	N00172-0 N00209-0 N00072-1 N00032-0 N00049-1 N00115-0 N00174-0
332	U00034	11/11/2025 12:06:00 AM	N00036 N00055 N00240 N00017 N00195	N00017-1 N00283-0 N00097-0 N00100-0 N00185-0 N00224-0 N00138-0 N00290-0 N00081-1
333	U00034	11/11/2025 02:11:00 PM	N00036 N00055 N00240 N00017 N00195	N00170-0 N00083-1 N00003-0 N00006-0 N00195-0 N00211-0
334	U00034	11/14/2025 07:44:00 PM	N00036 N00055 N00240 N00017 N00195	N00076-1 N00042-0 N00005-1 N00050-0 N00073-1 N00006-0 N00201-0 N00294-1 N00098-1
335	U00034	11/10/2025 10:37:00 PM	N00036 N00055 N00240 N00017 N00195	N00022-0 N00104-0 N00157-0 N00128-0 N00200-0
336	U00034	11/12/2025 09:31:00 AM	N00036 N00055 N00240 N00017 N00195	N00140-1 N00193-0 N00091-0 N00227-1 N00239-0 N00281-0 N00268-0 N00055-1
337	U00034	11/11/2025 05:46:00 PM	N00036 N00055 N00240 N00017 N00195	N00241-0 N00270-0 N00231-0 N00008-0 N00199-0 N00087-0 N00091-0
338	U00034	11/14/2025 02:18:00 PM	N00036 N00055 N00240 N00017 N00195	N00059-0 N00098-1 N00035-1 N00192-1 N00124-0 N00078-0
339	U00034	11/11/2025 01:52:00 PM	N00036 N00055 N00240 N00017 N00195	N00043-0 N00240-0 N00007-0 N00243-0 N00296-0 N00061-0
340	U00034	11/16/2025 12:38:00 AM	N00036 N00055 N00240 N00017 N00195	N00057-1 N00294-1 N00008-1 N00181-0 N00298-0 N00223-0
341	U00035	11/10/2025 03:53:00 PM	N00049 N00235 N00081 N00111 N00174 N00247 N00233 N00099 N00094 N00135 N00008 N00295	N00105-0 N00144-1 N00187-1 N00053-0 N00119-0 N00032-0 N00282-0
342	U00035	11/15/2025 07:01:00 PM	N00049 N00235 N00081 N00111 N00174 N00247 N00233 N00099 N00094 N00135 N00008 N00295	N00028-1 N00018-0 N00265-0 N00207-0 N00032-0 N00225-1
343	U00035	11/16/2025 06:51:00 AM	N00049 N00235 N00081 N00111 N00174 N00247 N00233 N00099 N00094 N00135 N00008 N00295	N00291-0 N00221-1 N00216-0 N00280-0 N00283-0 N00295-0 N00205-0 N00118-0
344	U00035	11/13/2025 02:56:00 PM	N00049 N00235 N00081 N00111 N00174 N00247 N00233 N00099 N00094 N00135 N00008 N00295	N00284-0 N00154-0 N00034-1 N00233-0 N00077-1
345	U00035	11/15/2025 02:16:00 AM	N00049 N00235 N00081 N00111 N00174 N00247 N00233 N00099 N00094 N00135 N00008 N00295	N00297-0 N00042-0 N00227-1 N00286-0 N00025-1 N00199-0
346	U00035	11/12/2025 07:37:00 AM	N00049 N00235 N00081 N00111 N00174 N00247 N00233 N00099 N00094 N00135 N00008 N00295	N00187-1 N00282-1 N00241-0 N00267-0 N00192-1 N00226-0 N00201-1
347	U00035	11/10/2025 09:27:00 AM	N00049 N00235 N00081 N00111 N00174 N00247 N00233 N00099 N00094 N00135 N00008 N00295	N00145-0 N00030-0 N00014-0 N00143-0 N00209-0 N00160-0 N00268-1
348	U00035	11/14/2025 12:31:00 PM	N00049 N00235 N00081 N00111 N00174 N00247 N00233 N00099 N00094 N00135 N00008 N00295	N00223-1 N00273-0 N00082-0 N00072-1 N00189-0 N00180-0 N00044-0 N00055-1 N00098-1
349	U00035	11/14/2025 09:03:00 PM	N00049 N00235 N00081 N00111 N00174 N00247 N00233 N00099 N00094 N00135 N00008 N00295	N00001-0 N00215-0 N00132-0 N00194-0 N00045-0 N00145-0 N00248-0
350	U00035	11/15/2025 04:29:00 AM	N00049 N00235 N00081 N00111 N00174 N00247 N00233 N00099 N00094 N00135 N00008 N00295	N00162-0 N00235-0 N00264-0 N00111-0 N00245-0 N00218-0 N00154-0 N00033-0
351	U00036	11/11/2025 08:17:00 AM	N00274 N00038 N00085 N00266 N00028 N00246 N00282 N00214 N00095 N00188 N00004 N00299 N00113 N00097	N00052-0 N00194-1 N00188-1 N00288-1 N00239-0
352	U00036	11/10/2025 11:06:00 AM	N00274 N00038 N00085 N00266 N00028 N00246 N00282 N00214 N00095 N00188 N00004 N00299 N00113 N00097	N00186-0 N00054-0 N00075-1 N00100-1 N00067-1 N00096-0 N00095-1
353	U00036	11/10/2025 09:12:00 AM	N00274 N00038 N00085 N00266 N00028 N00246 N00282 N00214 N00095 N00188 N00004 N00299 N00113 N00097	N00231-0 N00069-1 N00226-1 N00224-0 N00297-0
354	U00036	11/10/2025 04:35:00 PM	N00274 N00038 N00085 N00266 N00028 N00246 N00282 N00214 N00095 N00188 N00004 N00299 N00113 N00097	N00065-1 N00102-1 N00263-0 N00274-0 N00242-0 N00091-0
355	U00036	11/10/2025 08:52:00 AM	N00274 N00038 N00085 N00266 N00028 N00246 N00282 N00214 N00095 N00188 N00004 N00299 N00113 N00097	N00166-0 N00284-0 N00074-1 N00228-0 N00004-1 N00153-1 N00028-0
356	U00036	11/12/2025 09:13:00 PM	N00274 N00038 N00085 N00266 N00028 N00246 N00282 N00214 N00095 N00188 N00004 N00299 N00113 N00097	N00097-0 N00204-1 N00194-1 N00095-1 N00113-0 N00188-0 N00150-0 N00130-0
357	U00036	11/11/2025 04:41:00 AM	N00274 N00038 N00085 N00266 N00028 N00246 N00282 N00214 N00095 N00188 N00004 N00299 N00113 N00097	N00225-0 N00188-0 N00048-0 N00211-1
358	U00036	11/12/2025 02:28:00 PM	N00274 N00038 N00085 N00266 N00028 N00246 N00282 N00214 N00095 N00188 N00004 N00299 N00113 N00097	N00097-1 N00009-1 N00121-0 N00215-0 N00055-0
359	U00036	11/16/2025 03:13:00 AM	N00274 N00038 N00085 N00266 N00028 N00246 N00282 N00214 N00095 N00188 N00004 N00299 N00113 N00097	N00295-1 N00165-1 N00169-1 N00291-0 N00048-0
360	U00036	11/12/2025 12:46:00 AM	N00274 N00038 N00085 N00266 N00028 N00246 N00282 N00214 N00095 N00188 N00004 N00299 N00113 N00097	N00002-0 N00268-0 N00266-1 N00095-1 N00009-0 N00253-0
361	U00037	11/12/2025 08:25:00 AM	N00217 N00017 N00136 N00049	N00260-0 N00009-0 N00086-0 N00164-1 N00056-1 N00282-1
362	U00037	11/15/2025 06:53:00 PM	N00217 N00017 N00136 N00049	N00125-0 N00123-0 N00197-0 N00093-1 N00071-1 N00022-1
363	U00037	11/13/2025 06:04:00 AM	N00217 N00017 N00136 N00049	N00044-0 N00113-0 N00046-1 N00234-0
364	U00037	11/11/2025 03:48:00 AM	N00217 N00017 N00136 N00049	N00192-1 N00168-0 N00223-1 N00174-1 N00139-0 N00003-0
365	U00037	11/12/2025 02:08:00 AM	N00217 N00017 N00136 N00049	N00237-0 N00092-0 N00265-1 N00017-0 N00163-0 N00278-1 N00074-0 N00072-0
366	U00037	11/12/2025 07:00:00 PM	N00217 N00017 N00136 N00049	N00089-0 N00149-0 N00022-0 N00044-0 N00156-0 N00127-0 N00197-0
367	U00037	11/14/2025 05:26:00 PM	N00217 N00017 N00136 N00049	N00030-1 N00093-0 N00183-0 N00085-0 N00053-0 N00001-0
368	U00037	11/11/2025 08:23:00 AM	N00217 N00017 N00136 N00049	N00278-1 N00208-0 N00045-0 N00026-1
369	U00037	11/10/2025 02:12:00 PM	N00217 N00017 N00136 N00049	N00068-0 N00265-0 N00191-1 N00124-0 N00207-0 N00212-0
370	U00037	11/10/2025 06:59:00 PM	N00217 N00017 N00136 N00049	N00197-1 N00053-0 N00134-0 N00135-1 N00067-0 N00252-0
371	U00038	11/11/2025 09:40:00 AM	N00298 N00168 N00169 N00022 N00237 N00139 N00127 N00131 N00078 N00211 N00260 N00117 N00243	N00045-0 N00125-0 N00031-0 N00058-1 N00293-0 N00084-0
372	U00038	11/13/2025 12:44:00 AM	N00298 N00168 N00169 N00022 N00237 N00139 N00127 N00131 N00078 N00211 N00260 N00117 N00243	N00125-1 N00041-0 N00252-0 N00227-0 N00018-0 N00258-0 N00194-1 N00155-1
373	U00038	11/14/2025 12:22:00 AM	N00298 N00168 N00169 N00022 N00237 N00139 N00127 N00131 N00078 N00211 N00260 N00117 N00243	N00039-1 N00246-0 N00058-1 N00134-0
374	U00038	11/10/2025 01:28:00 PM	N00298 N00168 N00169 N00022 N00237 N00139 N00127 N00131 N00078 N00211 N00260 N00117 N00243	N00142-0 N00033-0 N00054-1 N00171-1 N00197-0 N00111-0
375	U00038	11/13/2025 07:52:00 AM	N00298 N00168 N00169 N00022 N00237 N00139 N00127 N00131 N00078 N00211 N00260 N00117 N00243	N00099-0 N00109-0 N00209-1 N00288-0 N00296-0 N00138-0 N00214-0 N00131-1
376	U00038	11/16/2025 07:13:00 AM	N00298 N00168 N00169 N00022 N00237 N00139 N00127 N00131 N00078 N00211 N00260 N00117 N00243	N00183-0 N00289-0 N00127-1 N00059-1 N00259-0 N00218-1
377	U00038	11/12/2025 02:55:00 AM	N00298 N00168 N00169 N00022 N00237 N00139 N00127 N00131 N00078 N00211 N00260 N00117 N00243	N00229-0 N00134-0 N00195-0 N00140-0 N00262-0 N00003-1
378	U00038	11/11/2025 12:21:00 PM	N00298 N00168 N00169 N00022 N00237 N00139 N00127 N00131 N00078 N00211 N00260 N00117 N00243	N00043-1 N00075-0 N00210-0 N00152-1 N00273-1 N00284-0 N00044-0 N00187-0 N00150-0
379	U00038	11/10/2025 10:03:00 PM	N00298 N00168 N00169 N00022 N00237 N00139 N00127 N00131 N00078 N00211 N00260 N00117 N00243	N00064-0 N00153-1 N00291-0 N00243-0 N00121-1
380	U00038	11/11/2025 05:27:00 PM	N00298 N00168 N00169 N00022 N00237 N00139 N00127 N00131 N00078 N00211 N00260 N00117 N00243	N00120-0 N00274-0 N00081-0 N00231-0 N00197-0 N00118-1 N00138-1 N00230-0 N00288-0
381	U00039	11/11/2025 01:57:00 PM	N00221 N00225 N00289 N00201 N00271 N00161 N00296 N00124 N00295	N00258-0 N00016-0 N00020-0 N00038-0 N00274-0 N00224-0 N00157-0 N00185-1 N00132-1
382	U00039	11/12/2025 09:28:00 PM	N00221 N00225 N00289 N00201 N00271 N00161 N00296 N00124 N00295	N00137-0 N00020-0 N00053-1 N00010-1 N00184-0 N00029-0
383	U00039	11/15/2025 10:31:00 PM	N00221 N00225 N00289 N00201 N00271 N00161 N00296 N00124 N00295	N00069-0 N00185-1 N00281-1 N00089-1 N00095-0
384	U00039	11/15/2025 07:25:00 AM	N00221 N00225 N00289 N00201 N00271 N00161 N00296 N00124 N00295	N00268-0 N00263-1 N00192-1 N00004-0
385	U00039	11/11/2025 10:44:00 PM	N00221 N00225 N00289 N00201 N00271 N00161 N00296 N00124 N00295	N00220-1 N00176-0 N00120-0 N00258-1
386	U00039	11/11/2025 02:05:00 PM	N00221 N00225 N00289 N00201 N00271 N00161 N00296 N00124 N00295	N00129-0 N00074-0 N00266-0 N00269-0 N00026-0 N00027-0 N00018-1
387	U00039	11/13/2025 11:14:00 AM	N00221 N00225 N00289 N00201 N00271 N00161 N00296 N00124 N00295	N00244-1 N00218-1 N00066-0 N00005-0
388	U00039	11/13/2025 04:39:00 AM	N00221 N00225 N00289 N00201 N00271 N00161 N00296 N00124 N00295	N00145-1 N00236-1 N00290-1 N00061-0 N00118-0
389	U00039	11/15/2025 12:21:00 PM	N00221 N00225 N00289 N00201 N00271 N00161 N00296 N00124 N00295	N00035-1 N00192-0 N00028-1 N00238-1 N00128-0 N00006-1
390	U00039	11/12/2025 07:27:00 AM	N00221 N00225 N00289 N00201 N00271 N00161 N00296 N00124 N00295	N00099-1 N00197-0 N00060-1 N00144-0
391	U00040	11/15/2025 06:21:00 PM	N00233 N00099 N00183 N00206 N00174 N00277 N00263 N00036 N00071 N00289 N00295 N00187 N00261 N00027 N00151	N00084-1 N00270-0 N00264-1 N00096-0 N00057-0
392	U00040	11/11/2025 04:09:00 AM	N00233 N00099 N00183 N00206 N00174 N00277 N00263 N00036 N00071 N00289 N00295 N00187 N00261 N00027 N00151	N00215-0 N00232-0 N00079-0 N00076-1 N00124-1
393	U00040	11/13/2025 02:28:00 AM	N00233 N00099 N00183 N00206 N00174 N00277 N00263 N00036 N00071 N00289 N00295 N00187 N00261 N00027 N00151	N00179-0 N00146-0 N00035-0 N00141-1 N00158-0 N00069-0 N00277-0
394	U00040	11/13/2025 03:34:00 AM	N00233 N00099 N00183 N00206 N00174 N00277 N00263 N00036 N00071 N00289 N00295 N00187 N00261 N00027 N00151	N00156-1 N00257-1 N00180-0 N00120-1 N00184-1
395	U00040	11/11/2025 12:46:00 AM	N00233 N00099 N00183 N00206 N00174 N00277 N00263 N00036 N00071 N00289 N00295 N00187 N00261 N00027 N00151	N00280-1 N00295-0 N00152-1 N00271-1 N00046-1 N00194-0 N00144-0 N00291-0
396	U00040	11/14/2025 04:44:00 AM	N00233 N00099 N00183 N00206 N00174 N00277 N00263 N00036 N00071 N00289 N00295 N00187 N00261 N00027 N00151	N00297-0 N00096-0 N00182-0 N00287-0 N00258-1
397	U00040	11/14/2025 05:09:00 AM	N00233 N00099 N00183 N00206 N00174 N00277 N00263 N00036 N00071 N00289 N00295 N00187 N00261 N00027 N00151	N00136-1 N00043-1 N00185-1 N00005-0 N00062-0 N00149-1
398	U00040	11/15/2025 05:56:00 AM	N00233 N00099 N00183 N00206 N00174 N00277 N00263 N00036 N00071 N00289 N00295 N00187 N00261 N00027 N00151	N00250-0 N00235-1 N00285-0 N00041-0 N00290-0 N00261-1 N00033-1
399	U00040	11/15/2025 09:33:00 PM	N00233 N00099 N00183 N00206 N00174 N00277 N00263 N00036 N00071 N00289 N00295 N00187 N00261 N00027 N00151	N00144-0 N00235-0 N00119-1 N00070-1 N00067-1 N00278-0 N00007-1
400	U00040	11/13/2025 10:40:00 PM	N00233 N00099 N00183 N00206 N00174 N00277 N00263 N00036 N00071 N00289 N00295 N00187 N00261 N00027 N00151	N00032-0 N00200-1 N00119-0 N00146-1 N00069-1 N00173-0
401	U00041	11/13/2025 06:23:00 PM	N00288 N00020 N00040 N00088 N00246 N00004 N00158 N00097 N00208 N00091 N00214 N00226 N00074 N00102	N00227-0 N00143-1 N00213-0 N00199-0 N00035-0 N00165-0 N00107-0 N00091-1
402	U00041	11/14/2025 05:12:00 AM	N00288 N00020 N00040 N00088 N00246 N00004 N00158 N00097 N00208 N00091 N00214 N00226 N00074 N00102	N00143-1 N00009-0 N00027-0 N00144-0 N00196-0 N00262-0
403	U00041	11/11/2025 07:24:00 AM	N00288 N00020 N00040 N00088 N00246 N00004 N00158 N00097 N00208 N00091 N00214 N00226 N00074 N00102	N00019-0 N00246-1 N00078-0 N00282-0 N00067-1 N00297-0
404	U00041	11/16/2025 06:05:00 AM	N00288 N00020 N00040 N00088 N00246 N00004 N00158 N00097 N00208 N00091 N00214 N00226 N00074 N00102	N00171-0 N00156-0 N00197-0 N00074-0 N00009-0 N00230-0 N00136-0
405	U00041	11/14/2025 06:47:00 AM	N00288 N00020 N00040 N00088 N00246 N00004 N00158 N00097 N00208 N00091 N00214 N00226 N00074 N00102	N00068-0 N00178-0 N00053-1 N00090-1 N00070-0 N00274-0 N00054-0 N00095-1 N00176-0
406	U00041	11/15/2025 12:33:00 PM	N00288 N00020 N00040 N00088 N00246 N00004 N00158 N00097 N00208 N00091 N00214 N00226 N00074 N00102	N00040-1 N00271-0 N00191-0 N00266-0 N00165-0 N00004-1 N00089-0
407	U00041	11/15/2025 06:07:00 AM	N00288 N00020 N00040 N00088 N00246 N00004 N00158 N00097 N00208 N00091 N00214 N00226 N00074 N00102	N00036-0 N00100-0 N00130-0 N00224-1 N00088-1 N00096-0 N00200-0 N00225-0
408	U00041	11/12/2025 08:25:00 PM	N00288 N00020 N00040 N00088 N00246 N00004 N00158 N00097 N00208 N00091 N00214 N00226 N00074 N00102	N00058-0 N00195-0 N00085-1 N00235-0 N00100-1 N00080-0
409	U00041	11/12/2025 07:41:00 AM	N00288 N00020 N00040 N00088 N00246 N00004 N00158 N00097 N00208 N00091 N00214 N00226 N00074 N00102	N00225-0 N00253-1 N00040-1 N00092-0 N00108-0 N00282-1
410	U00041	11/15/2025 08:15:00 PM	N00288 N00020 N00040 N00088 N00246 N00004 N00158 N00097 N00208 N00091 N00214 N00226 N00074 N00102	N00091-0 N00183-0 N00289-0 N00165-1
411	U00042	11/11/2025 08:37:00 AM	N00257 N00183 N00172 N00182 N00008 N00252 N00018 N00094 N00086 N00069 N00046 N00174 N00192 N00055	N00068-0 N00081-0 N00254-0 N00256-0 N00183-0 N00220-1 N00191-1 N00232-0 N00152-0
412	U00042	11/15/2025 11:48:00 AM	N00257 N00183 N00172 N00182 N00008 N00252 N00018 N00094 N00086 N00069 N00046 N00174 N00192 N00055	N00068-0 N00148-1 N00273-1 N00132-1
413	U00042	11/11/2025 10:35:00 AM	N00257 N00183 N00172 N00182 N00008 N00252 N00018 N00094 N00086 N00069 N00046 N00174 N00192 N00055	N00053-1 N00069-1 N00117-0 N00094-0 N00142-0
414	U00042	11/14/2025 10:08:00 PM	N00257 N00183 N00172 N00182 N00008 N00252 N00018 N00094 N00086 N00069 N00046 N00174 N00192 N00055	N00071-0 N00212-0 N00244-1 N00238-0 N00203-1 N00080-0 N00272-1 N00220-1 N00206-1
415	U00042	11/11/2025 08:29:00 PM	N00257 N00183 N00172 N00182 N00008 N00252 N00018 N00094 N00086 N00069 N00046 N00174 N00192 N00055	N00079-0 N00052-0 N00212-0 N00297-1 N00273-0 N00195-1
416	U00042	11/13/2025 08:01:00 PM	N00257 N00183 N00172 N00182 N00008 N00252 N00018 N00094 N00086 N00069 N00046 N00174 N00192 N00055	N00215-0 N00042-1 N00179-0 N00270-0 N00094-1 N00064-0 N00077-1
417	U00042	11/10/2025 11:11:00 AM	N00257 N00183 N00172 N00182 N00008 N00252 N00018 N00094 N00086 N00069 N00046 N00174 N00192 N00055	N00296-1 N00134-0 N00081-1 N00140-0 N00276-0 N00046-0 N00226-0 N00210-0
418	U00042	11/13/2025 11:37:00 PM	N00257 N00183 N00172 N00182 N00008 N00252 N00018 N00094 N00086 N00069 N00046 N00174 N00192 N00055	N00018-1 N00058-0 N00204-0 N00281-0 N00260-0 N00205-0
419	U00042	11/15/2025 10:11:00 PM	N00257 N00183 N00172 N00182 N00008 N00252 N00018 N00094 N00086 N00069 N00046 N00174 N00192 N00055	N00114-0 N00108-0 N00208-0 N00294-1 N00053-1 N00017-1 N00168-0
420	U00042	11/11/2025 07:18:00 AM	N00257 N00183 N00172 N00182 N00008 N00252 N00018 N00094 N00086 N00069 N00046 N00174 N00192 N00055	N00050-0 N00286-0 N00297-0 N00190-0 N00203-0 N00296-0 N00195-0 N00018-0 N00197-0
421	U00043	11/13/2025 01:23:00 PM	N00188 N00074 N00246 N00090 N00075 N00031 N00143 N00065 N00095 N00266 N00009 N00088 N00091	N00182-0 N00176-0 N00091-0 N00266-0 N00285-0 N00071-1
422	U00043	11/14/2025 03:54:00 AM	N00188 N00074 N00246 N00090 N00075 N00031 N00143 N00065 N00095 N00266 N00009 N00088 N00091	N00181-0 N00004-1 N00198-0 N00134-1 N00208-1
423	U00043	11/11/2025 12:32:00 AM	N00188 N00074 N00246 N00090 N00075 N00031 N00143 N00065 N00095 N00266 N00009 N00088 N00091	N00277-0 N00048-1 N00224-0 N00153-0 N00139-0 N00005-0 N00098-0
424	U00043	11/10/2025 07:56:00 PM	N00188 N00074 N00246 N00090 N00075 N00031 N00143 N00065 N00095 N00266 N00009 N00088 N00091	N00020-0 N00081-0 N00250-0 N00085-1 N00048-1 N00100-1 N00236-0
425	U00043	11/11/2025 06:48:00 PM	N00188 N00074 N00246 N00090 N00075 N00031 N00143 N00065 N00095 N00266 N00009 N00088 N00091	N00013-0 N00077-0 N00040-1 N00295-0 N00048-1 N00098-1 N00206-0 N00065-0
426	U00043	11/16/2025 12:11:00 AM	N00188 N00074 N00246 N00090 N00075 N00031 N00143 N00065 N00095 N00266 N00009 N00088 N00091	N00254-0 N00151-1 N00124-1 N00095-0 N00048-0 N00279-0
427	U00043	11/14/2025 02:05:00 PM	N00188 N00074 N00246 N00090 N00075 N00031 N00143 N00065 N00095 N00266 N00009 N00088 N00091	N00246-1 N00202-0 N00185-0 N00253-0 N00137-0 N00170-1 N00142-1
428	U00043	11/10/2025 08:03:00 AM	N00188 N00074 N00246 N00090 N00075 N00031 N00143 N00065 N00095 N00266 N00009 N00088 N00091	N00100-0 N00060-0 N00097-1 N00088-1 N00255-0 N00117-0 N00214-0 N00154-0
429	U00043	11/12/2025 04:17:00 AM	N00188 N00074 N00246 N00090 N00075 N00031 N00143 N00065 N00095 N00266 N00009 N00088 N00091	N00121-0 N00040-1 N00079-0 N00025-0 N00038-1 N00072-0 N00120-0
430	U00043	11/15/2025 04:57:00 PM	N00188 N00074 N00246 N00090 N00075 N00031 N00143 N00065 N00095 N00266 N00009 N00088 N00091	N00285-0 N00296-0 N00178-0 N00249-1 N00048-0 N00042-0 N00188-1 N00143-1
431	U00044	11/14/2025 04:13:00 PM	N00188 N00226 N00158 N00274 N00282 N00165	N00074-1 N00282-1 N00135-0 N00006-0
432	U00044	11/11/2025 03:02:00 PM	N00188 N00226 N00158 N00274 N00282 N00165	N00067-0 N00081-0 N00097-1 N00100-0 N00032-0 N00020-1 N00164-0
433	U00044	11/14/2025 05:20:00 PM	N00188 N00226 N00158 N00274 N00282 N00165	N00090-0 N00112-0 N00134-0 N00171-0
434	U00044	11/16/2025 04:38:00 AM	N00188 N00226 N00158 N00274 N00282 N00165	N00127-0 N00236-0 N00188-1 N00107-0 N00098-1 N00090-1 N00097-0
435	U00044	11/15/2025 05:01:00 PM	N00188 N00226 N00158 N00274 N00282 N00165	N00087-0 N00299-1 N00043-0 N00165-0 N00119-0 N00075-1
436	U00044	11/10/2025 11:52:00 AM	N00188 N00226 N00158 N00274 N00282 N00165	N00163-0 N00065-1 N00051-0 N00091-1
437	U00044	11/13/2025 06:05:00 AM	N00188 N00226 N00158 N00274 N00282 N00165	N00282-1 N00186-0 N00214-0 N00104-0 N00262-0
438	U00044	11/11/2025 01:18:00 AM	N00188 N00226 N00158 N00274 N00282 N00165	N00067-0 N00015-0 N00140-0 N00231-0 N00253-0 N00138-0 N00004-0
439	U00044	11/12/2025 07:04:00 PM	N00188 N00226 N00158 N00274 N00282 N00165	N00048-1 N00094-1 N00254-0 N00201-0 N00143-0 N00020-0 N00114-0 N00038-1
440	U00044	11/10/2025 12:49:00 PM	N00188 N00226 N00158 N00274 N00282 N00165	N00068-0 N00042-0 N00107-1 N00067-1 N00158-1 N00188-0 N00281-0
441	U00045	11/14/2025 01:34:00 AM	N00267 N00180 N00169 N00283 N00292 N00087	N00125-1 N00206-0 N00288-1 N00283-0 N00063-0 N00164-0
442	U00045	11/10/2025 07:23:00 PM	N00267 N00180 N00169 N00283 N00292 N00087	N00164-0 N00218-1 N00095-0 N00084-0 N00037-0 N00116-0
443	U00045	11/10/2025 11:53:00 PM	N00267 N00180 N00169 N00283 N00292 N00087	N00269-0 N00012-0 N00030-0 N00008-0 N00116-1 N00063-0 N00095-0
444	U00045	11/12/2025 11:09:00 AM	N00267 N00180 N00169 N00283 N00292 N00087	N00070-0 N00197-0 N00138-0 N00236-0
445	U00045	11/13/2025 02:32:00 AM	N00267 N00180 N00169 N00283 N00292 N00087	N00205-0 N00298-1 N00194-0 N00035-0 N00148-0 N00118-0
446	U00045	11/13/2025 11:20:00 PM	N00267 N00180 N00169 N00283 N00292 N00087	N00076-0 N00025-1 N00165-0 N00257-0 N00147-0 N00121-1 N00281-0 N00102-0 N00273-1
447	U00045	11/12/2025 10:36:00 AM	N00267 N00180 N00169 N00283 N00292 N00087	N00022-0 N00021-0 N00260-1 N00122-0 N00042-1 N00114-1
448	U00045	11/15/2025 11:21:00 AM	N00267 N00180 N00169 N00283 N00292 N00087	N00250-1 N00051-1 N00272-1 N00061-0 N00015-0
449	U00045	11/15/2025 03:56:00 PM	N00267 N00180 N00169 N00283 N00292 N00087	N00197-0 N00239-1 N00215-0 N00065-0 N00202-0
450	U00045	11/15/2025 08:15:00 PM	N00267 N00180 N00169 N00283 N00292 N00087	N00114-0 N00247-0 N00195-0 N00117-0
451	U00046	11/10/2025 10:11:00 AM	N00040 N00208 N00107 N00074 N00100 N00274 N00031 N00097 N00266 N00075 N00288	N00095-1 N00188-0 N00287-0 N00065-1 N00214-0 N00076-0 N00218-0 N00174-0 N00024-0
452	U00046	11/12/2025 06:52:00 AM	N00040 N00208 N00107 N00074 N00100 N00274 N00031 N00097 N00266 N00075 N00288	N00100-1 N00238-0 N00101-0 N00158-0 N00040-1 N00067-1
453	U00046	11/10/2025 08:49:00 PM	N00040 N00208 N00107 N00074 N00100 N00274 N00031 N00097 N00266 N00075 N00288	N00205-1 N00031-1 N00286-0 N00165-0 N00192-0 N00113-1
454	U00046	11/14/2025 08:03:00 PM	N00040 N00208 N00107 N00074 N00100 N00274 N00031 N00097 N00266 N00075 N00288	N00131-0 N00014-0 N00251-0 N00154-0 N00164-0 N00088-1 N00214-0 N00028-1
455	U00046	11/13/2025 06:48:00 PM	N00040 N00208 N00107 N00074 N00100 N00274 N00031 N00097 N00266 N00075 N00288	N00085-0 N00134-0 N00280-0 N00170-1 N00284-0 N00103-0
456	U00046	11/11/2025 06:42:00 PM	N00040 N00208 N00107 N00074 N00100 N00274 N00031 N00097 N00266 N00075 N00288	N00069-0 N00208-1 N00192-0 N00160-0 N00242-0 N00067-1 N00224-1 N00004-1
457	U00046	11/16/2025 02:00:00 AM	N00040 N00208 N00107 N00074 N00100 N00274 N00031 N00097 N00266 N00075 N00288	N00009-1 N00102-1 N00294-0 N00245-0 N00269-0 N00226-1 N00076-0
458	U00046	11/16/2025 06:43:00 AM	N00040 N00208 N00107 N00074 N00100 N00274 N00031 N00097 N00266 N00075 N00288	N00060-0 N00038-1 N00009-0 N00040-0 N00062-0 N00244-0 N00293-0
459	U00046	11/12/2025 10:26:00 PM	N00040 N00208 N00107 N00074 N00100 N00274 N00031 N00097 N00266 N00075 N00288	N00090-0 N00143-1 N00161-0 N00173-0 N00163-1 N00186-0 N00247-0 N00004-0 N00226-1
460	U00046	11/15/2025 04:25:00 AM	N00040 N00208 N00107 N00074 N00100 N00274 N00031 N00097 N00266 N00075 N00288	N00240-0 N00192-0 N00110-0 N00101-0 N00258-0 N00065-1 N00158-1
461	U00047	11/11/2025 03:45:00 AM	N00172 N00265 N00140 N00111	N00048-0 N00286-0 N00110-1 N00257-0 N00027-0 N00256-0
462	U00047	11/15/2025 09:17:00 AM	N00172 N00265 N00140 N00111	N00024-1 N00040-0 N00251-0 N00229-1 N00172-1
463	U00047	11/12/2025 02:25:00 PM	N00172 N00265 N00140 N00111	N00289-0 N00163-1 N00030-1 N00193-1 N00029-0 N00246-0 N00024-1
464	U00047	11/12/2025 07:30:00 PM	N00172 N00265 N00140 N00111	N00071-1 N00156-1 N00248-0 N00074-1 N00112-1 N00045-1
465	U00047	11/15/2025 12:17:00 PM	N00172 N00265 N00140 N00111	N00241-1 N00135-0 N00255-0 N00076-0 N00116-1 N00216-0 N00279-0 N00186-1
466	U00047	11/12/2025 07:31:00 AM	N00172 N00265 N00140 N00111	N00238-0 N00297-0 N00245-0 N00256-1 N00123-0 N00148-0 N00107-0 N00041-0
467	U00047	11/14/2025 07:25:00 PM	N00172 N00265 N00140 N00111	N00125-1 N00132-0 N00168-0 N00296-0
468	U00047	11/10/2025 08:20:00 AM	N00172 N00265 N00140 N00111	N00017-0 N00145-1 N00125-1 N00225-1 N00224-0 N00233-0
469	U00047	11/15/2025 10:36:00 AM	N00172 N00265 N00140 N00111	N00007-0 N00261-1 N00196-1 N00021-1 N00075-0 N00197-0 N00206-1 N00123-0 N00205-1
470	U00047	11/13/2025 09:57:00 AM	N00172 N00265 N00140 N00111	N00240-1 N00038-0 N00174-1 N00188-0 N00024-1 N00061-0
471	U00048	11/16/2025 07:27:00 AM	N00174 N00094 N00252 N00164 N00083 N00027 N00147 N00057 N00018 N00099 N00218	N00284-1 N00143-0 N00133-1 N00212-0 N00076-0
472	U00048	11/13/2025 04:44:00 PM	N00174 N00094 N00252 N00164 N00083 N00027 N00147 N00057 N00018 N00099 N00218	N00136-0 N00123-0 N00044-0 N00047-0 N00016-1
473	U00048	11/12/2025 06:49:00 PM	N00174 N00094 N00252 N00164 N00083 N00027 N00147 N00057 N00018 N00099 N00218	N00076-1 N00175-1 N00116-0 N00138-1 N00032-1 N00147-1 N00281-0 N00217-0 N00265-0
474	U00048	11/13/2025 06:29:00 AM	N00174 N00094 N00252 N00164 N00083 N00027 N00147 N00057 N00018 N00099 N00218	N00098-1 N00053-1 N00147-0 N00083-0 N00152-0 N00142-1 N00178-0
475	U00048	11/11/2025 07:07:00 AM	N00174 N00094 N00252 N00164 N00083 N00027 N00147 N00057 N00018 N00099 N00218	N00016-1 N00132-1 N00105-0 N00011-0
476	U00048	11/11/2025 12:25:00 PM	N00174 N00094 N00252 N00164 N00083 N00027 N00147 N00057 N00018 N00099 N00218	N00143-0 N00107-0 N00055-1 N00008-0 N00021-0 N00057-0 N00233-1 N00255-1 N00039-1
477	U00048	11/12/2025 03:04:00 PM	N00174 N00094 N00252 N00164 N00083 N00027 N00147 N00057 N00018 N00099 N00218	N00164-1 N00147-1 N00282-0 N00183-0 N00160-0 N00221-1
478	U00048	11/10/2025 11:11:00 AM	N00174 N00094 N00252 N00164 N00083 N00027 N00147 N00057 N00018 N00099 N00218	N00065-1 N00063-0 N00028-0 N00269-1 N00248-0 N00202-1 N00153-1 N00122-0 N00220-1
479	U00048	11/11/2025 11:07:00 PM	N00174 N00094 N00252 N00164 N00083 N00027 N00147 N00057 N00018 N00099 N00218	N00090-1 N00115-0 N00104-1 N00205-1
480	U00048	11/13/2025 01:16:00 AM	N00174 N00094 N00252 N00164 N00083 N00027 N00147 N00057 N00018 N00099 N00218	N00279-0 N00207-0 N00018-1 N00156-1 N00138-0 N00118-0 N00016-0 N00247-1 N00128-0
481	U00049	11/15/2025 07:56:00 PM	N00205 N00093 N00217 N00195 N00227 N00140 N00049 N00110 N00150 N00212	N00196-0 N00217-0 N00017-1 N00116-0 N00173-1 N00075-0 N00218-0 N00013-0
482	U00049	11/15/2025 01:19:00 PM	N00205 N00093 N00217 N00195 N00227 N00140 N00049 N00110 N00150 N00212	N00168-1 N00021-1 N00230-0 N00083-1 N00050-1 N00013-0 N00107-0
483	U00049	11/15/2025 05:49:00 AM	N00205 N00093 N00217 N00195 N00227 N00140 N00049 N00110 N00150 N00212	N00158-0 N00126-1 N00078-0 N00263-1 N00213-1 N00062-0 N00281-0
484	U00049	11/13/2025 03:19:00 AM	N00205 N00093 N00217 N00195 N00227 N00140 N00049 N00110 N00150 N00212	N00227-1 N00079-0 N00258-0 N00292-0 N00058-0 N00251-0 N00218-0
485	U00049	11/12/2025 12:28:00 AM	N00205 N00093 N00217 N00195 N00227 N00140 N00049 N00110 N00150 N00212	N00263-0 N00155-0 N00235-1 N00129-0 N00171-0 N00089-1 N00278-1 N00157-0
486	U00049	11/12/2025 09:48:00 AM	N00205 N00093 N00217 N00195 N00227 N00140 N00049 N00110 N00150 N00212	N00015-0 N00225-0 N00194-0 N00291-0 N00014-1 N00170-0
487	U00049	11/12/2025 09:07:00 AM	N00205 N00093 N00217 N00195 N00227 N00140 N00049 N00110 N00150 N00212	N00283-0 N00256-1 N00104-0 N00209-1 N00176-1 N00126-0
488	U00049	11/10/2025 10:00:00 AM	N00205 N00093 N00217 N00195 N00227 N00140 N00049 N00110 N00150 N00212	N00094-0 N00080-0 N00070-1 N00104-1
489	U00049	11/13/2025 11:11:00 PM	N00205 N00093 N00217 N00195 N00227 N00140 N00049 N00110 N00150 N00212	N00236-0 N00162-0 N00048-0 N00185-0 N00235-1 N00250-0
490	U00049	11/12/2025 05:42:00 PM	N00205 N00093 N00217 N00195 N00227 N00140 N00049 N00110 N00150 N00212	N00105-0 N00139-0 N00285-1 N00225-1 N00267-0 N00042-0 N00143-0
491	U00050	11/16/2025 12:24:00 AM	N00065 N00208 N00288 N00097 N00004 N00074 N00134 N00088 N00075	N00075-0 N00203-0 N00282-0 N00134-1 N00067-0 N00271-0
492	U00050	11/12/2025 02:45:00 AM	N00065 N00208 N00288 N00097 N00004 N00074 N00134 N00088 N00075	N00240-0 N00027-0 N00018-0 N00134-0 N00042-0 N00065-1 N00107-0 N00288-0
493	U00050	11/13/2025 09:59:00 PM	N00065 N00208 N00288 N00097 N00004 N00074 N00134 N00088 N00075	N00023-0 N00095-1 N00048-0 N00045-0
494	U00050	11/16/2025 02:35:00 AM	N00065 N00208 N00288 N00097 N00004 N00074 N00134 N00088 N00075	N00259-0 N00095-1 N00174-0 N00139-0 N00224-1
495	U00050	11/11/2025 08:23:00 AM	N00065 N00208 N00288 N00097 N00004 N00074 N00134 N00088 N00075	N00113-1 N00120-0 N00246-0 N00293-0 N00075-1
496	U00050	11/15/2025 08:55:00 PM	N00065 N00208 N00288 N00097 N00004 N00074 N00134 N00088 N00075	N00181-0 N00060-0 N00246-1 N00065-0
497	U00050	11/12/2025 04:24:00 PM	N00065 N00208 N00288 N00097 N00004 N00074 N00134 N00088 N00075	N00100-1 N00189-0 N00074-1 N00266-0 N00238-0 N00295-0 N00148-0 N00031-1
498	U00050	11/15/2025 09:15:00 AM	N00065 N00208 N00288 N00097 N00004 N00074 N00134 N00088 N00075	N00044-0 N00020-1 N00134-1 N00282-1 N00248-0
499	U00050	11/15/2025 07:27:00 PM	N00065 N00208 N00288 N00097 N00004 N00074 N00134 N00088 N00075	N00028-1 N00012-0 N00009-1 N00228-0 N00090-0 N00016-0 N00123-0
500	U00050	11/11/2025 06:27:00 PM	N00065 N00208 N00288 N00097 N00004 N00074 N00134 N00088 N00075	N00038-0 N00007-0 N00140-0 N00090-1 N00245-1
501	U00051	11/14/2025 06:47:00 AM	N00180 N00169 N00211 N00108 N00138 N00284 N00042 N00181 N00092 N00054 N00177 N00080 N00152	N00144-0 N00010-0 N00218-0 N00216-0 N00215-1 N00110-0
502	U00051	11/12/2025 12:14:00 AM	N00180 N00169 N00211 N00108 N00138 N00284 N00042 N00181 N00092 N00054 N00177 N00080 N00152	N00270-1 N00222-1 N00092-1 N00018-0 N00057-0 N00093-0
503	U00051	11/13/2025 03:24:00 AM	N00180 N00169 N00211 N00108 N00138 N00284 N00042 N00181 N00092 N00054 N00177 N00080 N00152	N00010-1 N00089-0 N00273-1 N00020-0 N00283-0
504	U00051	11/14/2025 06:59:00 PM	N00180 N00169 N00211 N00108 N00138 N00284 N00042 N00181 N00092 N00054 N00177 N00080 N00152	N00172-0 N00012-0 N00253-1 N00246-0 N00236-1 N00290-0
505	U00051	11/16/2025 02:49:00 AM	N00180 N00169 N00211 N00108 N00138 N00284 N00042 N00181 N00092 N00054 N00177 N00080 N00152	N00008-1 N00234-1 N00053-0 N00039-1 N00104-0 N00273-0 N00118-1 N00093-0
506	U00051	11/15/2025 06:53:00 PM	N00180 N00169 N00211 N00108 N00138 N00284 N00042 N00181 N00092 N00054 N00177 N00080 N00152	N00039-1 N00183-0 N00007-0 N00173-0 N00006-0 N00010-0
507	U00051	11/13/2025 01:16:00 PM	N00180 N00169 N00211 N00108 N00138 N00284 N00042 N00181 N00092 N00054 N00177 N00080 N00152	N00070-0 N00248-0 N00163-1 N00245-0 N00108-0 N00047-1 N00060-0
508	U00051	11/12/2025 04:01:00 PM	N00180 N00169 N00211 N00108 N00138 N00284 N00042 N00181 N00092 N00054 N00177 N00080 N00152	N00022-0 N00129-0 N00137-0 N00215-1 N00044-0 N00093-0 N00080-1 N00030-0
509	U00051	11/12/2025 06:26:00 PM	N00180 N00169 N00211 N00108 N00138 N00284 N00042 N00181 N00092 N00054 N00177 N00080 N00152	N00020-0 N00110-0 N00012-0 N00211-0 N00145-1 N00041-0 N00065-0 N00146-0
510	U00051	11/12/2025 02:32:00 AM	N00180 N00169 N00211 N00108 N00138 N00284 N00042 N00181 N00092 N00054 N00177 N00080 N00152	N00066-1 N00023-0 N00078-1 N00240-0 N00228-0 N00185-0 N00092-1 N00262-0 N00206-0
511	U00052	11/15/2025 11:38:00 PM	N00255 N00105 N00051 N00054 N00269	N00259-0 N00212-0 N00090-0 N00292-1 N00052-0 N00223-0 N00095-0
512	U00052	11/11/2025 01:56:00 PM	N00255 N00105 N00051 N00054 N00269	N00092-0 N00292-1 N00218-1 N00121-1 N00100-0
513	U00052	11/14/2025 08:57:00 PM	N00255 N00105 N00051 N00054 N00269	N00287-1 N00219-0 N00094-0 N00111-0 N00285-0 N00203-0 N00108-1
514	U00052	11/14/2025 06:08:00 AM	N00255 N00105 N00051 N00054 N00269	N00061-0 N00239-1 N00276-1 N00127-0 N00033-0 N00200-1 N00222-1
515	U00052	11/12/2025 09:36:00 AM	N00255 N00105 N00051 N00054 N00269	N00294-0 N00243-1 N00207-1 N00057-0 N00295-0 N00283-1 N00071-0 N00019-0 N00242-0
516	U00052	11/12/2025 05:17:00 AM	N00255 N00105 N00051 N00054 N00269	N00087-0 N00069-0 N00200-0 N00152-1
517	U00052	11/10/2025 07:13:00 PM	N00255 N00105 N00051 N00054 N00269	N00288-0 N00178-0 N00228-1 N00059-1 N00111-1 N00046-0 N00052-0 N00010-1
518	U00052	11/14/2025 06:17:00 PM	N00255 N00105 N00051 N00054 N00269	N00199-0 N00018-0 N00170-0 N00242-0 N00209-0
519	U00052	11/12/2025 05:12:00 AM	N00255 N00105 N00051 N00054 N00269	N00276-1 N00053-0 N00106-0 N00045-1 N00294-0 N00117-1 N00195-0 N00074-0
520	U00052	11/15/2025 07:30:00 PM	N00255 N00105 N00051 N00054 N00269	N00216-1 N00300-1 N00265-0 N00163-0 N00211-0 N00191-0 N00192-0
521	U00053	11/14/2025 05:15:00 AM	N00019 N00096 N00150 N00055 N00245 N00223 N00268 N00256 N00008 N00261 N00115 N00072 N00077 N00174	N00213-1 N00089-0 N00299-0 N00025-0 N00083-1 N00151-0
522	U00053	11/11/2025 06:40:00 PM	N00019 N00096 N00150 N00055 N00245 N00223 N00268 N00256 N00008 N00261 N00115 N00072 N00077 N00174	N00202-0 N00215-1 N00066-0 N00085-0 N00049-1 N00016-1
523	U00053	11/14/2025 10:41:00 AM	N00019 N00096 N00150 N00055 N00245 N00223 N00268 N00256 N00008 N00261 N00115 N00072 N00077 N00174	N00078-0 N00279-1 N00202-0 N00136-0 N00064-0
524	U00053	11/10/2025 08:48:00 AM	N00019 N00096 N00150 N00055 N00245 N00223 N00268 N00256 N00008 N00261 N00115 N00072 N00077 N00174	N00030-1 N00064-0 N00107-0 N00008-1 N00089-1 N00077-0
525	U00053	11/12/2025 10:04:00 AM	N00019 N00096 N00150 N00055 N00245 N00223 N00268 N00256 N00008 N00261 N00115 N00072 N00077 N00174	N00023-0 N00039-0 N00284-0 N00021-1 N00203-0 N00231-0 N00061-0
526	U00053	11/14/2025 11:24:00 PM	N00019 N00096 N00150 N00055 N00245 N00223 N00268 N00256 N00008 N00261 N00115 N00072 N00077 N00174	N00016-1 N00179-0 N00191-1 N00106-0 N00107-0 N00062-1 N00269-0 N00209-0
527	U00053	11/12/2025 04:05:00 AM	N00019 N00096 N00150 N00055 N00245 N00223 N00268 N00256 N00008 N00261 N00115 N00072 N00077 N00174	N00176-1 N00036-0 N00226-0 N00094-1 N00077-1
528	U00053	11/13/2025 05:47:00 PM	N00019 N00096 N00150 N00055 N00245 N00223 N00268 N00256 N00008 N00261 N00115 N00072 N00077 N00174	N00151-0 N00211-0 N00229-0 N00251-1 N00248-0 N00029-1
529	U00053	11/16/2025 07:05:00 AM	N00019 N00096 N00150 N00055 N00245 N00223 N00268 N00256 N00008 N00261 N00115 N00072 N00077 N00174	N00137-0 N00051-0 N00065-0 N00052-1 N00256-0 N00004-0 N00288-0
530	U00053	11/14/2025 09:25:00 PM	N00019 N00096 N00150 N00055 N00245 N00223 N00268 N00256 N00008 N00261 N00115 N00072 N00077 N00174	N00035-1 N00101-1 N00274-0 N00102-0 N00111-0 N00257-0
531	U00054	11/10/2025 06:26:00 PM	N00039 N00152 N00249 N00234 N00222 N00109 N00121 N00066 N00215 N00286 N00041	N00119-0 N00041-1 N00004-0 N00279-0 N00043-1
532	U00054	11/13/2025 04:35:00 AM	N00039 N00152 N00249 N00234 N00222 N00109 N00121 N00066 N00215 N00286 N00041	N00162-0 N00003-0 N00103-0 N00166-0 N00076-0 N00106-1
533	U00054	11/11/2025 04:11:00 PM	N00039 N00152 N00249 N00234 N00222 N00109 N00121 N00066 N00215 N00286 N00041	N00108-0 N00267-0 N00257-0 N00059-0 N00230-0
534	U00054	11/10/2025 03:13:00 PM	N00039 N00152 N00249 N00234 N00222 N00109 N00121 N00066 N00215 N00286 N00041	N00187-0 N00121-1 N00002-0 N00126-0 N00116-1
535	U00054	11/13/2025 08:49:00 PM	N00039 N00152 N00249 N00234 N00222 N00109 N00121 N00066 N00215 N00286 N00041	N00255-1 N00124-0 N00238-0 N00031-0 N00300-1 N00208-0 N00231-1 N00205-0
536	U00054	11/14/2025 05:22:00 AM	N00039 N00152 N00249 N00234 N00222 N00109 N00121 N00066 N00215 N00286 N00041	N00007-0 N00147-0 N00071-0 N00157-1 N00139-1 N00149-0 N00105-0 N00299-0 N00131-1
537	U00054	11/16/2025 06:16:00 AM	N00039 N00152 N00249 N00234 N00222 N00109 N00121 N00066 N00215 N00286 N00041	N00012-1 N00120-0 N00281-0 N00288-0 N00185-1
538	U00054	11/11/2025 03:57:00 AM	N00039 N00152 N00249 N00234 N00222 N00109 N00121 N00066 N00215 N00286 N00041	N00164-0 N00229-1 N00033-0 N00123-1 N00049-0 N00108-0 N00209-1
539	U00054	11/15/2025 01:57:00 PM	N00039 N00152 N00249 N00234 N00222 N00109 N00121 N00066 N00215 N00286 N00041	N00264-0 N00287-1 N00059-1 N00186-1 N00265-0 N00161-0 N00026-0 N00003-1
540	U00054	11/13/2025 01:22:00 AM	N00039 N00152 N00249 N00234 N00222 N00109 N00121 N00066 N00215 N00286 N00041	N00114-1 N00278-0 N00034-0 N00221-0 N00182-0 N00039-1
541	U00055	11/11/2025 05:03:00 PM	N00063 N00222 N00169 N00231 N00300 N00196 N00171 N00131 N00234 N00236 N00229	N00122-0 N00221-0 N00123-1 N00159-0 N00109-1 N00204-0 N00089-0
542	U00055	11/16/2025 05:53:00 AM	N00063 N00222 N00169 N00231 N00300 N00196 N00171 N00131 N00234 N00236 N00229	N00286-1 N00062-0 N00150-0 N00125-1
543	U00055	11/16/2025 12:35:00 AM	N00063 N00222 N00169 N00231 N00300 N00196 N00171 N00131 N00234 N00236 N00229	N00239-0 N00183-0 N00068-1 N00152-0 N00017-1 N00086-0 N00099-0 N00058-0
544	U00055	11/10/2025 01:26:00 PM	N00063 N00222 N00169 N00231 N00300 N00196 N00171 N00131 N00234 N00236 N00229	N00065-0 N00073-0 N00115-0 N00253-1 N00171-1 N00142-0 N00074-0
545	U00055	11/14/2025 05:25:00 AM	N00063 N00222 N00169 N00231 N00300 N00196 N00171 N00131 N00234 N00236 N00229	N00163-0 N00237-1 N00164-0 N00051-1 N00044-0
546	U00055	11/16/2025 12:12:00 AM	N00063 N00222 N00169 N00231 N00300 N00196 N00171 N00131 N00234 N00236 N00229	N00023-0 N00108-0 N00035-0 N00259-1 N00249-1 N00181-1 N00119-0
547	U00055	11/13/2025 10:46:00 AM	N00063 N00222 N00169 N00231 N00300 N00196 N00171 N00131 N00234 N00236 N00229	N00004-0 N00188-0 N00196-1 N00147-0 N00105-1
548	U00055	11/14/2025 06:15:00 AM	N00063 N00222 N00169 N00231 N00300 N00196 N00171 N00131 N00234 N00236 N00229	N00242-1 N00108-0 N00055-0 N00266-1 N00130-0 N00155-1 N00106-0
549	U00055	11/12/2025 06:32:00 PM	N00063 N00222 N00169 N00231 N00300 N00196 N00171 N00131 N00234 N00236 N00229	N00195-0 N00075-0 N00020-0 N00054-1 N00056-0 N00090-1 N00171-0
550	U00055	11/13/2025 01:10:00 PM	N00063 N00222 N00169 N00231 N00300 N00196 N00171 N00131 N00234 N00236 N00229	N00272-1 N00063-0 N00274-0 N00136-0 N00039-1
551	U00056	11/14/2025 12:23:00 AM	N00265 N00057 N00201 N00297 N00175 N00248 N00173 N00086 N00149 N00296	N00086-0 N00299-0 N00167-0 N00247-1 N00077-0 N00211-0 N00067-0
552	U00056	11/13/2025 05:02:00 PM	N00265 N00057 N00201 N00297 N00175 N00248 N00173 N00086 N00149 N00296	N00097-1 N00247-1 N00270-1 N00016-1 N00143-0 N00021-0 N00236-0
553	U00056	11/11/2025 01:47:00 AM	N00265 N00057 N00201 N00297 N00175 N00248 N00173 N00086 N00149 N00296	N00124-0 N00077-0 N00285-0 N00047-0 N00038-0 N00069-0
554	U00056	11/15/2025 02:29:00 AM	N00265 N00057 N00201 N00297 N00175 N00248 N00173 N00086 N00149 N00296	N00013-0 N00054-0 N00252-1 N00218-1
555	U00056	11/12/2025 07:16:00 AM	N00265 N00057 N00201 N00297 N00175 N00248 N00173 N00086 N00149 N00296	N00133-1 N00007-1 N00101-0 N00086-1 N00226-0 N00289-0
556	U00056	11/13/2025 12:42:00 AM	N00265 N00057 N00201 N00297 N00175 N00248 N00173 N00086 N00149 N00296	N00080-0 N00162-0 N00003-0 N00113-0 N00195-1 N00107-0 N00132-1
557	U00056	11/13/2025 07:45:00 AM	N00265 N00057 N00201 N00297 N00175 N00248 N00173 N00086 N00149 N00296	N00127-0 N00295-1 N00217-0 N00148-1 N00189-0 N00154-0 N00173-0 N00213-0 N00140-1
558	U00056	11/14/2025 01:22:00 AM	N00265 N00057 N00201 N00297 N00175 N00248 N00173 N00086 N00149 N00296	N00256-1 N00072-0 N00115-1 N00118-0 N00143-0
559	U00056	11/10/2025 05:35:00 PM	N00265 N00057 N00201 N00297 N00175 N00248 N00173 N00086 N00149 N00296	N00238-0 N00038-0 N00045-0 N00257-0 N00077-1 N00146-0 N00153-0 N00158-0 N00098-0
560	U00056	11/16/2025 04:20:00 AM	N00265 N00057 N00201 N00297 N00175 N00248 N00173 N00086 N00149 N00296	N00280-0 N00067-1 N00114-0 N00261-1 N00049-1 N00059-1 N00147-1 N00184-0 N00178-0
561	U00057	11/15/2025 08:35:00 PM	N00282 N00170 N00009 N00107 N00091 N00074 N00214 N00038 N00226 N00075 N00004 N00143 N00102	N00278-0 N00111-0 N00091-0 N00074-1 N00125-0 N00208-1 N00143-1
562	U00057	11/15/2025 11:51:00 AM	N00282 N00170 N00009 N00107 N00091 N00074 N00214 N00038 N00226 N00075 N00004 N00143 N00102	N00091-1 N00019-0 N00005-0 N00277-0 N00208-0 N00031-0 N00074-1 N00242-0
563	U00057	11/15/2025 04:41:00 AM	N00282 N00170 N00009 N00107 N00091 N00074 N00214 N00038 N00226 N00075 N00004 N00143 N00102	N00067-1 N00048-0 N00068-0 N00245-0 N00160-0 N00219-0 N00040-1 N00108-0
564	U00057	11/12/2025 10:44:00 PM	N00282 N00170 N00009 N00107 N00091 N00074 N00214 N00038 N00226 N00075 N00004 N00143 N00102	N00092-0 N00299-1 N00020-0 N00016-0 N00137-1 N00175-0 N00065-1
565	U00057	11/14/2025 05:54:00 PM	N00282 N00170 N00009 N00107 N00091 N00074 N00214 N00038 N00226 N00075 N00004 N00143 N00102	N00157-0 N00090-0 N00009-0 N00184-0 N00092-0 N00008-0 N00088-0
566	U00057	11/15/2025 01:55:00 PM	N00282 N00170 N00009 N00107 N00091 N00074 N00214 N00038 N00226 N00075 N00004 N00143 N00102	N00205-0 N00139-0 N00128-0 N00214-0 N00075-0 N00041-0 N00187-0 N00158-1 N00004-1
567	U00057	11/15/2025 09:25:00 AM	N00282 N00170 N00009 N00107 N00091 N00074 N00214 N00038 N00226 N00075 N00004 N00143 N00102	N00031-0 N00034-1 N00113-0 N00226-0 N00049-0 N00097-0
568	U00057	11/11/2025 09:38:00 AM	N00282 N00170 N00009 N00107 N00091 N00074 N00214 N00038 N00226 N00075 N00004 N00143 N00102	N00031-1 N00038-0 N00037-0 N00080-0 N00184-1 N00129-0 N00085-1
569	U00057	11/11/2025 11:34:00 AM	N00282 N00170 N00009 N00107 N00091 N00074 N00214 N00038 N00226 N00075 N00004 N00143 N00102	N00102-0 N00006-0 N00299-1 N00068-1 N00224-1 N00282-1 N00255-0
570	U00057	11/12/2025 04:55:00 PM	N00282 N00170 N00009 N00107 N00091 N00074 N00214 N00038 N00226 N00075 N00004 N00143 N00102	N00187-0 N00274-1 N00260-0 N00113-0 N00226-1 N00097-0 N00068-0
571	U00058	11/14/2025 11:06:00 PM	N00093 N00296 N00193 N00190 N00238 N00089 N00245	N00185-0 N00164-0 N00227-0 N00063-0 N00119-0 N00176-1 N00076-0 N00064-0
572	U00058	11/11/2025 05:21:00 PM	N00093 N00296 N00193 N00190 N00238 N00089 N00245	N00049-0 N00156-0 N00245-1 N00211-0 N00291-0 N00238-0 N00289-1 N00143-0
573	U00058	11/12/2025 09:50:00 PM	N00093 N00296 N00193 N00190 N00238 N00089 N00245	N00277-1 N00186-0 N00083-0 N00237-0 N00149-0 N00166-1 N00162-0
574	U00058	11/16/2025 06:31:00 AM	N00093 N00296 N00193 N00190 N00238 N00089 N00245	N00182-1 N00173-1 N00025-0 N00040-0 N00137-1 N00024-0
575	U00058	11/15/2025 09:52:00 PM	N00093 N00296 N00193 N00190 N00238 N00089 N00245	N00215-0 N00232-0 N00209-0 N00079-0 N00173-1
576	U00058	11/10/2025 12:49:00 PM	N00093 N00296 N00193 N00190 N00238 N00089 N00245	N00279-1 N00286-0 N00074-0 N00119-0 N00049-0 N00082-0
577	U00058	11/15/2025 09:27:00 PM	N00093 N00296 N00193 N00190 N00238 N00089 N00245	N00160-0 N00005-0 N00110-0 N00189-0 N00211-0 N00044-1 N00135-0 N00033-0
578	U00058	11/11/2025 02:59:00 AM	N00093 N00296 N00193 N00190 N00238 N00089 N00245	N00105-0 N00171-0 N00294-1 N00235-0 N00052-0 N00158-0
579	U00058	11/10/2025 08:36:00 PM	N00093 N00296 N00193 N00190 N00238 N00089 N00245	N00086-0 N00007-0 N00192-0 N00003-0 N00023-0
580	U00058	11/12/2025 02:59:00 AM	N00093 N00296 N00193 N00190 N00238 N00089 N00245	N00176-0 N00126-1 N00114-0 N00040-0 N00073-0 N00159-1
581	U00059	11/13/2025 08:28:00 AM	N00151 N00145 N00265 N00244 N00027 N00099 N00008 N00094	N00057-1 N00014-0 N00075-0 N00257-1 N00159-0 N00008-0 N00079-0
582	U00059	11/13/2025 07:20:00 AM	N00151 N00145 N00265 N00244 N00027 N00099 N00008 N00094	N00190-1 N00199-0 N00076-1 N00137-0 N00141-0 N00294-0
583	U00059	11/10/2025 09:54:00 PM	N00151 N00145 N00265 N00244 N00027 N00099 N00008 N00094	N00221-1 N00006-1 N00182-1 N00151-1 N00069-1 N00188-1 N00154-0 N00253-0
584	U00059	11/16/2025 05:18:00 AM	N00151 N00145 N00265 N00244 N00027 N00099 N00008 N00094	N00288-0 N00066-0 N00207-0 N00056-0 N00295-1 N00112-0 N00266-0 N00124-0
585	U00059	11/11/2025 07:55:00 AM	N00151 N00145 N00265 N00244 N00027 N00099 N00008 N00094	N00146-1 N00300-0 N00283-1 N00236-0 N00036-0 N00209-0 N00084-1
586	U00059	11/12/2025 03:51:00 AM	N00151 N00145 N00265 N00244 N00027 N00099 N00008 N00094	N00098-0 N00260-0 N00019-1 N00202-1 N00156-1 N00125-0
587	U00059	11/12/2025 05:05:00 AM	N00151 N00145 N00265 N00244 N00027 N00099 N00008 N00094	N00225-1 N00161-0 N00040-0 N00096-0 N00187-0 N00280-0
588	U00059	11/11/2025 06:27:00 PM	N00151 N00145 N00265 N00244 N00027 N00099 N00008 N00094	N00292-0 N00034-0 N00249-0 N00152-0 N00248-1 N00136-1
589	U00059	11/12/2025 02:40:00 PM	N00151 N00145 N00265 N00244 N00027 N00099 N00008 N00094	N00014-0 N00164-0 N00044-0 N00291-0 N00171-1 N00145-1 N00016-0 N00214-0 N00102-1
590	U00059	11/11/2025 10:53:00 PM	N00151 N00145 N00265 N00244 N00027 N00099 N00008 N00094	N00089-1 N00047-0 N00225-1 N00116-0
591	U00060	11/15/2025 03:49:00 AM	N00103 N00159 N00126 N00235 N00191 N00023 N00166 N00275 N00289 N00278	N00203-0 N00136-1 N00087-0 N00279-0
592	U00060	11/15/2025 12:34:00 PM	N00103 N00159 N00126 N00235 N00191 N00023 N00166 N00275 N00289 N00278	N00111-0 N00196-0 N00014-1 N00166-0 N00033-0 N00177-0 N00217-0 N00141-0 N00155-0
593	U00060	11/11/2025 03:25:00 PM	N00103 N00159 N00126 N00235 N00191 N00023 N00166 N00275 N00289 N00278	N00031-0 N00128-0 N00086-0 N00008-1 N00094-0 N00173-1 N00076-0
594	U00060	11/16/2025 03:30:00 AM	N00103 N00159 N00126 N00235 N00191 N00023 N00166 N00275 N00289 N00278	N00284-0 N00101-1 N00063-0 N00234-0 N00203-0 N00168-0 N00232-0
595	U00060	11/13/2025 05:14:00 PM	N00103 N00159 N00126 N00235 N00191 N00023 N00166 N00275 N00289 N00278	N00182-0 N00062-0 N00275-1 N00132-0 N00174-1 N00091-0
596	U00060	11/14/2025 06:26:00 PM	N00103 N00159 N00126 N00235 N00191 N00023 N00166 N00275 N00289 N00278	N00180-0 N00092-0 N00278-1 N00021-1 N00070-0 N00272-0 N00056-0 N00222-0
597	U00060	11/15/2025 11:36:00 AM	N00103 N00159 N00126 N00235 N00191 N00023 N00166 N00275 N00289 N00278	N00132-0 N00296-0 N00197-0 N00218-0
598	U00060	11/14/2025 09:25:00 AM	N00103 N00159 N00126 N00235 N00191 N00023 N00166 N00275 N00289 N00278	N00009-0 N00040-0 N00026-1 N00190-0 N00161-1 N00225-0 N00121-0 N00241-0 N00073-0
599	U00060	11/15/2025 01:41:00 AM	N00103 N00159 N00126 N00235 N00191 N00023 N00166 N00275 N00289 N00278	N00236-0 N00268-1 N00123-0 N00037-0 N00294-1 N00129-0 N00150-1 N00184-0
600	U00060	11/12/2025 01:10:00 PM	N00103 N00159 N00126 N00235 N00191 N00023 N00166 N00275 N00289 N00278	N00159-1 N00096-0 N00116-0 N00172-1 N00187-0
601	U00061	11/11/2025 07:52:00 AM	N00106 N00225 N00240 N00077 N00244 N00271 N00099 N00258	N00218-1 N00015-0 N00008-0 N00147-1 N00095-0
602	U00061	11/14/2025 04:51:00 AM	N00106 N00225 N00240 N00077 N00244 N00271 N00099 N00258	N00095-0 N00018-0 N00200-0 N00239-0 N00009-0
603	U00061	11/14/2025 07:16:00 AM	N00106 N00225 N00240 N00077 N00244 N00271 N00099 N00258	N00142-0 N00123-0 N00252-1 N00007-0 N00175-0 N00213-0 N00294-1 N00092-1
604	U00061	11/14/2025 03:46:00 PM	N00106 N00225 N00240 N00077 N00244 N00271 N00099 N00258	N00179-1 N00110-1 N00017-0 N00181-0 N00243-0 N00022-0
605	U00061	11/11/2025 05:22:00 AM	N00106 N00225 N00240 N00077 N00244 N00271 N00099 N00258	N00285-0 N00104-1 N00281-0 N00156-1 N00236-0 N00011-0
606	U00061	11/14/2025 09:09:00 PM	N00106 N00225 N00240 N00077 N00244 N00271 N00099 N00258	N00044-0 N00139-0 N00057-0 N00225-0 N00231-1 N00002-1 N00298-0 N00161-1
607	U00061	11/10/2025 06:05:00 PM	N00106 N00225 N00240 N00077 N00244 N00271 N00099 N00258	N00162-0 N00274-0 N00110-0 N00150-0 N00270-1 N00221-1 N00154-0
608	U00061	11/16/2025 04:05:00 AM	N00106 N00225 N00240 N00077 N00244 N00271 N00099 N00258	N00100-1 N00025-0 N00009-1 N00081-0 N00217-0 N00072-0 N00238-0 N00261-1
609	U00061	11/14/2025 11:11:00 PM	N00106 N00225 N00240 N00077 N00244 N00271 N00099 N00258	N00205-0 N00241-0 N00144-0 N00236-0 N00226-1 N00111-0 N00081-0
610	U00061	11/10/2025 07:43:00 PM	N00106 N00225 N00240 N00077 N00244 N00271 N00099 N00258	N00081-0 N00237-0 N00049-0 N00074-1 N00058-0
611	U00062	11/16/2025 06:48:00 AM	N00077 N00159 N00014 N00030 N00278 N00044 N00072	N00062-1 N00104-1 N00223-0 N00221-1 N00199-0 N00119-0
612	U00062	11/13/2025 10:31:00 AM	N00077 N00159 N00014 N00030 N00278 N00044 N00072	N00251-1 N00141-0 N00114-0 N00234-0 N00093-0 N00209-0 N00179-0
613	U00062	11/10/2025 05:24:00 PM	N00077 N00159 N00014 N00030 N00278 N00044 N00072	N00188-0 N00136-1 N00160-0 N00259-0 N00033-0 N00283-0
614	U00062	11/11/2025 11:13:00 PM	N00077 N00159 N00014 N00030 N00278 N00044 N00072	N00248-0 N00045-0 N00109-0 N00176-1 N00293-1 N00030-1
615	U00062	11/15/2025 04:56:00 PM	N00077 N00159 N00014 N00030 N00278 N00044 N00072	N00151-0 N00221-1 N00176-0 N00277-1 N00260-0 N00003-0 N00102-0
616	U00062	11/11/2025 04:07:00 AM	N00077 N00159 N00014 N00030 N00278 N00044 N00072	N00077-1 N00120-0 N00202-0 N00073-0 N00050-0
617	U00062	11/13/2025 02:05:00 PM	N00077 N00159 N00014 N00030 N00278 N00044 N00072	N00175-0 N00104-1 N00029-0 N00043-1 N00178-0 N00087-0 N00115-1 N00042-0 N00166-1
618	U00062	11/14/2025 08:09:00 AM	N00077 N00159 N00014 N00030 N00278 N00044 N00072	N00024-0 N00244-0 N00143-0 N00150-1 N00055-1 N00268-0 N00079-0
619	U00062	11/13/2025 01:10:00 AM	N00077 N00159 N00014 N00030 N00278 N00044 N00072	N00194-0 N00027-1 N00259-0 N00096-1 N00044-1 N00151-0
620	U00062	11/14/2025 02:07:00 AM	N00077 N00159 N00014 N00030 N00278 N00044 N00072	N00161-1 N00140-0 N00031-0 N00006-0
621	U00063	11/13/2025 04:56:00 PM	N00156 N00241 N00173 N00016 N00035 N00111 N00077 N00247 N00147 N00106 N00187 N00235 N00124	N00169-0 N00248-1 N00052-0 N00024-1 N00015-0 N00117-0
622	U00063	11/13/2025 08:29:00 PM	N00156 N00241 N00173 N00016 N00035 N00111 N00077 N00247 N00147 N00106 N00187 N00235 N00124	N00218-0 N00050-0 N00280-0 N00284-0 N00210-0 N00079-0 N00192-1
623	U00063	11/11/2025 01:41:00 AM	N00156 N00241 N00173 N00016 N00035 N00111 N00077 N00247 N00147 N00106 N00187 N00235 N00124	N00290-1 N00085-0 N00275-0 N00129-1 N00022-0 N00164-0 N00078-0
624	U00063	11/15/2025 08:36:00 PM	N00156 N00241 N00173 N00016 N00035 N00111 N00077 N00247 N00147 N00106 N00187 N00235 N00124	N00186-0 N00290-0 N00288-1 N00095-1 N00206-0
625	U00063	11/10/2025 06:54:00 PM	N00156 N00241 N00173 N00016 N00035 N00111 N00077 N00247 N00147 N00106 N00187 N00235 N00124	N00120-0 N00135-0 N00056-0 N00082-1 N00291-0 N00244-0
626	U00063	11/11/2025 01:26:00 PM	N00156 N00241 N00173 N00016 N00035 N00111 N00077 N00247 N00147 N00106 N00187 N00235 N00124	N00216-0 N00188-1 N00246-0 N00109-0 N00112-1 N00103-1 N00276-0
627	U00063	11/12/2025 10:37:00 PM	N00156 N00241 N00173 N00016 N00035 N00111 N00077 N00247 N00147 N00106 N00187 N00235 N00124	N00131-0 N00192-0 N00224-1 N00024-0 N00129-0 N00046-1 N00014-0
628	U00063	11/13/2025 06:50:00 AM	N00156 N00241 N00173 N00016 N00035 N00111 N00077 N00247 N00147 N00106 N00187 N00235 N00124	N00232-0 N00149-0 N00245-0 N00196-1 N00294-1 N00006-1
629	U00063	11/15/2025 03:44:00 PM	N00156 N00241 N00173 N00016 N00035 N00111 N00077 N00247 N00147 N00106 N00187 N00235 N00124	N00007-1 N00107-0 N00299-0 N00240-0 N00014-1 N00015-0 N00292-0
630	U00063	11/13/2025 08:02:00 PM	N00156 N00241 N00173 N00016 N00035 N00111 N00077 N00247 N00147 N00106 N00187 N00235 N00124	N00221-1 N00204-0 N00247-0 N00162-1 N00279-0 N00233-1 N00257-1 N00167-1
631	U00064	11/12/2025 02:51:00 AM	N00198 N00052 N00150 N00285 N00050	N00021-1 N00052-0 N00004-0 N00276-0
632	U00064	11/13/2025 05:06:00 AM	N00198 N00052 N00150 N00285 N00050	N00122-0 N00034-0 N00166-1 N00284-0 N00044-1 N00261-1
633	U00064	11/13/2025 02:45:00 PM	N00198 N00052 N00150 N00285 N00050	N00226-0 N00275-1 N00025-0 N00071-0 N00219-1 N00257-1
634	U00064	11/10/2025 02:11:00 PM	N00198 N00052 N00150 N00285 N00050	N00229-0 N00008-1 N00142-1 N00205-1 N00111-0 N00226-0
635	U00064	11/12/2025 01:04:00 PM	N00198 N00052 N00150 N00285 N00050	N00281-1 N00268-0 N00084-1 N00025-0
636	U00064	11/13/2025 06:43:00 AM	N00198 N00052 N00150 N00285 N00050	N00161-0 N00167-0 N00212-0 N00275-1 N00245-0 N00131-1
637	U00064	11/12/2025 09:29:00 PM	N00198 N00052 N00150 N00285 N00050	N00059-0 N00049-0 N00282-0 N00055-1 N00014-0 N00287-0 N00063-0
638	U00064	11/14/2025 01:13:00 PM	N00198 N00052 N00150 N00285 N00050	N00071-1 N00102-0 N00008-0 N00061-0
639	U00064	11/12/2025 03:12:00 PM	N00198 N00052 N00150 N00285 N00050	N00142-1 N00042-0 N00035-1 N00077-1 N00025-0 N00253-0 N00028-0 N00129-0
640	U00064	11/14/2025 09:39:00 PM	N00198 N00052 N00150 N00285 N00050	N00110-1 N00135-0 N00276-0 N00125-0 N00219-1
641	U00065	11/11/2025 06:50:00 PM	N00205 N00071 N00217 N00149 N00264 N00164 N00262 N00256 N00159	N00094-0 N00211-0 N00173-1 N00181-0 N00185-0 N00261-0 N00197-1
642	U00065	11/13/2025 08:49:00 PM	N00205 N00071 N00217 N00149 N00264 N00164 N00262 N00256 N00159	N00298-0 N00133-0 N00025-0 N00263-1 N00177-0 N00126-0
643	U00065	11/15/2025 01:12:00 AM	N00205 N00071 N00217 N00149 N00264 N00164 N00262 N00256 N00159	N00230-1 N00282-0 N00174-1 N00101-1 N00025-0 N00281-1 N00182-0
644	U00065	11/13/2025 10:23:00 AM	N00205 N00071 N00217 N00149 N00264 N00164 N00262 N00256 N00159	N00228-0 N00064-0 N00195-1 N00049-1 N00293-1 N00208-0
645	U00065	11/10/2025 09:55:00 AM	N00205 N00071 N00217 N00149 N00264 N00164 N00262 N00256 N00159	N00240-0 N00285-1 N00137-0 N00126-1 N00274-0 N00245-0 N00206-0 N00009-0
646	U00065	11/10/2025 12:09:00 PM	N00205 N00071 N00217 N00149 N00264 N00164 N00262 N00256 N00159	N00288-0 N00197-1 N00263-1 N00132-1 N00038-0
647	U00065	11/14/2025 06:09:00 AM	N00205 N00071 N00217 N00149 N00264 N00164 N00262 N00256 N00159	N00291-0 N00096-0 N00142-1 N00176-1 N00098-0 N00049-1
648	U00065	11/11/2025 12:32:00 PM	N00205 N00071 N00217 N00149 N00264 N00164 N00262 N00256 N00159	N00145-0 N00294-1 N00005-0 N00007-1 N00254-0 N00205-1 N00188-0
649	U00065	11/14/2025 07:32:00 PM	N00205 N00071 N00217 N00149 N00264 N00164 N00262 N00256 N00159	N00190-1 N00130-1 N00002-0 N00284-0 N00240-0 N00239-0 N00202-1
650	U00065	11/12/2025 10:01:00 PM	N00205 N00071 N00217 N00149 N00264 N00164 N00262 N00256 N00159	N00176-1 N00080-0 N00042-0 N00154-0 N00096-0 N00141-0 N00284-0 N00013-0
651	U00066	11/13/2025 08:38:00 PM	N00262 N00176 N00084 N00265 N00007 N00251	N00149-0 N00108-0 N00228-0 N00032-0 N00094-0 N00072-0 N00253-0
652	U00066	11/10/2025 07:13:00 PM	N00262 N00176 N00084 N00265 N00007 N00251	N00153-0 N00052-0 N00277-0 N00106-0 N00249-0 N00285-0 N00019-0
653	U00066	11/15/2025 08:56:00 AM	N00262 N00176 N00084 N00265 N00007 N00251	N00276-0 N00021-1 N00096-0 N00062-1 N00168-0 N00090-0
654	U00066	11/10/2025 09:31:00 AM	N00262 N00176 N00084 N00265 N00007 N00251	N00027-0 N00016-0 N00295-1 N00150-0 N00216-0 N00021-0 N00250-1 N00018-0
655	U00066	11/14/2025 01:44:00 AM	N00262 N00176 N00084 N00265 N00007 N00251	N00037-0 N00263-0 N00289-0 N00108-0 N00033-1 N00133-0
656	U00066	11/13/2025 01:37:00 PM	N00262 N00176 N00084 N00265 N00007 N00251	N00183-0 N00055-0 N00268-1 N00230-1 N00060-0 N00255-0 N00287-0
657	U00066	11/11/2025 09:21:00 AM	N00262 N00176 N00084 N00265 N00007 N00251	N00140-0 N00284-0 N00064-0 N00174-0 N00195-1 N00215-0 N00264-0
658	U00066	11/15/2025 03:43:00 PM	N00262 N00176 N00084 N00265 N00007 N00251	N00196-0 N00077-0 N00206-1 N00275-0 N00251-0 N00135-0 N00096-0 N00145-0
659	U00066	11/10/2025 11:09:00 PM	N00262 N00176 N00084 N00265 N00007 N00251	N00113-1 N00147-1 N00081-1 N00294-0 N00197-1 N00203-0
660	U00066	11/10/2025 09:22:00 PM	N00262 N00176 N00084 N00265 N00007 N00251	N00232-0 N00256-1 N00174-1 N00021-1 N00113-0 N00125-0 N00141-0 N00081-0 N00135-0
661	U00067	11/15/2025 11:29:00 AM	N00045 N00012 N00273 N00013 N00237 N00068 N00041 N00177 N00080 N00063 N00169 N00222 N00286 N00215	N00167-1 N00126-0 N00041-0 N00138-0 N00017-1 N00119-0 N00218-1
662	U00067	11/11/2025 10:17:00 PM	N00045 N00012 N00273 N00013 N00237 N00068 N00041 N00177 N00080 N00063 N00169 N00222 N00286 N00215	N00021-0 N00097-0 N00267-0 N00227-0 N00180-1 N00222-1 N00078-1 N00049-0 N00278-0
663	U00067	11/15/2025 01:49:00 PM	N00045 N00012 N00273 N00013 N00237 N00068 N00041 N00177 N00080 N00063 N00169 N00222 N00286 N00215	N00160-0 N00128-0 N00216-1 N00135-1 N00271-1
664	U00067	11/15/2025 02:01:00 AM	N00045 N00012 N00273 N00013 N00237 N00068 N00041 N00177 N00080 N00063 N00169 N00222 N00286 N00215	N00203-1 N00206-0 N00260-1 N00170-0 N00269-1 N00014-0 N00277-0 N00282-0
665	U00067	11/11/2025 12:07:00 PM	N00045 N00012 N00273 N00013 N00237 N00068 N00041 N00177 N00080 N00063 N00169 N00222 N00286 N00215	N00068-1 N00120-0 N00077-0 N00074-0 N00264-0
666	U00067	11/10/2025 03:12:00 PM	N00045 N00012 N00273 N00013 N00237 N00068 N00041 N00177 N00080 N00063 N00169 N00222 N00286 N00215	N00279-0 N00234-1 N00153-0 N00147-1 N00007-0 N00109-0
667	U00067	11/11/2025 02:42:00 PM	N00045 N00012 N00273 N00013 N00237 N00068 N00041 N00177 N00080 N00063 N00169 N00222 N00286 N00215	N00073-1 N00070-0 N00042-0 N00151-0 N00251-0 N00218-0 N00247-0 N00157-1
668	U00067	11/12/2025 09:03:00 PM	N00045 N00012 N00273 N00013 N00237 N00068 N00041 N00177 N00080 N00063 N00169 N00222 N00286 N00215	N00076-0 N00243-1 N00250-0 N00016-0 N00284-0
669	U00067	11/16/2025 04:10:00 AM	N00045 N00012 N00273 N00013 N00237 N00068 N00041 N00177 N00080 N00063 N00169 N00222 N00286 N00215	N00239-0 N00016-1 N00030-0 N00235-0 N00047-0 N00170-0
670	U00067	11/12/2025 05:53:00 PM	N00045 N00012 N00273 N00013 N00237 N00068 N00041 N00177 N00080 N00063 N00169 N00222 N00286 N00215	N00275-0 N00150-0 N00041-1 N00230-0 N00231-1 N00277-0 N00045-0 N00058-0
671	U00068	11/14/2025 05:42:00 AM	N00238 N00159 N00262 N00104 N00227 N00016 N00217 N00212 N00174	N00259-0 N00230-1 N00248-0 N00075-0 N00132-0
672	U00068	11/12/2025 03:50:00 AM	N00238 N00159 N00262 N00104 N00227 N00016 N00217 N00212 N00174	N00143-0 N00220-1 N00154-0 N00084-0 N00179-0 N00285-1 N00273-0 N00092-0
673	U00068	11/13/2025 10:59:00 PM	N00238 N00159 N00262 N00104 N00227 N00016 N00217 N00212 N00174	N00022-0 N00017-1 N00161-1 N00157-0 N00166-1 N00103-0 N00100-0 N00240-0
674	U00068	11/12/2025 12:50:00 PM	N00238 N00159 N00262 N00104 N00227 N00016 N00217 N00212 N00174	N00214-0 N00176-0 N00030-0 N00003-0 N00043-0 N00025-0 N00252-1
675	U00068	11/15/2025 02:20:00 AM	N00238 N00159 N00262 N00104 N00227 N00016 N00217 N00212 N00174	N00236-0 N00005-0 N00203-0 N00007-1 N00176-1
676	U00068	11/14/2025 01:57:00 PM	N00238 N00159 N00262 N00104 N00227 N00016 N00217 N00212 N00174	N00217-1 N00093-1 N00254-0 N00091-0 N00001-0
677	U00068	11/12/2025 07:56:00 AM	N00238 N00159 N00262 N00104 N00227 N00016 N00217 N00212 N00174	N00181-0 N00160-0 N00140-0 N00080-0 N00102-0 N00023-0 N00296-1 N00255-0
678	U00068	11/13/2025 04:15:00 PM	N00238 N00159 N00262 N00104 N00227 N00016 N00217 N00212 N00174	N00009-0 N00092-1 N00174-1 N00211-0 N00193-1 N00259-0 N00071-1 N00293-1
679	U00068	11/12/2025 11:10:00 PM	N00238 N00159 N00262 N00104 N00227 N00016 N00217 N00212 N00174	N00229-1 N00194-0 N00200-0 N00172-1 N00220-0
680	U00068	11/14/2025 09:16:00 AM	N00238 N00159 N00262 N00104 N00227 N00016 N00217 N00212 N00174	N00111-0 N00049-1 N00160-0 N00059-0 N00106-0 N00130-0
681	U00069	11/15/2025 10:04:00 AM	N00148 N00071 N00019 N00144 N00197 N00023 N00166 N00182	N00298-0 N00150-1 N00207-0 N00170-0 N00136-1 N00048-1
682	U00069	11/14/2025 09:25:00 AM	N00148 N00071 N00019 N00144 N00197 N00023 N00166 N00182	N00033-1 N00071-1 N00054-0 N00063-0 N00091-0
683	U00069	11/14/2025 09:04:00 AM	N00148 N00071 N00019 N00144 N00197 N00023 N00166 N00182	N00015-0 N00219-0 N00053-1 N00257-0 N00181-0 N00200-0
684	U00069	11/13/2025 12:59:00 AM	N00148 N00071 N00019 N00144 N00197 N00023 N00166 N00182	N00012-0 N00084-1 N00089-1 N00031-0 N00115-0 N00080-0
685	U00069	11/15/2025 12:28:00 PM	N00148 N00071 N00019 N00144 N00197 N00023 N00166 N00182	N00221-1 N00005-0 N00232-1 N00059-0 N00087-0 N00008-1 N00198-0
686	U00069	11/10/2025 05:23:00 PM	N00148 N00071 N00019 N00144 N00197 N00023 N00166 N00182	N00032-0 N00007-1 N00055-1 N00158-0 N00229-1 N00249-0
687	U00069	11/16/2025 06:35:00 AM	N00148 N00071 N00019 N00144 N00197 N00023 N00166 N00182	N00241-0 N00196-0 N00103-1 N00026-1 N00190-1
688	U00069	11/15/2025 02:07:00 AM	N00148 N00071 N00019 N00144 N00197 N00023 N00166 N00182	N00035-1 N00206-0 N00253-0 N00298-0 N00103-1 N00012-0 N00280-1 N00296-1
689	U00069	11/11/2025 02:26:00 PM	N00148 N00071 N00019 N00144 N00197 N00023 N00166 N00182	N00148-0 N00019-1 N00214-0 N00097-0 N00130-0 N00081-1 N00017-0
690	U00069	11/13/2025 03:46:00 AM	N00148 N00071 N00019 N00144 N00197 N00023 N00166 N00182	N00253-0 N00212-1 N00206-0 N00149-1 N00241-0 N00164-1 N00283-0 N00121-0
691	U00070	11/11/2025 11:44:00 AM	N00079 N00281 N00116 N00105 N00160 N00259 N00169 N00039	N00287-1 N00132-0 N00112-1 N00291-1 N00031-1 N00223-0 N00234-1 N00292-1
692	U00070	11/13/2025 08:37:00 PM	N00079 N00281 N00116 N00105 N00160 N00259 N00169 N00039	N00134-0 N00067-0 N00005-1 N00095-0 N00107-0 N00241-1 N00167-0
693	U00070	11/16/2025 04:09:00 AM	N00079 N00281 N00116 N00105 N00160 N00259 N00169 N00039	N00041-0 N00055-0 N00123-1 N00017-0
694	U00070	11/10/2025 09:37:00 AM	N00079 N00281 N00116 N00105 N00160 N00259 N00169 N00039	N00076-0 N00139-1 N00001-0 N00069-1
695	U00070	11/14/2025 05:08:00 PM	N00079 N00281 N00116 N00105 N00160 N00259 N00169 N00039	N00036-0 N00201-0 N00138-0 N00064-0 N00184-1 N00279-0 N00256-0
696	U00070	11/15/2025 08:26:00 PM	N00079 N00281 N00116 N00105 N00160 N00259 N00169 N00039	N00182-0 N00084-0 N00094-1 N00186-1 N00243-1 N00061-1
697	U00070	11/13/2025 06:20:00 AM	N00079 N00281 N00116 N00105 N00160 N00259 N00169 N00039	N00042-0 N00215-0 N00291-1 N00005-1 N00265-0 N00050-1 N00256-0
698	U00070	11/12/2025 08:11:00 PM	N00079 N00281 N00116 N00105 N00160 N00259 N00169 N00039	N00282-0 N00130-0 N00181-1 N00284-0 N00126-0 N00259-0 N00176-0 N00055-0
699	U00070	11/12/2025 02:46:00 PM	N00079 N00281 N00116 N00105 N00160 N00259 N00169 N00039	N00239-1 N00248-0 N00013-1 N00285-0 N00007-0 N00143-0 N00135-0
700	U00070	11/14/2025 04:33:00 PM	N00079 N00281 N00116 N00105 N00160 N00259 N00169 N00039	N00005-1 N00239-1 N00019-0 N00228-0 N00289-0 N00178-0
701	U00071	11/12/2025 05:57:00 AM	N00149 N00110 N00151 N00206 N00140 N00147 N00014 N00175 N00201 N00182 N00034	N00002-1 N00175-0 N00090-0 N00015-1 N00087-0 N00271-0 N00178-0 N00072-0
702	U00071	11/15/2025 05:03:00 AM	N00149 N00110 N00151 N00206 N00140 N00147 N00014 N00175 N00201 N00182 N00034	N00185-1 N00092-0 N00077-1 N00089-1 N00043-0 N00114-1
703	U00071	11/16/2025 07:16:00 AM	N00149 N00110 N00151 N00206 N00140 N00147 N00014 N00175 N00201 N00182 N00034	N00062-0 N00168-0 N00192-1 N00165-1 N00156-0 N00079-0
704	U00071	11/10/2025 03:04:00 PM	N00149 N00110 N00151 N00206 N00140 N00147 N00014 N00175 N00201 N00182 N00034	N00198-0 N00014-1 N00263-1 N00086-1 N00129-0 N00045-0
705	U00071	11/13/2025 07:01:00 AM	N00149 N00110 N00151 N00206 N00140 N00147 N00014 N00175 N00201 N00182 N00034	N00061-1 N00106-0 N00240-0 N00112-1 N00062-0 N00208-0
706	U00071	11/13/2025 02:10:00 PM	N00149 N00110 N00151 N00206 N00140 N00147 N00014 N00175 N00201 N00182 N00034	N00275-0 N00292-1 N00140-1 N00028-0 N00274-1 N00291-0 N00090-0
707	U00071	11/13/2025 04:21:00 AM	N00149 N00110 N00151 N00206 N00140 N00147 N00014 N00175 N00201 N00182 N00034	N00017-1 N00050-0 N00069-0 N00206-0 N00038-1
708	U00071	11/11/2025 04:20:00 AM	N00149 N00110 N00151 N00206 N00140 N00147 N00014 N00175 N00201 N00182 N00034	N00013-0 N00077-0 N00041-0 N00023-0 N00297-1 N00116-0
709	U00071	11/15/2025 05:26:00 PM	N00149 N00110 N00151 N00206 N00140 N00147 N00014 N00175 N00201 N00182 N00034	N00218-1 N00070-1 N00281-0 N00187-1
710	U00071	11/10/2025 01:36:00 PM	N00149 N00110 N00151 N00206 N00140 N00147 N00014 N00175 N00201 N00182 N00034	N00121-0 N00057-0 N00108-1 N00151-1
711	U00072	11/14/2025 08:06:00 AM	N00170 N00038 N00113 N00097 N00028 N00065 N00031 N00040	N00165-1 N00063-0 N00214-0 N00161-0 N00143-0
712	U00072	11/10/2025 11:13:00 PM	N00170 N00038 N00113 N00097 N00028 N00065 N00031 N00040	N00091-0 N00119-0 N00166-0 N00074-1 N00226-1 N00003-0 N00170-1
713	U00072	11/14/2025 05:17:00 PM	N00170 N00038 N00113 N00097 N00028 N00065 N00031 N00040	N00293-0 N00001-0 N00095-0 N00170-0
714	U00072	11/14/2025 11:42:00 AM	N00170 N00038 N00113 N00097 N00028 N00065 N00031 N00040	N00152-0 N00044-0 N00020-0 N00090-0 N00027-0
715	U00072	11/10/2025 09:06:00 PM	N00170 N00038 N00113 N00097 N00028 N00065 N00031 N00040	N00244-0 N00188-1 N00067-1 N00048-1 N00196-0 N00220-0
716	U00072	11/11/2025 11:31:00 PM	N00170 N00038 N00113 N00097 N00028 N00065 N00031 N00040	N00101-0 N00037-0 N00028-1 N00256-1 N00095-0 N00004-1 N00273-0 N00036-0
717	U00072	11/15/2025 03:28:00 PM	N00170 N00038 N00113 N00097 N00028 N00065 N00031 N00040	N00164-0 N00283-0 N00136-0 N00214-0 N00158-1 N00103-0
718	U00072	11/13/2025 12:16:00 AM	N00170 N00038 N00113 N00097 N00028 N00065 N00031 N00040	N00039-0 N00102-0 N00165-0 N00246-0 N00097-0 N00013-0
719	U00072	11/14/2025 01:40:00 PM	N00170 N00038 N00113 N00097 N00028 N00065 N00031 N00040	N00009-1 N00107-1 N00204-0 N00249-0 N00067-0
720	U00072	11/14/2025 02:40:00 PM	N00170 N00038 N00113 N00097 N00028 N00065 N00031 N00040	N00150-0 N00158-1 N00040-0 N00123-0 N00196-0 N00214-0 N00027-0
721	U00073	11/12/2025 07:13:00 AM	N00208 N00170 N00266 N00031 N00040 N00188 N00065	N00020-1 N00072-0 N00040-1 N00007-0 N00243-0 N00156-0
722	U00073	11/15/2025 03:02:00 PM	N00208 N00170 N00266 N00031 N00040 N00188 N00065	N00244-1 N00289-0 N00004-0 N00074-0 N00133-0 N00199-0 N00266-0
723	U00073	11/16/2025 02:01:00 AM	N00208 N00170 N00266 N00031 N00040 N00188 N00065	N00027-0 N00123-1 N00114-0 N00085-0 N00130-0 N00074-0 N00075-0 N00090-1
724	U00073	11/15/2025 09:09:00 PM	N00208 N00170 N00266 N00031 N00040 N00188 N00065	N00223-0 N00004-0 N00158-1 N00214-1 N00109-1 N00074-1
725	U00073	11/11/2025 04:45:00 PM	N00208 N00170 N00266 N00031 N00040 N00188 N00065	N00266-1 N00188-1 N00133-0 N00074-1 N00264-0 N00252-0 N00299-0 N00110-0
726	U00073	11/10/2025 03:47:00 PM	N00208 N00170 N00266 N00031 N00040 N00188 N00065	N00288-0 N00165-1 N00274-0 N00033-0 N00214-1 N00082-0
727	U00073	11/13/2025 12:34:00 AM	N00208 N00170 N00266 N00031 N00040 N00188 N00065	N00253-0 N00082-0 N00095-1 N00026-0 N00113-1 N00114-0
728	U00073	11/12/2025 10:10:00 PM	N00208 N00170 N00266 N00031 N00040 N00188 N00065	N00018-0 N00020-0 N00004-1 N00113-0 N00016-0 N00051-0 N00009-0 N00015-0
729	U00073	11/11/2025 07:09:00 AM	N00208 N00170 N00266 N00031 N00040 N00188 N00065	N00101-0 N00226-0 N00159-0 N00176-0 N00048-1 N00177-0 N00158-1
730	U00073	11/13/2025 11:02:00 PM	N00208 N00170 N00266 N00031 N00040 N00188 N00065	N00009-1 N00159-0 N00299-1 N00150-0 N00030-0 N00020-1 N00208-1 N00227-0 N00002-0
731	U00074	11/14/2025 10:39:00 PM	N00293 N00275 N00030 N00148 N00263 N00195 N00071 N00033 N00016 N00176 N00197 N00182 N00185	N00110-0 N00074-0 N00205-1 N00051-0 N00192-0
732	U00074	11/15/2025 07:00:00 AM	N00293 N00275 N00030 N00148 N00263 N00195 N00071 N00033 N00016 N00176 N00197 N00182 N00185	N00094-0 N00148-0 N00184-0 N00220-1 N00194-0 N00177-0 N00150-1
733	U00074	11/16/2025 05:42:00 AM	N00293 N00275 N00030 N00148 N00263 N00195 N00071 N00033 N00016 N00176 N00197 N00182 N00185	N00232-1 N00288-0 N00016-1 N00023-0 N00092-0 N00155-0 N00273-0 N00142-1
734	U00074	11/12/2025 07:48:00 PM	N00293 N00275 N00030 N00148 N00263 N00195 N00071 N00033 N00016 N00176 N00197 N00182 N00185	N00014-1 N00154-0 N00274-0 N00255-1 N00193-1
735	U00074	11/13/2025 05:26:00 PM	N00293 N00275 N00030 N00148 N00263 N00195 N00071 N00033 N00016 N00176 N00197 N00182 N00185	N00187-0 N00086-0 N00006-0 N00164-1 N00110-0 N00103-0 N00295-0
736	U00074	11/12/2025 09:18:00 AM	N00293 N00275 N00030 N00148 N00263 N00195 N00071 N00033 N00016 N00176 N00197 N00182 N00185	N00230-0 N00081-1 N00190-0 N00291-0 N00197-0 N00176-1
737	U00074	11/16/2025 03:29:00 AM	N00293 N00275 N00030 N00148 N00263 N00195 N00071 N00033 N00016 N00176 N00197 N00182 N00185	N00078-0 N00233-0 N00265-0 N00140-0 N00038-0 N00091-0 N00101-1 N00226-0 N00033-1
738	U00074	11/13/2025 11:29:00 AM	N00293 N00275 N00030 N00148 N00263 N00195 N00071 N00033 N00016 N00176 N00197 N00182 N00185	N00009-0 N00003-0 N00110-1 N00010-0 N00148-1 N00021-1 N00081-0 N00074-0 N00265-0
739	U00074	11/13/2025 08:56:00 AM	N00293 N00275 N00030 N00148 N00263 N00195 N00071 N00033 N00016 N00176 N00197 N00182 N00185	N00268-1 N00285-1 N00032-0 N00024-0 N00008-1 N00057-1 N00185-1
740	U00074	11/13/2025 02:10:00 PM	N00293 N00275 N00030 N00148 N00263 N00195 N00071 N00033 N00016 N00176 N00197 N00182 N00185	N00182-1 N00031-1 N00190-0 N00126-0 N00091-0 N00167-0 N00089-0
741	U00075	11/15/2025 11:07:00 AM	N00009 N00113 N00091 N00224 N00165 N00178 N00246 N00020 N00095	N00020-1 N00009-1 N00127-0 N00178-0 N00034-1 N00216-1 N00085-1
742	U00075	11/12/2025 07:03:00 PM	N00009 N00113 N00091 N00224 N00165 N00178 N00246 N00020 N00095	N00286-0 N00178-1 N00087-0 N00040-0 N00282-0 N00252-0
743	U00075	11/12/2025 05:15:00 PM	N00009 N00113 N00091 N00224 N00165 N00178 N00246 N00020 N00095	N00144-0 N00223-1 N00020-1 N00088-0 N00076-0 N00170-0
744	U00075	11/13/2025 02:11:00 AM	N00009 N00113 N00091 N00224 N00165 N00178 N00246 N00020 N00095	N00105-0 N00288-0 N00095-0 N00240-0 N00225-0 N00250-0 N00180-0
745	U00075	11/12/2025 08:49:00 AM	N00009 N00113 N00091 N00224 N00165 N00178 N00246 N00020 N00095	N00075-0 N00086-0 N00085-1 N00282-1 N00138-0 N00117-0 N00040-1 N00179-0
746	U00075	11/15/2025 02:19:00 PM	N00009 N00113 N00091 N00224 N00165 N00178 N00246 N00020 N00095	N00107-0 N00299-0 N00083-1 N00090-1 N00246-0 N00217-0 N00149-0
747	U00075	11/14/2025 12:25:00 PM	N00009 N00113 N00091 N00224 N00165 N00178 N00246 N00020 N00095	N00097-0 N00056-0 N00178-0 N00206-0 N00067-0 N00266-0 N00229-0 N00227-0
748	U00075	11/10/2025 04:53:00 PM	N00009 N00113 N00091 N00224 N00165 N00178 N00246 N00020 N00095	N00300-0 N00266-1 N00148-0 N00189-0 N00165-0 N00093-0
749	U00075	11/13/2025 10:03:00 AM	N00009 N00113 N00091 N00224 N00165 N00178 N00246 N00020 N00095	N00121-1 N00085-0 N00046-0 N00201-0 N00050-0 N00016-0 N00226-1
750	U00075	11/16/2025 12:12:00 AM	N00009 N00113 N00091 N00224 N00165 N00178 N00246 N00020 N00095	N00171-0 N00164-0 N00170-0 N00067-1 N00143-1 N00028-1 N00136-1 N00292-0 N00011-0
751	U00076	11/16/2025 01:16:00 AM	N00172 N00019 N00258 N00057 N00112 N00104 N00221 N00149 N00061 N00265 N00275 N00175 N00024 N00271 N00072	N00016-1 N00135-0 N00033-0 N00048-0 N00091-0
752	U00076	11/13/2025 08:13:00 AM	N00172 N00019 N00258 N00057 N00112 N00104 N00221 N00149 N00061 N00265 N00275 N00175 N00024 N00271 N00072	N00149-0 N00062-0 N00069-1 N00001-0
753	U00076	11/11/2025 10:31:00 PM	N00172 N00019 N00258 N00057 N00112 N00104 N00221 N00149 N00061 N00265 N00275 N00175 N00024 N00271 N00072	N00094-0 N00145-1 N00030-1 N00257-1 N00214-0 N00264-0 N00133-1 N00177-0
754	U00076	11/10/2025 03:28:00 PM	N00172 N00019 N00258 N00057 N00112 N00104 N00221 N00149 N00061 N00265 N00275 N00175 N00024 N00271 N00072	N00041-1 N00188-1 N00083-1 N00271-1 N00052-0 N00211-0
755	U00076	11/11/2025 11:40:00 AM	N00172 N00019 N00258 N00057 N00112 N00104 N00221 N00149 N00061 N00265 N00275 N00175 N00024 N00271 N00072	N00065-0 N00295-1 N00071-0 N00214-0 N00226-1 N00130-0
756	U00076	11/15/2025 05:20:00 AM	N00172 N00019 N00258 N00057 N00112 N00104 N00221 N00149 N00061 N00265 N00275 N00175 N00024 N00271 N00072	N00178-0 N00151-0 N00110-1 N00293-0 N00240-1
757	U00076	11/13/2025 03:57:00 PM	N00172 N00019 N00258 N00057 N00112 N00104 N00221 N00149 N00061 N00265 N00275 N00175 N00024 N00271 N00072	N00146-1 N00300-0 N00247-1 N00289-1 N00018-0 N00001-0
758	U00076	11/15/2025 07:00:00 PM	N00172 N00019 N00258 N00057 N00112 N00104 N00221 N00149 N00061 N00265 N00275 N00175 N00024 N00271 N00072	N00286-0 N00056-0 N00160-0 N00029-0 N00205-1 N00224-0 N00083-1 N00175-0
759	U00076	11/14/2025 05:50:00 PM	N00172 N00019 N00258 N00057 N00112 N00104 N00221 N00149 N00061 N00265 N00275 N00175 N00024 N00271 N00072	N00112-1 N00012-0 N00034-1 N00233-0 N00098-1 N00237-0
760	U00076	11/15/2025 01:40:00 AM	N00172 N00019 N00258 N00057 N00112 N00104 N00221 N00149 N00061 N00265 N00275 N00175 N00024 N00271 N00072	N00178-1 N00241-0 N00187-1 N00246-0
761	U00077	11/13/2025 10:39:00 AM	N00035 N00135 N00084 N00265 N00185 N00132 N00027 N00161 N00014 N00183	N00049-0 N00161-1 N00211-0 N00196-0 N00213-0 N00152-0 N00056-0
762	U00077	11/16/2025 01:20:00 AM	N00035 N00135 N00084 N00265 N00185 N00132 N00027 N00161 N00014 N00183	N00205-0 N00174-1 N00246-0 N00092-0 N00280-1 N00132-1
763	U00077	11/15/2025 11:10:00 AM	N00035 N00135 N00084 N00265 N00185 N00132 N00027 N00161 N00014 N00183	N00275-1 N00240-1 N00097-0 N00144-0 N00105-0 N00256-0
764	U00077	11/12/2025 05:34:00 AM	N00035 N00135 N00084 N00265 N00185 N00132 N00027 N00161 N00014 N00183	N00133-0 N00130-0 N00214-1 N00226-0 N00289-1 N00147-0 N00271-1 N00040-0
765	U00077	11/12/2025 06:14:00 AM	N00035 N00135 N00084 N00265 N00185 N00132 N00027 N00161 N00014 N00183	N00219-0 N00147-0 N00279-0 N00041-1 N00083-1 N00157-0 N00053-0
766	U00077	11/12/2025 03:00:00 PM	N00035 N00135 N00084 N00265 N00185 N00132 N00027 N00161 N00014 N00183	N00204-1 N00164-1 N00044-0 N00267-0 N00228-0 N00172-0
767	U00077	11/10/2025 07:13:00 PM	N00035 N00135 N00084 N00265 N00185 N00132 N00027 N00161 N00014 N00183	N00041-0 N00078-0 N00180-0 N00200-1 N00126-0 N00218-1 N00076-0
768	U00077	11/10/2025 08:39:00 AM	N00035 N00135 N00084 N00265 N00185 N00132 N00027 N00161 N00014 N00183	N00033-0 N00113-0 N00041-1 N00174-0 N00294-1 N00221-1
769	U00077	11/15/2025 12:48:00 PM	N00035 N00135 N00084 N00265 N00185 N00132 N00027 N00161 N00014 N00183	N00092-0 N00179-0 N00247-0 N00098-0 N00204-0
770	U00077	11/13/2025 09:20:00 AM	N00035 N00135 N00084 N00265 N00185 N00132 N00027 N00161 N00014 N00183	N00289-0 N00261-0 N00077-1 N00117-0 N00051-0 N00014-1 N00176-1 N00109-0 N00063-0
771	U00078	11/11/2025 10:15:00 AM	N00178 N00113 N00009 N00065 N00004 N00020 N00246 N00067 N00165 N00224 N00075 N00107 N00048 N00100 N00299	N00107-1 N00003-0 N00031-0 N00129-0
772	U00078	11/12/2025 05:06:00 AM	N00178 N00113 N00009 N00065 N00004 N00020 N00246 N00067 N00165 N00224 N00075 N00107 N00048 N00100 N00299	N00100-0 N00158-1 N00290-0 N00231-0 N00246-1 N00087-0 N00294-0
773	U00078	11/15/2025 01:58:00 PM	N00178 N00113 N00009 N00065 N00004 N00020 N00246 N00067 N00165 N00224 N00075 N00107 N00048 N00100 N00299	N00135-0 N00063-0 N00246-0 N00110-0 N00081-1 N00088-0 N00031-0
774	U00078	11/14/2025 03:26:00 PM	N00178 N00113 N00009 N00065 N00004 N00020 N00246 N00067 N00165 N00224 N00075 N00107 N00048 N00100 N00299	N00088-0 N00274-1 N00278-0 N00273-0 N00074-1 N00015-0 N00206-0 N00105-0
775	U00078	11/14/2025 09:20:00 AM	N00178 N00113 N00009 N00065 N00004 N00020 N00246 N00067 N00165 N00224 N00075 N00107 N00048 N00100 N00299	N00229-0 N00148-0 N00208-1 N00226-1
776	U00078	11/13/2025 01:04:00 PM	N00178 N00113 N00009 N00065 N00004 N00020 N00246 N00067 N00165 N00224 N00075 N00107 N00048 N00100 N00299	N00118-0 N00085-0 N00088-0 N00017-0 N00196-0 N00188-0
777	U00078	11/14/2025 10:40:00 AM	N00178 N00113 N00009 N00065 N00004 N00020 N00246 N00067 N00165 N00224 N00075 N00107 N00048 N00100 N00299	N00274-1 N00091-1 N00106-0 N00196-0 N00067-0 N00218-0
778	U00078	11/11/2025 08:18:00 PM	N00178 N00113 N00009 N00065 N00004 N00020 N00246 N00067 N00165 N00224 N00075 N00107 N00048 N00100 N00299	N00113-1 N00282-1 N00159-0 N00154-0
779	U00078	11/13/2025 08:11:00 AM	N00178 N00113 N00009 N00065 N00004 N00020 N00246 N00067 N00165 N00224 N00075 N00107 N00048 N00100 N00299	N00074-0 N00031-0 N00151-1 N00188-0 N00028-0 N00199-0 N00276-0
780	U00078	11/11/2025 05:48:00 AM	N00178 N00113 N00009 N00065 N00004 N00020 N00246 N00067 N00165 N00224 N00075 N00107 N00048 N00100 N00299	N00119-0 N00033-0 N00165-0 N00110-0 N00143-1
781	U00079	11/12/2025 01:15:00 PM	N00205 N00137 N00220 N00248 N00227 N00223 N00252 N00192 N00055	N00118-1 N00294-0 N00109-1 N00261-1 N00015-0 N00060-0 N00078-0 N00006-1 N00289-1
782	U00079	11/14/2025 01:49:00 PM	N00205 N00137 N00220 N00248 N00227 N00223 N00252 N00192 N00055	N00259-0 N00190-1 N00076-0 N00108-0 N00027-0 N00075-1 N00185-1 N00201-0
783	U00079	11/15/2025 12:07:00 PM	N00205 N00137 N00220 N00248 N00227 N00223 N00252 N00192 N00055	N00162-0 N00276-0 N00094-1 N00205-1 N00181-0
784	U00079	11/11/2025 01:02:00 PM	N00205 N00137 N00220 N00248 N00227 N00223 N00252 N00192 N00055	N00099-0 N00284-0 N00014-1 N00130-0
785	U00079	11/11/2025 09:24:00 PM	N00205 N00137 N00220 N00248 N00227 N00223 N00252 N00192 N00055	N00180-1 N00018-1 N00067-1 N00077-0 N00185-1 N00255-0
786	U00079	11/12/2025 08:36:00 AM	N00205 N00137 N00220 N00248 N00227 N00223 N00252 N00192 N00055	N00111-0 N00146-0 N00099-0 N00232-0 N00006-1 N00148-0 N00047-0 N00187-1
787	U00079	11/10/2025 03:29:00 PM	N00205 N00137 N00220 N00248 N00227 N00223 N00252 N00192 N00055	N00183-0 N00139-1 N00133-0 N00215-0 N00167-1
788	U00079	11/15/2025 12:01:00 PM	N00205 N00137 N00220 N00248 N00227 N00223 N00252 N00192 N00055	N00190-0 N00062-1 N00057-0 N00045-0 N00141-0 N00242-0 N00297-1
789	U00079	11/11/2025 12:08:00 PM	N00205 N00137 N00220 N00248 N00227 N00223 N00252 N00192 N00055	N00270-1 N00059-1 N00175-1 N00206-1 N00240-0
790	U00079	11/14/2025 02:58:00 AM	N00205 N00137 N00220 N00248 N00227 N00223 N00252 N00192 N00055	N00252-0 N00143-1 N00176-0 N00245-0 N00297-1 N00202-1 N00277-1 N00232-1 N00026-0
791	U00080	11/11/2025 11:28:00 AM	N00088 N00009 N00170 N00274	N00224-0 N00025-0 N00038-1 N00251-0 N00074-1 N00008-0 N00058-0
792	U00080	11/13/2025 10:06:00 PM	N00088 N00009 N00170 N00274	N00049-0 N00200-0 N00090-1 N00208-1
793	U00080	11/13/2025 01:07:00 PM	N00088 N00009 N00170 N00274	N00209-0 N00009-0 N00282-1 N00178-0 N00263-0 N00212-0 N00075-0
794	U00080	11/11/2025 10:59:00 PM	N00088 N00009 N00170 N00274	N00211-0 N00049-0 N00178-1 N00067-0 N00039-0 N00148-0 N00165-1 N00083-0
795	U00080	11/15/2025 10:07:00 PM	N00088 N00009 N00170 N00274	N00095-1 N00009-0 N00145-0 N00288-1 N00042-0
796	U00080	11/13/2025 03:38:00 AM	N00088 N00009 N00170 N00274	N00299-0 N00236-0 N00224-0 N00288-1 N00102-0 N00291-0
797	U00080	11/13/2025 08:06:00 PM	N00088 N00009 N00170 N00274	N00100-0 N00286-0 N00224-1 N00030-0 N00283-0
798	U00080	11/15/2025 05:37:00 AM	N00088 N00009 N00170 N00274	N00048-1 N00010-0 N00188-0 N00288-0 N00282-1 N00042-0 N00105-0 N00161-0
799	U00080	11/15/2025 08:40:00 AM	N00088 N00009 N00170 N00274	N00092-0 N00221-0 N00297-0 N00038-0 N00264-0 N00091-1 N00040-1 N00266-0
800	U00080	11/13/2025 07:33:00 PM	N00088 N00009 N00170 N00274	N00143-1 N00259-0 N00188-0 N00007-0 N00226-1 N00110-0 N00282-1
801	U00081	11/14/2025 11:43:00 PM	N00263 N00174 N00192 N00069 N00112	N00119-1 N00289-0 N00148-1 N00199-1 N00167-0 N00192-1 N00219-0 N00056-1
802	U00081	11/13/2025 09:31:00 AM	N00263 N00174 N00192 N00069 N00112	N00272-0 N00217-0 N00124-0 N00216-0 N00195-1 N00187-0 N00046-0
803	U00081	11/14/2025 06:40:00 AM	N00263 N00174 N00192 N00069 N00112	N00239-1 N00168-0 N00258-1 N00084-1 N00155-0 N00010-0 N00283-0 N00102-0
804	U00081	11/13/2025 04:34:00 PM	N00263 N00174 N00192 N00069 N00112	N00211-0 N00002-1 N00110-1 N00053-1 N00105-0 N00087-0 N00289-1
805	U00081	11/14/2025 10:27:00 AM	N00263 N00174 N00192 N00069 N00112	N00201-1 N00082-0 N00029-0 N00076-0
806	U00081	11/12/2025 06:26:00 AM	N00263 N00174 N00192 N00069 N00112	N00162-0 N00001-0 N00145-1 N00019-1 N00283-0
807	U00081	11/15/2025 08:58:00 AM	N00263 N00174 N00192 N00069 N00112	N00196-0 N00118-0 N00261-0 N00102-0 N00054-0 N00183-1
808	U00081	11/10/2025 11:48:00 PM	N00263 N00174 N00192 N00069 N00112	N00265-1 N00276-1 N00061-1 N00071-1 N00234-0 N00101-0 N00047-0 N00256-0 N00212-0
809	U00081	11/15/2025 08:16:00 PM	N00263 N00174 N00192 N00069 N00112	N00185-1 N00161-0 N00274-0 N00229-0 N00164-1 N00096-1 N00077-1 N00158-0 N00243-1
810	U00081	11/15/2025 11:23:00 PM	N00263 N00174 N00192 N00069 N00112	N00029-0 N00031-0 N00134-0 N00036-0 N00220-1 N00189-0 N00043-0
811	U00082	11/14/2025 04:11:00 PM	N00032 N00273 N00045 N00001 N00025 N00012 N00129 N00180 N00120 N00216 N00272 N00109 N00066	N00103-0 N00273-1 N00196-1 N00219-0 N00244-0 N00296-0
812	U00082	11/12/2025 11:48:00 PM	N00032 N00273 N00045 N00001 N00025 N00012 N00129 N00180 N00120 N00216 N00272 N00109 N00066	N00120-1 N00176-0 N00088-0 N00078-1 N00124-0 N00115-0 N00012-0
813	U00082	11/13/2025 06:44:00 PM	N00032 N00273 N00045 N00001 N00025 N00012 N00129 N00180 N00120 N00216 N00272 N00109 N00066	N00284-1 N00133-0 N00079-1 N00162-0 N00238-0
814	U00082	11/11/2025 05:11:00 PM	N00032 N00273 N00045 N00001 N00025 N00012 N00129 N00180 N00120 N00216 N00272 N00109 N00066	N00181-0 N00122-0 N00055-0 N00119-0 N00155-0 N00042-0 N00187-0 N00199-1
815	U00082	11/13/2025 09:00:00 AM	N00032 N00273 N00045 N00001 N00025 N00012 N00129 N00180 N00120 N00216 N00272 N00109 N00066	N00154-0 N00127-0 N00079-0 N00041-1 N00059-0 N00190-1
816	U00082	11/12/2025 10:08:00 PM	N00032 N00273 N00045 N00001 N00025 N00012 N00129 N00180 N00120 N00216 N00272 N00109 N00066	N00293-0 N00168-1 N00030-0 N00060-0 N00046-0 N00165-0 N00184-1 N00260-1 N00121-0
817	U00082	11/11/2025 07:16:00 PM	N00032 N00273 N00045 N00001 N00025 N00012 N00129 N00180 N00120 N00216 N00272 N00109 N00066	N00186-1 N00231-0 N00108-1 N00091-0 N00277-0 N00092-1 N00219-0
818	U00082	11/11/2025 10:07:00 AM	N00032 N00273 N00045 N00001 N00025 N00012 N00129 N00180 N00120 N00216 N00272 N00109 N00066	N00215-1 N00117-0 N00175-0 N00107-0 N00212-0
819	U00082	11/16/2025 04:43:00 AM	N00032 N00273 N00045 N00001 N00025 N00012 N00129 N00180 N00120 N00216 N00272 N00109 N00066	N00012-0 N00219-0 N00149-0 N00131-0 N00045-1 N00121-1 N00212-1
820	U00082	11/13/2025 06:40:00 AM	N00032 N00273 N00045 N00001 N00025 N00012 N00129 N00180 N00120 N00216 N00272 N00109 N00066	N00090-0 N00283-1 N00130-0 N00138-1
821	U00083	11/12/2025 04:16:00 PM	N00031 N00165 N00188 N00214 N00226 N00100 N00266 N00299 N00170 N00088 N00075 N00038	N00028-1 N00178-0 N00041-0 N00095-1 N00130-0 N00217-0 N00280-0 N00266-0
822	U00083	11/15/2025 02:37:00 AM	N00031 N00165 N00188 N00214 N00226 N00100 N00266 N00299 N00170 N00088 N00075 N00038	N00081-0 N00284-0 N00028-0 N00102-0 N00299-0 N00191-0
823	U00083	11/14/2025 06:16:00 AM	N00031 N00165 N00188 N00214 N00226 N00100 N00266 N00299 N00170 N00088 N00075 N00038	N00145-0 N00139-0 N00265-0 N00065-1 N00104-0 N00088-0
824	U00083	11/14/2025 02:11:00 PM	N00031 N00165 N00188 N00214 N00226 N00100 N00266 N00299 N00170 N00088 N00075 N00038	N00274-1 N00088-1 N00074-1 N00089-0 N00073-0 N00282-1
825	U00083	11/10/2025 08:32:00 AM	N00031 N00165 N00188 N00214 N00226 N00100 N00266 N00299 N00170 N00088 N00075 N00038	N00274-0 N00119-1 N00222-0 N00004-1 N00230-0 N00180-0 N00158-0 N00051-0 N00048-0
826	U00083	11/11/2025 06:19:00 PM	N00031 N00165 N00188 N00214 N00226 N00100 N00266 N00299 N00170 N00088 N00075 N00038	N00270-0 N00124-1 N00240-1 N00011-0 N00004-1 N00040-0 N00020-0
827	U00083	11/13/2025 04:05:00 PM	N00031 N00165 N00188 N00214 N00226 N00100 N00266 N00299 N00170 N00088 N00075 N00038	N00143-0 N00053-1 N00182-0 N00165-1
828	U00083	11/14/2025 03:52:00 AM	N00031 N00165 N00188 N00214 N00226 N00100 N00266 N00299 N00170 N00088 N00075 N00038	N00214-1 N00122-0 N00255-0 N00249-0 N00020-1 N00220-0 N00246-1 N00004-0
829	U00083	11/10/2025 11:33:00 PM	N00031 N00165 N00188 N00214 N00226 N00100 N00266 N00299 N00170 N00088 N00075 N00038	N00288-0 N00009-1 N00047-0 N00143-0 N00254-0 N00115-0 N00031-0 N00217-0 N00268-0
830	U00083	11/11/2025 08:00:00 PM	N00031 N00165 N00188 N00214 N00226 N00100 N00266 N00299 N00170 N00088 N00075 N00038	N00084-0 N00282-0 N00004-1 N00220-0 N00274-1
831	U00084	11/11/2025 09:17:00 PM	N00065 N00224 N00100 N00158 N00075 N00031 N00040 N00067 N00299 N00020 N00102 N00134 N00282 N00085	N00046-0 N00299-1 N00281-0 N00067-1 N00201-0
832	U00084	11/15/2025 05:23:00 PM	N00065 N00224 N00100 N00158 N00075 N00031 N00040 N00067 N00299 N00020 N00102 N00134 N00282 N00085	N00226-1 N00077-1 N00107-0 N00178-0 N00002-1
833	U00084	11/15/2025 08:14:00 PM	N00065 N00224 N00100 N00158 N00075 N00031 N00040 N00067 N00299 N00020 N00102 N00134 N00282 N00085	N00170-1 N00131-1 N00208-1 N00028-0 N00082-0 N00109-1 N00097-0 N00169-0
834	U00084	11/11/2025 10:08:00 AM	N00065 N00224 N00100 N00158 N00075 N00031 N00040 N00067 N00299 N00020 N00102 N00134 N00282 N00085	N00143-1 N00005-0 N00266-0 N00284-0 N00158-0
835	U00084	11/11/2025 05:05:00 AM	N00065 N00224 N00100 N00158 N00075 N00031 N00040 N00067 N00299 N00020 N00102 N00134 N00282 N00085	N00217-1 N00020-1 N00260-0 N00038-1 N00140-1 N00178-0
836	U00084	11/13/2025 06:53:00 AM	N00065 N00224 N00100 N00158 N00075 N00031 N00040 N00067 N00299 N00020 N00102 N00134 N00282 N00085	N00102-0 N00226-1 N00197-0 N00274-1 N00179-0 N00282-0
837	U00084	11/14/2025 07:05:00 AM	N00065 N00224 N00100 N00158 N00075 N00031 N00040 N00067 N00299 N00020 N00102 N00134 N00282 N00085	N00051-0 N00085-0 N00266-1 N00044-0 N00132-1 N00102-0 N00214-1
838	U00084	11/15/2025 07:28:00 PM	N00065 N00224 N00100 N00158 N00075 N00031 N00040 N00067 N00299 N00020 N00102 N00134 N00282 N00085	N00166-0 N00067-0 N00170-1 N00113-0 N00036-0 N00241-0
839	U00084	11/15/2025 12:12:00 AM	N00065 N00224 N00100 N00158 N00075 N00031 N00040 N00067 N00299 N00020 N00102 N00134 N00282 N00085	N00083-0 N00029-0 N00107-1 N00181-0 N00158-0 N00075-1 N00090-0 N00241-0
840	U00084	11/11/2025 03:02:00 AM	N00065 N00224 N00100 N00158 N00075 N00031 N00040 N00067 N00299 N00020 N00102 N00134 N00282 N00085	N00144-0 N00020-0 N00017-0 N00187-0 N00224-1 N00061-0 N00107-1 N00040-0
841	U00085	11/14/2025 07:55:00 PM	N00164 N00252 N00151 N00206 N00179 N00221 N00069 N00205 N00124 N00002 N00192 N00099 N00132 N00008 N00277	N00299-1 N00295-1 N00276-0 N00112-1
842	U00085	11/13/2025 04:43:00 AM	N00164 N00252 N00151 N00206 N00179 N00221 N00069 N00205 N00124 N00002 N00192 N00099 N00132 N00008 N00277	N00164-0 N00113-0 N00171-0 N00012-0 N00173-1 N00240-1 N00008-0 N00020-1
843	U00085	11/10/2025 08:18:00 PM	N00164 N00252 N00151 N00206 N00179 N00221 N00069 N00205 N00124 N00002 N00192 N00099 N00132 N00008 N00277	N00265-0 N00018-1 N00272-0 N00079-0 N00227-0 N00229-1 N00201-1
844	U00085	11/16/2025 03:58:00 AM	N00164 N00252 N00151 N00206 N00179 N00221 N00069 N00205 N00124 N00002 N00192 N00099 N00132 N00008 N00277	N00066-0 N00240-1 N00182-1 N00214-0 N00242-1
845	U00085	11/13/2025 11:36:00 PM	N00164 N00252 N00151 N00206 N00179 N00221 N00069 N00205 N00124 N00002 N00192 N00099 N00132 N00008 N00277	N00168-0 N00024-1 N00271-0 N00110-1 N00215-0 N00174-1
846	U00085	11/15/2025 12:45:00 PM	N00164 N00252 N00151 N00206 N00179 N00221 N00069 N00205 N00124 N00002 N00192 N00099 N00132 N00008 N00277	N00229-0 N00274-0 N00104-0 N00187-0 N00120-0
847	U00085	11/10/2025 02:10:00 PM	N00164 N00252 N00151 N00206 N00179 N00221 N00069 N00205 N00124 N00002 N00192 N00099 N00132 N00008 N00277	N00150-1 N00048-1 N00122-1 N00145-0 N00018-0 N00049-1 N00064-0 N00100-0
848	U00085	11/10/2025 10:00:00 AM	N00164 N00252 N00151 N00206 N00179 N00221 N00069 N00205 N00124 N00002 N00192 N00099 N00132 N00008 N00277	N00295-1 N00268-0 N00020-1 N00110-0 N00036-1 N00174-1
849	U00085	11/11/2025 12:39:00 PM	N00164 N00252 N00151 N00206 N00179 N00221 N00069 N00205 N00124 N00002 N00192 N00099 N00132 N00008 N00277	N00180-1 N00195-0 N00233-0 N00128-0 N00222-1 N00298-1
850	U00085	11/11/2025 09:42:00 PM	N00164 N00252 N00151 N00206 N00179 N00221 N00069 N00205 N00124 N00002 N00192 N00099 N00132 N00008 N00277	N00106-1 N00220-1 N00143-0 N00181-1
851	U00086	11/11/2025 03:45:00 PM	N00046 N00096 N00062 N00268	N00035-0 N00256-1 N00154-1 N00159-0 N00067-0 N00040-1
852	U00086	11/13/2025 02:06:00 AM	N00046 N00096 N00062 N00268	N00089-0 N00096-0 N00082-0 N00202-0 N00035-0
853	U00086	11/12/2025 06:44:00 AM	N00046 N00096 N00062 N00268	N00295-0 N00020-0 N00149-0 N00287-0 N00271-1 N00104-1 N00018-0
854	U00086	11/12/2025 09:42:00 AM	N00046 N00096 N00062 N00268	N00265-0 N00288-0 N00178-0 N00065-0 N00144-1
855	U00086	11/15/2025 12:03:00 PM	N00046 N00096 N00062 N00268	N00221-0 N00281-0 N00082-0 N00217-0 N00077-0
856	U00086	11/15/2025 12:47:00 PM	N00046 N00096 N00062 N00268	N00176-0 N00205-1 N00115-0 N00020-0 N00029-0 N00105-0
857	U00086	11/15/2025 02:02:00 PM	N00046 N00096 N00062 N00268	N00151-1 N00017-0 N00262-1 N00020-0
858	U00086	11/14/2025 03:59:00 PM	N00046 N00096 N00062 N00268	N00222-0 N00039-0 N00086-0 N00278-0 N00234-0 N00053-1 N00202-0 N00008-0
859	U00086	11/12/2025 02:47:00 AM	N00046 N00096 N00062 N00268	N00026-0 N00212-0 N00105-0 N00203-0 N00198-1 N00283-0 N00101-1
860	U00086	11/14/2025 07:53:00 PM	N00046 N00096 N00062 N00268	N00269-0 N00053-1 N00063-0 N00030-1 N00139-0 N00143-0 N00088-0 N00294-0
861	U00087	11/13/2025 02:08:00 PM	N00239 N00131 N00215 N00160 N00114 N00292 N00254 N00003 N00216 N00171 N00138 N00273 N00121	N00109-1 N00111-1 N00060-0 N00049-0 N00098-0 N00034-0 N00005-1
862	U00087	11/14/2025 03:43:00 AM	N00239 N00131 N00215 N00160 N00114 N00292 N00254 N00003 N00216 N00171 N00138 N00273 N00121	N00116-1 N00146-1 N00252-0 N00229-1 N00291-1 N00094-0
863	U00087	11/12/2025 10:11:00 PM	N00239 N00131 N00215 N00160 N00114 N00292 N00254 N00003 N00216 N00171 N00138 N00273 N00121	N00089-0 N00095-0 N00269-1 N00078-0 N00167-1
864	U00087	11/10/2025 07:46:00 PM	N00239 N00131 N00215 N00160 N00114 N00292 N00254 N00003 N00216 N00171 N00138 N00273 N00121	N00039-0 N00275-0 N00250-0 N00221-0 N00266-0 N00151-0 N00228-1
865	U00087	11/14/2025 11:54:00 PM	N00239 N00131 N00215 N00160 N00114 N00292 N00254 N00003 N00216 N00171 N00138 N00273 N00121	N00027-1 N00197-0 N00084-1 N00129-1 N00170-0 N00283-0 N00228-0 N00149-0
866	U00087	11/12/2025 01:48:00 PM	N00239 N00131 N00215 N00160 N00114 N00292 N00254 N00003 N00216 N00171 N00138 N00273 N00121	N00149-1 N00154-0 N00243-1 N00259-1 N00225-0 N00270-0
867	U00087	11/10/2025 04:11:00 PM	N00239 N00131 N00215 N00160 N00114 N00292 N00254 N00003 N00216 N00171 N00138 N00273 N00121	N00264-0 N00025-0 N00276-1 N00207-1 N00100-0
868	U00087	11/15/2025 09:28:00 AM	N00239 N00131 N00215 N00160 N00114 N00292 N00254 N00003 N00216 N00171 N00138 N00273 N00121	N00271-1 N00040-0 N00160-1 N00009-0 N00239-0 N00089-0 N00037-1 N00181-0 N00016-0
869	U00087	11/15/2025 01:27:00 PM	N00239 N00131 N00215 N00160 N00114 N00292 N00254 N00003 N00216 N00171 N00138 N00273 N00121	N00194-1 N00046-0 N00021-0 N00076-0 N00180-1 N00268-0 N00195-0 N00184-1 N00196-1
870	U00087	11/11/2025 04:52:00 AM	N00239 N00131 N00215 N00160 N00114 N00292 N00254 N00003 N00216 N00171 N00138 N00273 N00121	N00117-0 N00027-0 N00212-0 N00276-0 N00015-0 N00173-0
871	U00088	11/15/2025 04:44:00 AM	N00133 N00094 N00297 N00027 N00149 N00201 N00151 N00110 N00220 N00289 N00265 N00145 N00263 N00271	N00146-0 N00131-1 N00119-0 N00045-0 N00034-0 N00245-0 N00075-0
872	U00088	11/14/2025 07:52:00 PM	N00133 N00094 N00297 N00027 N00149 N00201 N00151 N00110 N00220 N00289 N00265 N00145 N00263 N00271	N00111-1 N00153-1 N00119-1 N00176-0 N00251-0 N00273-0 N00106-0
873	U00088	11/11/2025 12:14:00 PM	N00133 N00094 N00297 N00027 N00149 N00201 N00151 N00110 N00220 N00289 N00265 N00145 N00263 N00271	N00037-0 N00158-1 N00241-1 N00012-1 N00053-0 N00188-0 N00076-1 N00021-0
874	U00088	11/11/2025 08:06:00 PM	N00133 N00094 N00297 N00027 N00149 N00201 N00151 N00110 N00220 N00289 N00265 N00145 N00263 N00271	N00103-0 N00195-1 N00278-0 N00172-0 N00033-1 N00068-0
875	U00088	11/12/2025 06:09:00 AM	N00133 N00094 N00297 N00027 N00149 N00201 N00151 N00110 N00220 N00289 N00265 N00145 N00263 N00271	N00250-0 N00225-0 N00055-0 N00006-0 N00041-0
876	U00088	11/16/2025 05:40:00 AM	N00133 N00094 N00297 N00027 N00149 N00201 N00151 N00110 N00220 N00289 N00265 N00145 N00263 N00271	N00023-0 N00146-0 N00235-1 N00160-0 N00244-0
877	U00088	11/13/2025 03:04:00 PM	N00133 N00094 N00297 N00027 N00149 N00201 N00151 N00110 N00220 N00289 N00265 N00145 N00263 N00271	N00194-0 N00271-1 N00270-0 N00060-1 N00077-1 N00179-0
878	U00088	11/11/2025 08:56:00 AM	N00133 N00094 N00297 N00027 N00149 N00201 N00151 N00110 N00220 N00289 N00265 N00145 N00263 N00271	N00262-0 N00275-0 N00124-1 N00258-1 N00159-1 N00147-0
879	U00088	11/13/2025 09:23:00 AM	N00133 N00094 N00297 N00027 N00149 N00201 N00151 N00110 N00220 N00289 N00265 N00145 N00263 N00271	N00064-0 N00246-0 N00260-0 N00028-0 N00066-1 N00104-0 N00294-1
880	U00088	11/15/2025 08:37:00 PM	N00133 N00094 N00297 N00027 N00149 N00201 N00151 N00110 N00220 N00289 N00265 N00145 N00263 N00271	N00197-1 N00025-0 N00070-0 N00089-1 N00014-0 N00139-0
881	U00089	11/15/2025 04:29:00 AM	N00223 N00062 N00130 N00238 N00052 N00166 N00164 N00198 N00294 N00263 N00035 N00192 N00014 N00055 N00136	N00161-1 N00071-0 N00031-0 N00083-1 N00104-1
882	U00089	11/14/2025 05:48:00 AM	N00223 N00062 N00130 N00238 N00052 N00166 N00164 N00198 N00294 N00263 N00035 N00192 N00014 N00055 N00136	N00256-0 N00177-0 N00264-0 N00216-0 N00200-0 N00201-1 N00239-0
883	U00089	11/13/2025 06:19:00 PM	N00223 N00062 N00130 N00238 N00052 N00166 N00164 N00198 N00294 N00263 N00035 N00192 N00014 N00055 N00136	N00227-1 N00300-1 N00103-1 N00276-0
884	U00089	11/10/2025 07:31:00 PM	N00223 N00062 N00130 N00238 N00052 N00166 N00164 N00198 N00294 N00263 N00035 N00192 N00014 N00055 N00136	N00107-0 N00205-1 N00168-0 N00161-1 N00002-0 N00219-0 N00178-0
885	U00089	11/12/2025 10:26:00 AM	N00223 N00062 N00130 N00238 N00052 N00166 N00164 N00198 N00294 N00263 N00035 N00192 N00014 N00055 N00136	N00121-0 N00268-1 N00006-0 N00097-0 N00260-0 N00019-0 N00011-0
886	U00089	11/13/2025 10:07:00 AM	N00223 N00062 N00130 N00238 N00052 N00166 N00164 N00198 N00294 N00263 N00035 N00192 N00014 N00055 N00136	N00080-0 N00256-1 N00020-0 N00161-0 N00122-1 N00293-1 N00086-1 N00119-0
887	U00089	11/13/2025 12:39:00 AM	N00223 N00062 N00130 N00238 N00052 N00166 N00164 N00198 N00294 N00263 N00035 N00192 N00014 N00055 N00136	N00185-0 N00094-0 N00219-1 N00008-1 N00250-0 N00160-0 N00268-1 N00152-0
888	U00089	11/15/2025 04:17:00 PM	N00223 N00062 N00130 N00238 N00052 N00166 N00164 N00198 N00294 N00263 N00035 N00192 N00014 N00055 N00136	N00151-1 N00099-0 N00213-0 N00199-0 N00219-0 N00005-0 N00191-0 N00164-0 N00290-0
889	U00089	11/12/2025 11:15:00 AM	N00223 N00062 N00130 N00238 N00052 N00166 N00164 N00198 N00294 N00263 N00035 N00192 N00014 N00055 N00136	N00165-0 N00215-0 N00021-1 N00296-1
890	U00089	11/14/2025 07:12:00 PM	N00223 N00062 N00130 N00238 N00052 N00166 N00164 N00198 N00294 N00263 N00035 N00192 N00014 N00055 N00136	N00298-0 N00264-1 N00012-0 N00054-0 N00071-1 N00051-0 N00285-1 N00222-0
891	U00090	11/13/2025 06:54:00 PM	N00109 N00250 N00082 N00152 N00228	N00075-0 N00209-1 N00227-0 N00066-1 N00153-1 N00132-0 N00129-0
892	U00090	11/11/2025 04:44:00 PM	N00109 N00250 N00082 N00152 N00228	N00213-0 N00145-0 N00029-1 N00089-0 N00217-0 N00063-1 N00160-1 N00283-1
893	U00090	11/10/2025 08:19:00 AM	N00109 N00250 N00082 N00152 N00228	N00161-0 N00125-0 N00296-0 N00215-1 N00198-0 N00277-0 N00266-0
894	U00090	11/15/2025 10:41:00 AM	N00109 N00250 N00082 N00152 N00228	N00084-0 N00039-0 N00113-0 N00043-1 N00100-0 N00018-0 N00207-1 N00010-0 N00075-0
895	U00090	11/11/2025 02:12:00 PM	N00109 N00250 N00082 N00152 N00228	N00055-0 N00091-0 N00007-0 N00260-1 N00146-1
896	U00090	11/11/2025 04:26:00 PM	N00109 N00250 N00082 N00152 N00228	N00144-0 N00265-0 N00199-0 N00166-0 N00228-1 N00178-0 N00050-0 N00043-0
897	U00090	11/11/2025 03:47:00 PM	N00109 N00250 N00082 N00152 N00228	N00167-0 N00102-0 N00086-0 N00288-0 N00016-0 N00045-1 N00276-1 N00121-1
898	U00090	11/12/2025 05:51:00 AM	N00109 N00250 N00082 N00152 N00228	N00270-0 N00025-1 N00159-0 N00173-0 N00289-0 N00024-0
899	U00090	11/15/2025 03:59:00 AM	N00109 N00250 N00082 N00152 N00228	N00025-0 N00090-0 N00143-0 N00283-1 N00252-1 N00213-0
900	U00090	11/15/2025 06:21:00 AM	N00109 N00250 N00082 N00152 N00228	N00296-0 N00237-1 N00198-0 N00098-0 N00290-1 N00285-0 N00078-1 N00207-1
901	U00091	11/15/2025 03:38:00 PM	N00087 N00292 N00272 N00234 N00139 N00025 N00186 N00054 N00037 N00281 N00045 N00211 N00199 N00013 N00267	N00140-0 N00079-1 N00097-0 N00245-0 N00277-0 N00127-1
902	U00091	11/12/2025 01:29:00 AM	N00087 N00292 N00272 N00234 N00139 N00025 N00186 N00054 N00037 N00281 N00045 N00211 N00199 N00013 N00267	N00110-0 N00269-0 N00057-0 N00061-0 N00006-1
903	U00091	11/11/2025 02:47:00 PM	N00087 N00292 N00272 N00234 N00139 N00025 N00186 N00054 N00037 N00281 N00045 N00211 N00199 N00013 N00267	N00081-0 N00080-1 N00199-1 N00141-0 N00110-0 N00276-1
904	U00091	11/10/2025 01:00:00 PM	N00087 N00292 N00272 N00234 N00139 N00025 N00186 N00054 N00037 N00281 N00045 N00211 N00199 N00013 N00267	N00239-0 N00241-0 N00122-0 N00051-0 N00029-0 N00196-1 N00137-1 N00075-0
905	U00091	11/13/2025 06:50:00 PM	N00087 N00292 N00272 N00234 N00139 N00025 N00186 N00054 N00037 N00281 N00045 N00211 N00199 N00013 N00267	N00062-0 N00164-0 N00114-1 N00009-0 N00255-0
906	U00091	11/11/2025 12:37:00 PM	N00087 N00292 N00272 N00234 N00139 N00025 N00186 N00054 N00037 N00281 N00045 N00211 N00199 N00013 N00267	N00086-0 N00159-0 N00239-0 N00243-1 N00054-1
907	U00091	11/16/2025 07:51:00 AM	N00087 N00292 N00272 N00234 N00139 N00025 N00186 N00054 N00037 N00281 N00045 N00211 N00199 N00013 N00267	N00111-0 N00246-1 N00281-0 N00072-0 N00264-0 N00290-0 N00123-1
908	U00091	11/14/2025 09:02:00 AM	N00087 N00292 N00272 N00234 N00139 N00025 N00186 N00054 N00037 N00281 N00045 N00211 N00199 N00013 N00267	N00043-0 N00256-0 N00033-0 N00071-0 N00209-1 N00118-1
909	U00091	11/14/2025 01:26:00 AM	N00087 N00292 N00272 N00234 N00139 N00025 N00186 N00054 N00037 N00281 N00045 N00211 N00199 N00013 N00267	N00208-1 N00130-0 N00227-0 N00216-1 N00046-0 N00003-1 N00079-1 N00287-1 N00100-0
910	U00091	11/13/2025 07:24:00 AM	N00087 N00292 N00272 N00234 N00139 N00025 N00186 N00054 N00037 N00281 N00045 N00211 N00199 N00013 N00267	N00297-0 N00172-0 N00233-1 N00207-1 N00287-1 N00049-0 N00290-1 N00231-1 N00234-0
911	U00092	11/15/2025 11:05:00 AM	N00219 N00275 N00077 N00103 N00161	N00224-0 N00016-0 N00130-1 N00106-1 N00234-0 N00216-0 N00228-1 N00296-1
912	U00092	11/12/2025 07:10:00 AM	N00219 N00275 N00077 N00103 N00161	N00070-1 N00159-1 N00001-0 N00018-0 N00008-0 N00140-0 N00241-0 N00119-0
913	U00092	11/15/2025 03:03:00 AM	N00219 N00275 N00077 N00103 N00161	N00288-0 N00008-1 N00267-0 N00065-0 N00169-0 N00136-1 N00158-0
914	U00092	11/14/2025 07:05:00 AM	N00219 N00275 N00077 N00103 N00161	N00292-0 N00287-0 N00195-0 N00069-1 N00096-0 N00205-0 N00140-1 N00147-0
915	U00092	11/14/2025 12:06:00 PM	N00219 N00275 N00077 N00103 N00161	N00280-0 N00027-1 N00154-1 N00268-0 N00055-0 N00277-0 N00229-0
916	U00092	11/16/2025 01:33:00 AM	N00219 N00275 N00077 N00103 N00161	N00239-0 N00171-0 N00052-0 N00198-1 N00233-0 N00051-0
917	U00092	11/13/2025 05:31:00 AM	N00219 N00275 N00077 N00103 N00161	N00263-0 N00061-0 N00275-1 N00269-0
918	U00092	11/14/2025 07:36:00 PM	N00219 N00275 N00077 N00103 N00161	N00251-1 N00080-0 N00114-0 N00049-0 N00236-0
919	U00092	11/15/2025 05:56:00 PM	N00219 N00275 N00077 N00103 N00161	N00046-1 N00177-0 N00240-0 N00213-0
920	U00092	11/15/2025 03:25:00 AM	N00219 N00275 N00077 N00103 N00161	N00149-1 N00015-1 N00228-0 N00148-0 N00299-0
921	U00093	11/12/2025 02:25:00 PM	N00085 N00226 N00102 N00048 N00170 N00208 N00091 N00100 N00266 N00090 N00095 N00107	N00100-0 N00266-1 N00017-0 N00158-1 N00161-0 N00288-1
922	U00093	11/10/2025 01:25:00 PM	N00085 N00226 N00102 N00048 N00170 N00208 N00091 N00100 N00266 N00090 N00095 N00107	N00165-0 N00020-1 N00176-0 N00012-0 N00114-0 N00037-0 N00238-1
923	U00093	11/13/2025 05:42:00 PM	N00085 N00226 N00102 N00048 N00170 N00208 N00091 N00100 N00266 N00090 N00095 N00107	N00247-1 N00207-1 N00146-0 N00095-1 N00040-0 N00214-1 N00299-0
924	U00093	11/14/2025 07:41:00 PM	N00085 N00226 N00102 N00048 N00170 N00208 N00091 N00100 N00266 N00090 N00095 N00107	N00158-0 N00134-0 N00058-0 N00177-0
925	U00093	11/12/2025 09:28:00 PM	N00085 N00226 N00102 N00048 N00170 N00208 N00091 N00100 N00266 N00090 N00095 N00107	N00214-1 N00009-0 N00103-0 N00278-0 N00226-0 N00048-1
926	U00093	11/12/2025 12:38:00 PM	N00085 N00226 N00102 N00048 N00170 N00208 N00091 N00100 N00266 N00090 N00095 N00107	N00113-1 N00251-0 N00165-1 N00239-0 N00214-0 N00097-1
927	U00093	11/13/2025 12:20:00 PM	N00085 N00226 N00102 N00048 N00170 N00208 N00091 N00100 N00266 N00090 N00095 N00107	N00199-0 N00145-0 N00075-1 N00006-0 N00299-0 N00048-1
928	U00093	11/14/2025 03:38:00 PM	N00085 N00226 N00102 N00048 N00170 N00208 N00091 N00100 N00266 N00090 N00095 N00107	N00005-0 N00139-0 N00190-0 N00090-0 N00040-1 N00074-0 N00289-0
929	U00093	11/15/2025 01:05:00 PM	N00085 N00226 N00102 N00048 N00170 N00208 N00091 N00100 N00266 N00090 N00095 N00107	N00091-0 N00292-0 N00273-0 N00067-1 N00164-0 N00252-0 N00099-1
930	U00093	11/12/2025 12:45:00 PM	N00085 N00226 N00102 N00048 N00170 N00208 N00091 N00100 N00266 N00090 N00095 N00107	N00289-0 N00197-0 N00048-1 N00165-0 N00226-1
931	U00094	11/12/2025 12:19:00 PM	N00188 N00208 N00102 N00097 N00214 N00090 N00143 N00088	N00159-0 N00182-0 N00125-0 N00048-1 N00208-1 N00271-1 N00134-0
932	U00094	11/15/2025 02:15:00 PM	N00188 N00208 N00102 N00097 N00214 N00090 N00143 N00088	N00111-0 N00042-0 N00178-1 N00298-0 N00214-1 N00020-1 N00226-0
933	U00094	11/13/2025 06:53:00 PM	N00188 N00208 N00102 N00097 N00214 N00090 N00143 N00088	N00107-0 N00063-0 N00030-0 N00090-1 N00060-0 N00226-1 N00214-0
934	U00094	11/14/2025 10:19:00 AM	N00188 N00208 N00102 N00097 N00214 N00090 N00143 N00088	N00065-0 N00225-0 N00165-1 N00255-0 N00156-0
935	U00094	11/14/2025 08:34:00 AM	N00188 N00208 N00102 N00097 N00214 N00090 N00143 N00088	N00074-0 N00176-0 N00175-0 N00243-0 N00052-0 N00040-1
936	U00094	11/12/2025 01:58:00 AM	N00188 N00208 N00102 N00097 N00214 N00090 N00143 N00088	N00087-0 N00113-1 N00134-1 N00114-0 N00066-0 N00032-0 N00077-0 N00282-1
937	U00094	11/13/2025 02:33:00 AM	N00188 N00208 N00102 N00097 N00214 N00090 N00143 N00088	N00040-0 N00097-0 N00293-0 N00113-1 N00101-0 N00128-0 N00252-1
938	U00094	11/11/2025 02:15:00 AM	N00188 N00208 N00102 N00097 N00214 N00090 N00143 N00088	N00014-0 N00262-0 N00007-0 N00113-0 N00038-1 N00106-0 N00097-0 N00266-0 N00062-0
939	U00094	11/15/2025 08:49:00 AM	N00188 N00208 N00102 N00097 N00214 N00090 N00143 N00088	N00165-0 N00085-1 N00148-0 N00007-0 N00065-1 N00073-1 N00049-0 N00009-0
940	U00094	11/11/2025 12:45:00 AM	N00188 N00208 N00102 N00097 N00214 N00090 N00143 N00088	N00082-0 N00107-1 N00100-1 N00037-0
941	U00095	11/15/2025 07:32:00 PM	N00257 N00261 N00280 N00099 N00008 N00069 N00145	N00093-0 N00155-1 N00278-0 N00137-0 N00104-0 N00244-1 N00025-0 N00003-1 N00243-0
942	U00095	11/10/2025 11:24:00 AM	N00257 N00261 N00280 N00099 N00008 N00069 N00145	N00161-1 N00271-0 N00050-0 N00015-0 N00195-0 N00260-0
943	U00095	11/10/2025 06:58:00 PM	N00257 N00261 N00280 N00099 N00008 N00069 N00145	N00071-0 N00032-0 N00100-0 N00124-1 N00146-0 N00028-0
944	U00095	11/15/2025 05:26:00 PM	N00257 N00261 N00280 N00099 N00008 N00069 N00145	N00034-0 N00094-1 N00073-1 N00252-1 N00266-0
945	U00095	11/14/2025 11:16:00 AM	N00257 N00261 N00280 N00099 N00008 N00069 N00145	N00090-0 N00210-0 N00016-0 N00086-0 N00195-0 N00179-0 N00229-0 N00298-0
946	U00095	11/14/2025 01:11:00 PM	N00257 N00261 N00280 N00099 N00008 N00069 N00145	N00161-1 N00107-0 N00263-1 N00016-0 N00134-1 N00123-0 N00298-0 N00055-0
947	U00095	11/10/2025 11:48:00 AM	N00257 N00261 N00280 N00099 N00008 N00069 N00145	N00012-0 N00227-1 N00265-0 N00275-1 N00120-0 N00080-0 N00078-0
948	U00095	11/12/2025 11:28:00 PM	N00257 N00261 N00280 N00099 N00008 N00069 N00145	N00004-0 N00151-1 N00005-1 N00282-1 N00081-1 N00237-1
949	U00095	11/10/2025 04:04:00 PM	N00257 N00261 N00280 N00099 N00008 N00069 N00145	N00259-1 N00161-1 N00284-0 N00151-0 N00069-0 N00139-0 N00034-0
950	U00095	11/11/2025 04:23:00 PM	N00257 N00261 N00280 N00099 N00008 N00069 N00145	N00164-1 N00281-0 N00060-0 N00191-1
951	U00096	11/11/2025 01:23:00 PM	N00256 N00258 N00156 N00110 N00290 N00137	N00052-1 N00201-0 N00070-1 N00115-1 N00289-1 N00005-0 N00102-0
952	U00096	11/11/2025 09:30:00 AM	N00256 N00258 N00156 N00110 N00290 N00137	N00259-1 N00177-0 N00273-0 N00084-1 N00280-0
953	U00096	11/15/2025 12:04:00 PM	N00256 N00258 N00156 N00110 N00290 N00137	N00004-0 N00290-1 N00136-0 N00129-0 N00135-1 N00084-1 N00011-0 N00186-1
954	U00096	11/11/2025 04:28:00 AM	N00256 N00258 N00156 N00110 N00290 N00137	N00213-0 N00083-0 N00079-0 N00076-1 N00150-1
955	U00096	11/12/2025 06:55:00 PM	N00256 N00258 N00156 N00110 N00290 N00137	N00196-0 N00042-0 N00063-1 N00289-1 N00224-0 N00256-0 N00086-0 N00290-1
956	U00096	11/12/2025 12:05:00 PM	N00256 N00258 N00156 N00110 N00290 N00137	N00107-0 N00298-1 N00106-0 N00132-1 N00231-0 N00032-0 N00082-0 N00018-1 N00240-1
957	U00096	11/15/2025 10:38:00 PM	N00256 N00258 N00156 N00110 N00290 N00137	N00131-1 N00099-1 N00195-0 N00273-1 N00179-0
958	U00096	11/15/2025 02:59:00 AM	N00256 N00258 N00156 N00110 N00290 N00137	N00296-0 N00298-0 N00007-0 N00160-0 N00213-0
959	U00096	11/11/2025 10:24:00 PM	N00256 N00258 N00156 N00110 N00290 N00137	N00105-0 N00053-1 N00072-0 N00121-0
960	U00096	11/11/2025 02:07:00 AM	N00256 N00258 N00156 N00110 N00290 N00137	N00048-0 N00200-0 N00032-0 N00046-0 N00164-0 N00104-0
961	U00097	11/11/2025 12:10:00 AM	N00235 N00172 N00098 N00135 N00277 N00218 N00151 N00183 N00084 N00179 N00055 N00007 N00014	N00108-1 N00163-0 N00110-1 N00072-0 N00123-0
962	U00097	11/15/2025 12:55:00 PM	N00235 N00172 N00098 N00135 N00277 N00218 N00151 N00183 N00084 N00179 N00055 N00007 N00014	N00299-0 N00002-1 N00080-0 N00085-0 N00001-0 N00233-1
963	U00097	11/10/2025 08:33:00 AM	N00235 N00172 N00098 N00135 N00277 N00218 N00151 N00183 N00084 N00179 N00055 N00007 N00014	N00156-0 N00009-1 N00280-1 N00294-0 N00094-0 N00001-0
964	U00097	11/15/2025 02:46:00 AM	N00235 N00172 N00098 N00135 N00277 N00218 N00151 N00183 N00084 N00179 N00055 N00007 N00014	N00286-0 N00018-1 N00129-0 N00258-1 N00084-0
965	U00097	11/15/2025 12:17:00 AM	N00235 N00172 N00098 N00135 N00277 N00218 N00151 N00183 N00084 N00179 N00055 N00007 N00014	N00094-0 N00081-0 N00007-1 N00095-0 N00284-0 N00177-0 N00155-0
966	U00097	11/12/2025 12:01:00 PM	N00235 N00172 N00098 N00135 N00277 N00218 N00151 N00183 N00084 N00179 N00055 N00007 N00014	N00296-1 N00028-0 N00141-0 N00079-0 N00192-1 N00005-0
967	U00097	11/15/2025 04:55:00 PM	N00235 N00172 N00098 N00135 N00277 N00218 N00151 N00183 N00084 N00179 N00055 N00007 N00014	N00022-0 N00051-1 N00225-1 N00106-1 N00008-1 N00215-0 N00023-0 N00038-1
968	U00097	11/13/2025 12:02:00 PM	N00235 N00172 N00098 N00135 N00277 N00218 N00151 N00183 N00084 N00179 N00055 N00007 N00014	N00126-0 N00053-1 N00272-0 N00186-1 N00061-1 N00049-1 N00050-1 N00175-0
969	U00097	11/12/2025 01:44:00 AM	N00235 N00172 N00098 N00135 N00277 N00218 N00151 N00183 N00084 N00179 N00055 N00007 N00014	N00166-0 N00089-0 N00028-0 N00205-0 N00086-1
970	U00097	11/14/2025 01:14:00 PM	N00235 N00172 N00098 N00135 N00277 N00218 N00151 N00183 N00084 N00179 N00055 N00007 N00014	N00010-1 N00297-0 N00022-0 N00047-1 N00290-0 N00032-1
971	U00098	11/13/2025 01:45:00 AM	N00241 N00076 N00098 N00027 N00182	N00049-1 N00170-0 N00293-0 N00248-1 N00297-1
972	U00098	11/11/2025 10:26:00 PM	N00241 N00076 N00098 N00027 N00182	N00245-0 N00033-0 N00128-0 N00041-0 N00258-1 N00027-0
973	U00098	11/10/2025 11:26:00 PM	N00241 N00076 N00098 N00027 N00182	N00261-1 N00112-0 N00292-0 N00268-0 N00206-1 N00081-0 N00047-0
974	U00098	11/11/2025 12:17:00 PM	N00241 N00076 N00098 N00027 N00182	N00245-0 N00107-0 N00176-1 N00084-0 N00290-1 N00116-0 N00203-0
975	U00098	11/13/2025 05:09:00 PM	N00241 N00076 N00098 N00027 N00182	N00206-1 N00179-0 N00022-1 N00120-0 N00080-0
976	U00098	11/13/2025 03:47:00 AM	N00241 N00076 N00098 N00027 N00182	N00156-0 N00244-1 N00066-0 N00006-0 N00110-1 N00159-0
977	U00098	11/14/2025 12:29:00 PM	N00241 N00076 N00098 N00027 N00182	N00192-1 N00091-0 N00120-0 N00297-0
978	U00098	11/15/2025 12:17:00 AM	N00241 N00076 N00098 N00027 N00182	N00077-1 N00175-0 N00006-0 N00068-1 N00131-0 N00020-1 N00039-0 N00280-0 N00024-1
979	U00098	11/11/2025 11:09:00 PM	N00241 N00076 N00098 N00027 N00182	N00060-0 N00078-1 N00274-1 N00057-1 N00040-0 N00062-0 N00025-0
980	U00098	11/15/2025 11:47:00 PM	N00241 N00076 N00098 N00027 N00182	N00020-0 N00263-1 N00040-0 N00217-0 N00182-0 N00165-0 N00292-0
981	U00099	11/13/2025 06:14:00 PM	N00162 N00092 N00054 N00152	N00006-0 N00219-0 N00092-1 N00209-1 N00185-0 N00067-0
982	U00099	11/13/2025 08:35:00 AM	N00162 N00092 N00054 N00152	N00250-1 N00041-1 N00053-0 N00286-1 N00062-0 N00139-1
983	U00099	11/14/2025 01:55:00 AM	N00162 N00092 N00054 N00152	N00217-0 N00267-1 N00107-0 N00128-1
984	U00099	11/12/2025 04:16:00 AM	N00162 N00092 N00054 N00152	N00154-0 N00065-0 N00239-1 N00074-0 N00131-1 N00085-0 N00109-0 N00267-1
985	U00099	11/14/2025 03:44:00 AM	N00162 N00092 N00054 N00152	N00269-0 N00299-0 N00057-0 N00278-0 N00120-1
986	U00099	11/10/2025 02:12:00 PM	N00162 N00092 N00054 N00152	N00099-0 N00276-0 N00064-0 N00180-1 N00059-0
987	U00099	11/14/2025 10:14:00 AM	N00162 N00092 N00054 N00152	N00296-0 N00079-1 N00165-0 N00216-0
988	U00099	11/13/2025 11:46:00 PM	N00162 N00092 N00054 N00152	N00264-0 N00244-0 N00285-0 N00203-1 N00095-0 N00287-1 N00211-0 N00091-0
989	U00099	11/14/2025 09:54:00 PM	N00162 N00092 N00054 N00152	N00134-0 N00218-1 N00126-0 N00297-0 N00169-0 N00041-1
990	U00099	11/12/2025 07:16:00 PM	N00162 N00092 N00054 N00152	N00182-0 N00265-0 N00090-0 N00022-0 N00168-1 N00235-0 N00065-0
991	U00100	11/11/2025 12:29:00 AM	N00010 N00079 N00012 N00037 N00152	N00190-0 N00283-1 N00100-0 N00258-0 N00272-1 N00210-0
992	U00100	11/13/2025 05:52:00 PM	N00010 N00079 N00012 N00037 N00152	N00072-0 N00265-0 N00280-0 N00243-1 N00051-0 N00179-0
993	U00100	11/12/2025 01:33:00 AM	N00010 N00079 N00012 N00037 N00152	N00055-0 N00292-1 N00298-0 N00097-0 N00011-0
994	U00100	11/12/2025 02:46:00 PM	N00010 N00079 N00012 N00037 N00152	N00208-0 N00199-1 N00292-1 N00238-0 N00109-1 N00041-1 N00142-1 N00086-0 N00052-0
995	U00100	11/14/2025 12:30:00 PM	N00010 N00079 N00012 N00037 N00152	N00166-0 N00233-1 N00176-0 N00063-0 N00130-0 N00234-0 N00098-0
996	U00100	11/11/2025 09:54:00 PM	N00010 N00079 N00012 N00037 N00152	N00206-0 N00099-0 N00167-0 N00286-1
997	U00100	11/11/2025 01:03:00 PM	N00010 N00079 N00012 N00037 N00152	N00040-0 N00123-1 N00171-1 N00044-0 N00116-1 N00042-0 N00030-0
998	U00100	11/12/2025 04:53:00 PM	N00010 N00079 N00012 N00037 N00152	N00163-0 N00040-0 N00165-0 N00226-1 N00070-0 N00087-0 N00147-1 N00013-1 N00120-1
999	U00100	11/10/2025 09:27:00 AM	N00010 N00079 N00012 N00037 N00152	N00039-0 N00086-0 N00009-0 N00011-1 N00237-1 N00054-1
1000	U00100	11/13/2025 01:16:00 PM	N00010 N00079 N00012 N00037 N00152	N00173-0 N00221-0 N00082-1 N00174-0 N00120-0 N00064-0 N00160-0 N00104-0
1001	U00101	11/14/2025 06:10:00 AM	N00203 N00138 N00160 N00229 N00108	N00224-0 N00049-0 N00151-0 N00080-1 N00118-0 N00068-0
1002	U00101	11/13/2025 01:35:00 PM	N00203 N00138 N00160 N00229 N00108	N00127-1 N00100-0 N00152-1 N00247-0 N00299-0 N00045-1 N00255-1 N00246-0
1003	U00101	11/11/2025 02:53:00 AM	N00203 N00138 N00160 N00229 N00108	N00128-1 N00147-0 N00121-0 N00030-0
1004	U00101	11/11/2025 01:22:00 PM	N00203 N00138 N00160 N00229 N00108	N00123-0 N00095-0 N00067-0 N00152-1 N00004-0
1005	U00101	11/11/2025 03:56:00 AM	N00203 N00138 N00160 N00229 N00108	N00017-0 N00253-0 N00271-0 N00249-0 N00288-0 N00260-1 N00207-0
1006	U00101	11/14/2025 09:08:00 PM	N00203 N00138 N00160 N00229 N00108	N00296-0 N00299-0 N00254-0 N00114-1
1007	U00101	11/14/2025 09:28:00 AM	N00203 N00138 N00160 N00229 N00108	N00024-0 N00129-1 N00055-0 N00242-0 N00139-1 N00049-0 N00057-0 N00244-0
1008	U00101	11/14/2025 02:57:00 PM	N00203 N00138 N00160 N00229 N00108	N00154-0 N00073-1 N00053-0 N00072-0 N00260-1 N00146-1 N00230-0
1009	U00101	11/15/2025 04:58:00 AM	N00203 N00138 N00160 N00229 N00108	N00015-0 N00116-0 N00245-0 N00165-0 N00079-1 N00279-0 N00283-1
1010	U00101	11/10/2025 10:22:00 AM	N00203 N00138 N00160 N00229 N00108	N00003-0 N00242-1 N00084-0 N00036-0 N00249-0 N00255-0 N00102-0
1011	U00102	11/15/2025 04:40:00 PM	N00248 N00277 N00210 N00115 N00130 N00062 N00089 N00140 N00197	N00282-0 N00140-1 N00096-1 N00073-0 N00002-1 N00256-0 N00173-0 N00113-0
1012	U00102	11/13/2025 03:03:00 AM	N00248 N00277 N00210 N00115 N00130 N00062 N00089 N00140 N00197	N00109-0 N00263-1 N00253-0 N00158-0 N00055-0 N00203-0
1013	U00102	11/14/2025 06:50:00 AM	N00248 N00277 N00210 N00115 N00130 N00062 N00089 N00140 N00197	N00188-0 N00014-0 N00023-0 N00150-0 N00100-0 N00283-0
1014	U00102	11/14/2025 08:10:00 PM	N00248 N00277 N00210 N00115 N00130 N00062 N00089 N00140 N00197	N00150-1 N00042-0 N00288-0 N00201-0 N00021-1 N00268-1 N00154-0
1015	U00102	11/11/2025 01:15:00 PM	N00248 N00277 N00210 N00115 N00130 N00062 N00089 N00140 N00197	N00068-0 N00161-0 N00164-1 N00228-0 N00219-1
1016	U00102	11/12/2025 06:52:00 PM	N00248 N00277 N00210 N00115 N00130 N00062 N00089 N00140 N00197	N00159-0 N00028-1 N00074-0 N00178-0 N00035-1 N00107-0
1017	U00102	11/15/2025 03:11:00 AM	N00248 N00277 N00210 N00115 N00130 N00062 N00089 N00140 N00197	N00226-0 N00038-1 N00232-1 N00037-0 N00055-0
1018	U00102	11/12/2025 08:17:00 PM	N00248 N00277 N00210 N00115 N00130 N00062 N00089 N00140 N00197	N00235-1 N00017-1 N00177-0 N00289-1 N00024-0
1019	U00102	11/11/2025 10:11:00 PM	N00248 N00277 N00210 N00115 N00130 N00062 N00089 N00140 N00197	N00163-0 N00156-0 N00250-0 N00060-0 N00019-0 N00062-0
1020	U00102	11/12/2025 12:12:00 PM	N00248 N00277 N00210 N00115 N00130 N00062 N00089 N00140 N00197	N00007-0 N00217-1 N00045-0 N00286-0 N00219-0 N00268-0
1021	U00103	11/11/2025 12:35:00 AM	N00137 N00289 N00156 N00149 N00200 N00132 N00164 N00036 N00183 N00297 N00296 N00061 N00019 N00218 N00240	N00164-1 N00076-1 N00242-0 N00222-0 N00049-1
1022	U00103	11/12/2025 10:49:00 AM	N00137 N00289 N00156 N00149 N00200 N00132 N00164 N00036 N00183 N00297 N00296 N00061 N00019 N00218 N00240	N00075-1 N00147-0 N00179-0 N00241-1 N00168-0 N00128-0
1023	U00103	11/11/2025 09:35:00 PM	N00137 N00289 N00156 N00149 N00200 N00132 N00164 N00036 N00183 N00297 N00296 N00061 N00019 N00218 N00240	N00220-0 N00207-1 N00075-0 N00183-1 N00017-1 N00124-0
1024	U00103	11/14/2025 07:17:00 AM	N00137 N00289 N00156 N00149 N00200 N00132 N00164 N00036 N00183 N00297 N00296 N00061 N00019 N00218 N00240	N00227-0 N00271-1 N00092-0 N00109-0
1025	U00103	11/10/2025 04:43:00 PM	N00137 N00289 N00156 N00149 N00200 N00132 N00164 N00036 N00183 N00297 N00296 N00061 N00019 N00218 N00240	N00250-0 N00046-0 N00163-0 N00174-1 N00202-1
1026	U00103	11/15/2025 08:05:00 PM	N00137 N00289 N00156 N00149 N00200 N00132 N00164 N00036 N00183 N00297 N00296 N00061 N00019 N00218 N00240	N00241-1 N00186-0 N00154-0 N00268-0 N00295-0 N00182-1 N00165-0 N00048-0 N00156-0
1027	U00103	11/10/2025 08:49:00 AM	N00137 N00289 N00156 N00149 N00200 N00132 N00164 N00036 N00183 N00297 N00296 N00061 N00019 N00218 N00240	N00219-0 N00152-0 N00233-1 N00009-0 N00016-1 N00221-1 N00036-1 N00255-0
1028	U00103	11/15/2025 10:42:00 PM	N00137 N00289 N00156 N00149 N00200 N00132 N00164 N00036 N00183 N00297 N00296 N00061 N00019 N00218 N00240	N00044-0 N00276-0 N00280-1 N00019-0
1029	U00103	11/12/2025 10:39:00 AM	N00137 N00289 N00156 N00149 N00200 N00132 N00164 N00036 N00183 N00297 N00296 N00061 N00019 N00218 N00240	N00169-0 N00085-0 N00174-1 N00055-0 N00127-1 N00199-0 N00198-0
1030	U00103	11/14/2025 11:25:00 PM	N00137 N00289 N00156 N00149 N00200 N00132 N00164 N00036 N00183 N00297 N00296 N00061 N00019 N00218 N00240	N00009-0 N00251-1 N00294-0 N00173-0 N00266-0 N00125-0
1031	U00104	11/10/2025 11:12:00 PM	N00227 N00008 N00027 N00290 N00271 N00137 N00132 N00060 N00263 N00061 N00280 N00112 N00110 N00195	N00267-0 N00161-0 N00224-0 N00212-0 N00265-1 N00069-0 N00055-0
1032	U00104	11/14/2025 09:52:00 PM	N00227 N00008 N00027 N00290 N00271 N00137 N00132 N00060 N00263 N00061 N00280 N00112 N00110 N00195	N00115-0 N00140-1 N00119-0 N00280-0 N00059-1 N00079-0 N00011-0
1033	U00104	11/14/2025 09:28:00 PM	N00227 N00008 N00027 N00290 N00271 N00137 N00132 N00060 N00263 N00061 N00280 N00112 N00110 N00195	N00171-0 N00212-0 N00242-0 N00130-0 N00026-0 N00148-0 N00124-1
1034	U00104	11/11/2025 06:09:00 AM	N00227 N00008 N00027 N00290 N00271 N00137 N00132 N00060 N00263 N00061 N00280 N00112 N00110 N00195	N00188-0 N00227-1 N00077-1 N00086-1 N00017-0 N00165-0
1035	U00104	11/10/2025 11:24:00 AM	N00227 N00008 N00027 N00290 N00271 N00137 N00132 N00060 N00263 N00061 N00280 N00112 N00110 N00195	N00227-1 N00037-0 N00052-1 N00203-0 N00185-1 N00136-0 N00265-1 N00259-0
1036	U00104	11/14/2025 09:33:00 AM	N00227 N00008 N00027 N00290 N00271 N00137 N00132 N00060 N00263 N00061 N00280 N00112 N00110 N00195	N00016-0 N00063-0 N00280-1 N00112-0 N00111-0 N00210-1
1037	U00104	11/12/2025 12:32:00 AM	N00227 N00008 N00027 N00290 N00271 N00137 N00132 N00060 N00263 N00061 N00280 N00112 N00110 N00195	N00030-0 N00132-1 N00174-1 N00108-0 N00017-1 N00104-1 N00249-1 N00033-1
1038	U00104	11/14/2025 11:29:00 AM	N00227 N00008 N00027 N00290 N00271 N00137 N00132 N00060 N00263 N00061 N00280 N00112 N00110 N00195	N00295-0 N00109-1 N00102-0 N00133-0 N00267-0
1039	U00104	11/13/2025 08:05:00 AM	N00227 N00008 N00027 N00290 N00271 N00137 N00132 N00060 N00263 N00061 N00280 N00112 N00110 N00195	N00116-0 N00248-1 N00262-0 N00256-1
1040	U00104	11/10/2025 12:14:00 PM	N00227 N00008 N00027 N00290 N00271 N00137 N00132 N00060 N00263 N00061 N00280 N00112 N00110 N00195	N00105-0 N00178-0 N00132-1 N00018-0 N00155-1 N00224-0 N00216-0
1041	U00105	11/13/2025 04:32:00 PM	N00255 N00160 N00203 N00237	N00009-0 N00268-0 N00260-0 N00270-1 N00104-0 N00095-0 N00155-0
1042	U00105	11/11/2025 02:08:00 PM	N00255 N00160 N00203 N00237	N00246-0 N00273-0 N00208-0 N00013-0 N00238-0 N00156-0 N00182-0
1043	U00105	11/10/2025 04:11:00 PM	N00255 N00160 N00203 N00237	N00150-0 N00291-1 N00128-0 N00161-0 N00052-0 N00245-0 N00114-1 N00121-0 N00007-0
1044	U00105	11/16/2025 01:15:00 AM	N00255 N00160 N00203 N00237	N00295-0 N00236-0 N00087-1 N00219-0 N00188-0 N00155-1
1045	U00105	11/14/2025 04:57:00 PM	N00255 N00160 N00203 N00237	N00141-1 N00138-1 N00297-1 N00243-1 N00073-0 N00208-0 N00075-0
1046	U00105	11/13/2025 12:53:00 PM	N00255 N00160 N00203 N00237	N00263-0 N00231-1 N00180-0 N00090-0 N00229-1 N00260-0
1047	U00105	11/14/2025 11:08:00 PM	N00255 N00160 N00203 N00237	N00150-0 N00112-0 N00171-1 N00265-0 N00243-1 N00064-0 N00297-1
1048	U00105	11/13/2025 09:27:00 PM	N00255 N00160 N00203 N00237	N00287-0 N00223-0 N00184-0 N00105-1 N00146-0 N00052-0
1049	U00105	11/13/2025 09:06:00 PM	N00255 N00160 N00203 N00237	N00249-1 N00004-0 N00120-0 N00294-0 N00110-0 N00042-0 N00256-0 N00117-1 N00258-0
1050	U00105	11/12/2025 04:10:00 AM	N00255 N00160 N00203 N00237	N00034-0 N00225-0 N00164-0 N00089-0 N00263-0 N00254-0 N00032-0
1051	U00106	11/13/2025 08:28:00 AM	N00011 N00207 N00087 N00138 N00001 N00250 N00194 N00047	N00185-0 N00159-0 N00160-0 N00242-0 N00108-1 N00027-0 N00277-0 N00250-1 N00004-0
1052	U00106	11/12/2025 10:17:00 AM	N00011 N00207 N00087 N00138 N00001 N00250 N00194 N00047	N00177-1 N00238-0 N00219-0 N00200-0 N00029-0 N00140-0 N00013-1 N00131-0
1053	U00106	11/13/2025 09:41:00 AM	N00011 N00207 N00087 N00138 N00001 N00250 N00194 N00047	N00025-0 N00007-0 N00288-0 N00095-0 N00001-0 N00008-1 N00207-1 N00230-0
1054	U00106	11/12/2025 07:46:00 AM	N00011 N00207 N00087 N00138 N00001 N00250 N00194 N00047	N00218-0 N00270-1 N00155-0 N00058-1 N00214-0
1055	U00106	11/10/2025 08:18:00 PM	N00011 N00207 N00087 N00138 N00001 N00250 N00194 N00047	N00135-0 N00161-0 N00289-0 N00152-0 N00053-0 N00093-1 N00129-0 N00209-0 N00222-1
1056	U00106	11/11/2025 03:10:00 AM	N00011 N00207 N00087 N00138 N00001 N00250 N00194 N00047	N00203-1 N00035-0 N00129-0 N00244-0
1057	U00106	11/13/2025 11:06:00 AM	N00011 N00207 N00087 N00138 N00001 N00250 N00194 N00047	N00021-1 N00065-0 N00105-0 N00135-0 N00087-1 N00155-1 N00253-1
1058	U00106	11/14/2025 05:00:00 AM	N00011 N00207 N00087 N00138 N00001 N00250 N00194 N00047	N00215-0 N00104-0 N00278-0 N00188-0 N00269-0 N00111-0 N00290-0 N00194-1
1059	U00106	11/13/2025 08:26:00 PM	N00011 N00207 N00087 N00138 N00001 N00250 N00194 N00047	N00225-0 N00279-0 N00002-1 N00148-0 N00128-0 N00169-0 N00130-1
1060	U00106	11/14/2025 12:25:00 AM	N00011 N00207 N00087 N00138 N00001 N00250 N00194 N00047	N00153-1 N00019-0 N00276-0 N00154-0 N00025-0 N00093-0
1061	U00107	11/10/2025 12:23:00 PM	N00266 N00288 N00048 N00004 N00088 N00020 N00282 N00074 N00009 N00165 N00143 N00226 N00107	N00299-0 N00203-0 N00099-0 N00095-0
1062	U00107	11/15/2025 04:52:00 AM	N00266 N00288 N00048 N00004 N00088 N00020 N00282 N00074 N00009 N00165 N00143 N00226 N00107	N00020-0 N00273-0 N00028-1 N00081-0 N00255-0 N00026-0 N00209-0
1063	U00107	11/12/2025 06:14:00 PM	N00266 N00288 N00048 N00004 N00088 N00020 N00282 N00074 N00009 N00165 N00143 N00226 N00107	N00048-0 N00233-0 N00299-1 N00274-0 N00009-0 N00209-0
1064	U00107	11/11/2025 11:31:00 AM	N00266 N00288 N00048 N00004 N00088 N00020 N00282 N00074 N00009 N00165 N00143 N00226 N00107	N00250-0 N00107-0 N00243-0 N00145-0 N00028-1 N00158-1 N00061-0 N00008-0 N00170-1
1065	U00107	11/12/2025 08:04:00 AM	N00266 N00288 N00048 N00004 N00088 N00020 N00282 N00074 N00009 N00165 N00143 N00226 N00107	N00251-0 N00055-0 N00031-1 N00188-1 N00004-1 N00141-1
1066	U00107	11/12/2025 02:20:00 AM	N00266 N00288 N00048 N00004 N00088 N00020 N00282 N00074 N00009 N00165 N00143 N00226 N00107	N00132-1 N00028-0 N00095-1 N00282-0 N00161-0 N00225-0 N00058-0 N00219-0
1067	U00107	11/13/2025 06:25:00 AM	N00266 N00288 N00048 N00004 N00088 N00020 N00282 N00074 N00009 N00165 N00143 N00226 N00107	N00178-1 N00113-0 N00195-0 N00158-1 N00048-0 N00145-0 N00122-0
1068	U00107	11/15/2025 11:54:00 PM	N00266 N00288 N00048 N00004 N00088 N00020 N00282 N00074 N00009 N00165 N00143 N00226 N00107	N00005-0 N00091-1 N00266-1 N00095-1 N00060-0
1069	U00107	11/16/2025 06:38:00 AM	N00266 N00288 N00048 N00004 N00088 N00020 N00282 N00074 N00009 N00165 N00143 N00226 N00107	N00282-1 N00088-1 N00081-0 N00176-0 N00118-0 N00065-1 N00024-0 N00165-1 N00157-1
1070	U00107	11/11/2025 03:43:00 PM	N00266 N00288 N00048 N00004 N00088 N00020 N00282 N00074 N00009 N00165 N00143 N00226 N00107	N00153-0 N00001-0 N00040-1 N00282-1
1071	U00108	11/15/2025 11:21:00 PM	N00084 N00223 N00052 N00182 N00173 N00110 N00130 N00021	N00051-0 N00248-0 N00213-0 N00262-1 N00125-0
1072	U00108	11/10/2025 08:00:00 AM	N00084 N00223 N00052 N00182 N00173 N00110 N00130 N00021	N00198-0 N00290-0 N00219-0 N00063-0 N00074-1 N00297-0 N00227-0 N00158-0 N00190-1
1073	U00108	11/13/2025 08:13:00 AM	N00084 N00223 N00052 N00182 N00173 N00110 N00130 N00021	N00117-0 N00029-0 N00067-0 N00033-1 N00293-0 N00236-0 N00197-0 N00123-0
1074	U00108	11/13/2025 07:32:00 PM	N00084 N00223 N00052 N00182 N00173 N00110 N00130 N00021	N00058-0 N00001-0 N00135-0 N00214-0 N00053-0 N00017-0 N00158-0
1075	U00108	11/12/2025 09:46:00 PM	N00084 N00223 N00052 N00182 N00173 N00110 N00130 N00021	N00117-0 N00100-0 N00164-0 N00049-1 N00228-0 N00180-0
1076	U00108	11/13/2025 03:50:00 AM	N00084 N00223 N00052 N00182 N00173 N00110 N00130 N00021	N00157-0 N00174-0 N00261-0 N00187-0 N00011-0 N00224-0
1077	U00108	11/13/2025 05:13:00 PM	N00084 N00223 N00052 N00182 N00173 N00110 N00130 N00021	N00097-0 N00226-0 N00138-0 N00191-1 N00289-0
1078	U00108	11/15/2025 11:21:00 AM	N00084 N00223 N00052 N00182 N00173 N00110 N00130 N00021	N00005-0 N00031-0 N00149-0 N00264-1 N00269-0 N00210-1 N00002-0 N00193-0
1079	U00108	11/12/2025 08:45:00 PM	N00084 N00223 N00052 N00182 N00173 N00110 N00130 N00021	N00199-0 N00103-1 N00080-0 N00051-0 N00059-0 N00089-1 N00050-0 N00167-0
1080	U00108	11/14/2025 07:36:00 AM	N00084 N00223 N00052 N00182 N00173 N00110 N00130 N00021	N00026-0 N00189-0 N00008-0 N00227-1 N00157-0 N00294-0 N00120-0 N00259-0
1081	U00109	11/15/2025 10:43:00 PM	N00056 N00007 N00014 N00115 N00015 N00070 N00017 N00251 N00278 N00245	N00287-0 N00225-1 N00196-0 N00119-0 N00262-1 N00217-0 N00084-0 N00120-0 N00146-0
1082	U00109	11/10/2025 07:04:00 PM	N00056 N00007 N00014 N00115 N00015 N00070 N00017 N00251 N00278 N00245	N00251-1 N00097-0 N00210-1 N00042-0 N00068-0 N00113-0 N00278-1 N00063-0
1083	U00109	11/12/2025 11:55:00 PM	N00056 N00007 N00014 N00115 N00015 N00070 N00017 N00251 N00278 N00245	N00092-0 N00151-0 N00049-0 N00023-1
1084	U00109	11/13/2025 09:11:00 AM	N00056 N00007 N00014 N00115 N00015 N00070 N00017 N00251 N00278 N00245	N00201-0 N00282-0 N00234-1 N00203-0 N00275-0 N00033-0
1085	U00109	11/14/2025 03:31:00 AM	N00056 N00007 N00014 N00115 N00015 N00070 N00017 N00251 N00278 N00245	N00130-1 N00213-0 N00100-0 N00132-0 N00264-1 N00122-1 N00081-0 N00208-0 N00043-0
1086	U00109	11/15/2025 03:36:00 PM	N00056 N00007 N00014 N00115 N00015 N00070 N00017 N00251 N00278 N00245	N00206-1 N00290-0 N00195-1 N00172-1 N00264-0
1087	U00109	11/10/2025 03:05:00 PM	N00056 N00007 N00014 N00115 N00015 N00070 N00017 N00251 N00278 N00245	N00234-0 N00005-0 N00262-0 N00171-0 N00217-1 N00104-1
1088	U00109	11/14/2025 07:07:00 PM	N00056 N00007 N00014 N00115 N00015 N00070 N00017 N00251 N00278 N00245	N00259-0 N00277-1 N00274-0 N00196-0 N00100-0 N00050-1 N00103-1 N00019-1
1089	U00109	11/11/2025 01:57:00 PM	N00056 N00007 N00014 N00115 N00015 N00070 N00017 N00251 N00278 N00245	N00206-0 N00220-1 N00277-0 N00279-1 N00274-0
1090	U00109	11/13/2025 02:44:00 PM	N00056 N00007 N00014 N00115 N00015 N00070 N00017 N00251 N00278 N00245	N00244-0 N00082-0 N00154-1 N00250-0 N00258-0 N00226-0 N00014-0
1091	U00110	11/15/2025 02:01:00 AM	N00067 N00091 N00065 N00208 N00299 N00090 N00214 N00048 N00246 N00102	N00090-1 N00214-0 N00022-0 N00254-0 N00034-0
1092	U00110	11/13/2025 06:16:00 AM	N00067 N00091 N00065 N00208 N00299 N00090 N00214 N00048 N00246 N00102	N00190-0 N00047-0 N00267-0 N00170-1 N00126-0 N00224-0 N00024-0
1093	U00110	11/13/2025 01:25:00 PM	N00067 N00091 N00065 N00208 N00299 N00090 N00214 N00048 N00246 N00102	N00274-1 N00244-0 N00128-0 N00188-1 N00226-0 N00095-0 N00014-0
1094	U00110	11/15/2025 06:47:00 PM	N00067 N00091 N00065 N00208 N00299 N00090 N00214 N00048 N00246 N00102	N00232-1 N00059-0 N00067-0 N00282-0
1095	U00110	11/14/2025 09:55:00 AM	N00067 N00091 N00065 N00208 N00299 N00090 N00214 N00048 N00246 N00102	N00288-1 N00080-0 N00208-1 N00136-0
1096	U00110	11/16/2025 12:42:00 AM	N00067 N00091 N00065 N00208 N00299 N00090 N00214 N00048 N00246 N00102	N00208-0 N00299-1 N00026-0 N00191-0 N00250-0 N00020-1 N00149-0
1097	U00110	11/12/2025 05:57:00 AM	N00067 N00091 N00065 N00208 N00299 N00090 N00214 N00048 N00246 N00102	N00025-0 N00107-0 N00113-1 N00204-0
1098	U00110	11/16/2025 07:14:00 AM	N00067 N00091 N00065 N00208 N00299 N00090 N00214 N00048 N00246 N00102	N00062-0 N00220-0 N00300-0 N00102-0 N00130-0 N00097-1 N00020-1 N00095-1
1099	U00110	11/13/2025 04:48:00 AM	N00067 N00091 N00065 N00208 N00299 N00090 N00214 N00048 N00246 N00102	N00288-0 N00188-1 N00265-0 N00020-1 N00263-0
1100	U00110	11/12/2025 04:26:00 PM	N00067 N00091 N00065 N00208 N00299 N00090 N00214 N00048 N00246 N00102	N00041-0 N00009-1 N00181-0 N00178-1 N00014-0 N00090-1 N00253-0
1101	U00111	11/12/2025 02:53:00 AM	N00261 N00225 N00126 N00223 N00046 N00193 N00093 N00103 N00008 N00149 N00289 N00176 N00029	N00270-0 N00252-0 N00149-0 N00113-0 N00244-0 N00285-0
1102	U00111	11/14/2025 03:37:00 PM	N00261 N00225 N00126 N00223 N00046 N00193 N00093 N00103 N00008 N00149 N00289 N00176 N00029	N00271-0 N00139-0 N00175-0 N00176-1 N00026-0 N00055-0 N00112-0 N00109-0
1103	U00111	11/13/2025 08:21:00 AM	N00261 N00225 N00126 N00223 N00046 N00193 N00093 N00103 N00008 N00149 N00289 N00176 N00029	N00039-0 N00052-1 N00189-0 N00144-1 N00253-0
1104	U00111	11/13/2025 08:44:00 PM	N00261 N00225 N00126 N00223 N00046 N00193 N00093 N00103 N00008 N00149 N00289 N00176 N00029	N00108-0 N00180-0 N00266-0 N00167-0 N00176-0 N00149-0
1105	U00111	11/14/2025 04:22:00 AM	N00261 N00225 N00126 N00223 N00046 N00193 N00093 N00103 N00008 N00149 N00289 N00176 N00029	N00139-0 N00220-1 N00172-0 N00271-0 N00164-1 N00265-0
1106	U00111	11/10/2025 12:20:00 PM	N00261 N00225 N00126 N00223 N00046 N00193 N00093 N00103 N00008 N00149 N00289 N00176 N00029	N00051-0 N00258-0 N00150-0 N00085-1 N00029-1 N00217-1 N00267-0 N00197-1 N00057-0
1107	U00111	11/13/2025 11:17:00 AM	N00261 N00225 N00126 N00223 N00046 N00193 N00093 N00103 N00008 N00149 N00289 N00176 N00029	N00092-0 N00297-0 N00144-1 N00185-1 N00190-0
1108	U00111	11/13/2025 09:07:00 AM	N00261 N00225 N00126 N00223 N00046 N00193 N00093 N00103 N00008 N00149 N00289 N00176 N00029	N00077-0 N00198-1 N00115-1 N00214-0 N00294-1 N00222-0 N00138-0 N00028-1 N00083-0
1109	U00111	11/14/2025 06:00:00 PM	N00261 N00225 N00126 N00223 N00046 N00193 N00093 N00103 N00008 N00149 N00289 N00176 N00029	N00264-1 N00050-1 N00274-0 N00081-0 N00299-1 N00280-0
1110	U00111	11/11/2025 03:04:00 PM	N00261 N00225 N00126 N00223 N00046 N00193 N00093 N00103 N00008 N00149 N00289 N00176 N00029	N00267-0 N00135-0 N00217-0 N00293-1 N00275-1 N00283-0 N00036-0
1111	U00112	11/13/2025 11:41:00 PM	N00004 N00100 N00299 N00107 N00288 N00091	N00032-0 N00296-0 N00223-0 N00036-0 N00085-1 N00040-1 N00226-1 N00060-0
1112	U00112	11/14/2025 01:04:00 AM	N00004 N00100 N00299 N00107 N00288 N00091	N00165-0 N00020-0 N00183-0 N00199-0 N00193-0 N00251-0 N00246-1 N00040-0 N00078-1
1113	U00112	11/10/2025 09:11:00 AM	N00004 N00100 N00299 N00107 N00288 N00091	N00226-0 N00075-0 N00201-1 N00256-0
1114	U00112	11/10/2025 11:18:00 AM	N00004 N00100 N00299 N00107 N00288 N00091	N00283-0 N00022-0 N00170-0 N00165-1
1115	U00112	11/13/2025 09:57:00 PM	N00004 N00100 N00299 N00107 N00288 N00091	N00078-0 N00082-0 N00067-1 N00169-1 N00246-1
1116	U00112	11/12/2025 04:01:00 AM	N00004 N00100 N00299 N00107 N00288 N00091	N00048-0 N00156-1 N00031-0 N00129-0
1117	U00112	11/14/2025 08:07:00 PM	N00004 N00100 N00299 N00107 N00288 N00091	N00299-1 N00201-0 N00091-1 N00244-0 N00155-0
1118	U00112	11/13/2025 08:11:00 AM	N00004 N00100 N00299 N00107 N00288 N00091	N00178-1 N00097-1 N00033-0 N00085-1 N00111-0 N00151-0 N00213-0 N00258-0
1119	U00112	11/13/2025 07:52:00 PM	N00004 N00100 N00299 N00107 N00288 N00091	N00099-0 N00221-0 N00158-1 N00097-0 N00224-1
1120	U00112	11/14/2025 02:44:00 AM	N00004 N00100 N00299 N00107 N00288 N00091	N00235-0 N00257-0 N00100-0 N00097-0 N00188-1 N00192-0
1121	U00113	11/10/2025 06:30:00 PM	N00209 N00236 N00283 N00047 N00127 N00117 N00216	N00171-1 N00257-0 N00278-0 N00164-0 N00037-0
1122	U00113	11/12/2025 05:36:00 AM	N00209 N00236 N00283 N00047 N00127 N00117 N00216	N00060-0 N00259-1 N00153-0 N00073-0 N00111-1 N00294-0 N00212-0
1123	U00113	11/15/2025 02:44:00 PM	N00209 N00236 N00283 N00047 N00127 N00117 N00216	N00006-1 N00012-1 N00084-0 N00169-1 N00195-0
1124	U00113	11/15/2025 03:27:00 AM	N00209 N00236 N00283 N00047 N00127 N00117 N00216	N00294-0 N00283-0 N00105-1 N00109-1 N00103-0
1125	U00113	11/13/2025 08:11:00 PM	N00209 N00236 N00283 N00047 N00127 N00117 N00216	N00226-0 N00300-1 N00116-1 N00251-0 N00234-0 N00067-0 N00151-0
1126	U00113	11/12/2025 08:13:00 AM	N00209 N00236 N00283 N00047 N00127 N00117 N00216	N00051-1 N00186-1 N00046-0 N00063-1 N00256-0 N00072-0 N00264-0
1127	U00113	11/12/2025 03:07:00 AM	N00209 N00236 N00283 N00047 N00127 N00117 N00216	N00069-0 N00079-1 N00137-0 N00283-0
1128	U00113	11/10/2025 10:12:00 AM	N00209 N00236 N00283 N00047 N00127 N00117 N00216	N00194-1 N00164-0 N00187-1 N00157-0 N00264-0
1129	U00113	11/12/2025 10:46:00 AM	N00209 N00236 N00283 N00047 N00127 N00117 N00216	N00235-0 N00047-1 N00086-0 N00005-0
1130	U00113	11/15/2025 04:45:00 AM	N00209 N00236 N00283 N00047 N00127 N00117 N00216	N00025-1 N00065-0 N00261-1 N00231-0 N00012-0 N00239-0
1131	U00114	11/14/2025 04:56:00 PM	N00126 N00101 N00166 N00212 N00089 N00289 N00262 N00232	N00078-0 N00245-0 N00176-1 N00032-0
1132	U00114	11/14/2025 11:13:00 AM	N00126 N00101 N00166 N00212 N00089 N00289 N00262 N00232	N00056-1 N00045-0 N00040-0 N00183-1 N00044-0 N00269-0 N00037-0 N00251-1 N00072-1
1133	U00114	11/14/2025 10:54:00 PM	N00126 N00101 N00166 N00212 N00089 N00289 N00262 N00232	N00245-0 N00295-1 N00122-1 N00082-0 N00077-0 N00032-1 N00256-0 N00233-0
1134	U00114	11/11/2025 05:24:00 AM	N00126 N00101 N00166 N00212 N00089 N00289 N00262 N00232	N00198-1 N00061-0 N00128-0 N00047-0 N00144-0 N00244-0
1135	U00114	11/11/2025 08:04:00 PM	N00126 N00101 N00166 N00212 N00089 N00289 N00262 N00232	N00264-0 N00068-0 N00249-0 N00268-1 N00144-0 N00288-0 N00119-0
1136	U00114	11/14/2025 04:33:00 PM	N00126 N00101 N00166 N00212 N00089 N00289 N00262 N00232	N00187-0 N00219-0 N00007-1 N00214-0 N00229-0 N00182-1 N00085-0 N00019-0
1137	U00114	11/14/2025 04:46:00 AM	N00126 N00101 N00166 N00212 N00089 N00289 N00262 N00232	N00132-0 N00290-0 N00007-1 N00249-0 N00130-0 N00147-0 N00057-0
1138	U00114	11/10/2025 08:32:00 PM	N00126 N00101 N00166 N00212 N00089 N00289 N00262 N00232	N00041-0 N00212-0 N00030-1 N00002-1 N00163-0 N00189-0 N00256-1 N00298-0 N00154-1
1139	U00114	11/13/2025 05:10:00 AM	N00126 N00101 N00166 N00212 N00089 N00289 N00262 N00232	N00060-0 N00126-1 N00073-0 N00148-1 N00068-0
1140	U00114	11/15/2025 02:38:00 AM	N00126 N00101 N00166 N00212 N00089 N00289 N00262 N00232	N00012-0 N00015-0 N00213-1 N00062-1 N00276-0
1141	U00115	11/13/2025 05:07:00 PM	N00085 N00107 N00188 N00067 N00074 N00246 N00065 N00004 N00165	N00299-0 N00274-0 N00273-0 N00020-1 N00148-0 N00078-0 N00017-0 N00224-0
1142	U00115	11/11/2025 04:16:00 AM	N00085 N00107 N00188 N00067 N00074 N00246 N00065 N00004 N00165	N00022-0 N00111-0 N00078-0 N00208-0 N00170-0 N00052-0 N00274-0 N00175-0
1143	U00115	11/15/2025 10:16:00 PM	N00085 N00107 N00188 N00067 N00074 N00246 N00065 N00004 N00165	N00282-1 N00299-1 N00206-0 N00195-0 N00199-0 N00010-0 N00193-0
1144	U00115	11/15/2025 09:44:00 AM	N00085 N00107 N00188 N00067 N00074 N00246 N00065 N00004 N00165	N00042-0 N00010-0 N00246-1 N00299-1 N00254-1 N00067-1 N00227-0
1145	U00115	11/13/2025 10:59:00 AM	N00085 N00107 N00188 N00067 N00074 N00246 N00065 N00004 N00165	N00035-0 N00031-0 N00136-0 N00182-0 N00084-0 N00274-1 N00215-0
1146	U00115	11/13/2025 01:20:00 PM	N00085 N00107 N00188 N00067 N00074 N00246 N00065 N00004 N00165	N00131-1 N00091-0 N00153-0 N00075-0 N00111-0 N00086-0
1147	U00115	11/14/2025 03:06:00 AM	N00085 N00107 N00188 N00067 N00074 N00246 N00065 N00004 N00165	N00100-1 N00294-0 N00111-0 N00208-1 N00107-0 N00017-0 N00230-0
1148	U00115	11/14/2025 05:22:00 PM	N00085 N00107 N00188 N00067 N00074 N00246 N00065 N00004 N00165	N00107-0 N00232-0 N00139-0 N00084-0 N00038-0
1149	U00115	11/13/2025 01:06:00 PM	N00085 N00107 N00188 N00067 N00074 N00246 N00065 N00004 N00165	N00065-0 N00183-0 N00074-0 N00299-1 N00016-0 N00053-0 N00080-0
1150	U00115	11/13/2025 03:08:00 PM	N00085 N00107 N00188 N00067 N00074 N00246 N00065 N00004 N00165	N00295-1 N00048-1 N00099-0 N00090-0 N00088-1
1151	U00116	11/15/2025 04:21:00 AM	N00198 N00190 N00285 N00192 N00191 N00077 N00182 N00056 N00044 N00015 N00220 N00023 N00154 N00261	N00137-0 N00126-0 N00293-1 N00125-0 N00154-0
1152	U00116	11/11/2025 03:00:00 PM	N00198 N00190 N00285 N00192 N00191 N00077 N00182 N00056 N00044 N00015 N00220 N00023 N00154 N00261	N00190-1 N00275-1 N00122-1 N00088-0 N00284-0 N00139-1 N00036-0
1153	U00116	11/14/2025 05:48:00 PM	N00198 N00190 N00285 N00192 N00191 N00077 N00182 N00056 N00044 N00015 N00220 N00023 N00154 N00261	N00227-1 N00256-1 N00185-0 N00034-0 N00254-0 N00041-0
1154	U00116	11/11/2025 02:10:00 AM	N00198 N00190 N00285 N00192 N00191 N00077 N00182 N00056 N00044 N00015 N00220 N00023 N00154 N00261	N00220-1 N00251-0 N00024-0 N00206-0 N00256-0 N00072-1
1155	U00116	11/14/2025 04:52:00 AM	N00198 N00190 N00285 N00192 N00191 N00077 N00182 N00056 N00044 N00015 N00220 N00023 N00154 N00261	N00057-0 N00078-0 N00176-0 N00180-0 N00259-0 N00198-1 N00061-0 N00262-1
1156	U00116	11/12/2025 03:19:00 AM	N00198 N00190 N00285 N00192 N00191 N00077 N00182 N00056 N00044 N00015 N00220 N00023 N00154 N00261	N00286-0 N00030-1 N00026-0 N00092-0
1157	U00116	11/12/2025 06:44:00 AM	N00198 N00190 N00285 N00192 N00191 N00077 N00182 N00056 N00044 N00015 N00220 N00023 N00154 N00261	N00160-0 N00126-1 N00212-0 N00127-0 N00229-0
1158	U00116	11/16/2025 01:12:00 AM	N00198 N00190 N00285 N00192 N00191 N00077 N00182 N00056 N00044 N00015 N00220 N00023 N00154 N00261	N00081-0 N00125-0 N00058-0 N00052-1 N00016-0 N00161-1 N00199-0 N00013-0 N00264-1
1159	U00116	11/11/2025 04:20:00 PM	N00198 N00190 N00285 N00192 N00191 N00077 N00182 N00056 N00044 N00015 N00220 N00023 N00154 N00261	N00198-1 N00279-1 N00077-0 N00117-0 N00143-0 N00255-0
1160	U00116	11/13/2025 06:23:00 AM	N00198 N00190 N00285 N00192 N00191 N00077 N00182 N00056 N00044 N00015 N00220 N00023 N00154 N00261	N00058-0 N00016-0 N00238-1 N00240-0
1161	U00117	11/11/2025 10:56:00 PM	N00116 N00276 N00189 N00025 N00292	N00279-0 N00296-0 N00123-1 N00014-0 N00163-1 N00129-1 N00124-1 N00244-1
1162	U00117	11/13/2025 10:35:00 PM	N00116 N00276 N00189 N00025 N00292	N00222-0 N00182-0 N00223-1 N00207-1 N00047-0 N00254-1
1163	U00117	11/12/2025 10:35:00 PM	N00116 N00276 N00189 N00025 N00292	N00010-0 N00062-0 N00169-1 N00131-0 N00257-1 N00250-1 N00294-0
1164	U00117	11/15/2025 12:54:00 PM	N00116 N00276 N00189 N00025 N00292	N00061-0 N00141-0 N00015-0 N00043-1 N00001-0 N00082-1 N00021-0 N00056-0 N00289-0
1165	U00117	11/15/2025 03:25:00 AM	N00116 N00276 N00189 N00025 N00292	N00007-1 N00203-0 N00152-0 N00133-0 N00273-0
1166	U00117	11/10/2025 11:55:00 AM	N00116 N00276 N00189 N00025 N00292	N00221-0 N00035-0 N00184-1 N00145-1 N00146-1
1167	U00117	11/15/2025 06:44:00 AM	N00116 N00276 N00189 N00025 N00292	N00066-1 N00200-1 N00025-1 N00157-1 N00080-1 N00294-0
1168	U00117	11/11/2025 05:13:00 AM	N00116 N00276 N00189 N00025 N00292	N00059-1 N00180-1 N00103-0 N00040-0 N00168-1 N00201-0
1169	U00117	11/14/2025 06:24:00 PM	N00116 N00276 N00189 N00025 N00292	N00018-0 N00217-0 N00300-1 N00100-0 N00035-0 N00176-0 N00045-0 N00082-0
1170	U00117	11/10/2025 10:36:00 AM	N00116 N00276 N00189 N00025 N00292	N00283-0 N00295-0 N00142-0 N00226-0 N00281-1 N00285-0 N00286-1 N00205-0 N00010-1
1171	U00118	11/14/2025 05:09:00 AM	N00111 N00084 N00252 N00155 N00247 N00153 N00136 N00182 N00140 N00265 N00263 N00055 N00112 N00187 N00258	N00275-1 N00128-0 N00221-1 N00028-0 N00219-0 N00191-1 N00020-0
1172	U00118	11/12/2025 02:10:00 PM	N00111 N00084 N00252 N00155 N00247 N00153 N00136 N00182 N00140 N00265 N00263 N00055 N00112 N00187 N00258	N00169-0 N00035-0 N00232-0 N00258-1 N00261-1 N00219-0
1173	U00118	11/12/2025 09:06:00 PM	N00111 N00084 N00252 N00155 N00247 N00153 N00136 N00182 N00140 N00265 N00263 N00055 N00112 N00187 N00258	N00073-1 N00084-0 N00186-1 N00294-1
1174	U00118	11/12/2025 01:55:00 AM	N00111 N00084 N00252 N00155 N00247 N00153 N00136 N00182 N00140 N00265 N00263 N00055 N00112 N00187 N00258	N00298-0 N00043-0 N00016-1 N00289-1 N00019-1 N00292-0 N00035-1
1175	U00118	11/10/2025 12:04:00 PM	N00111 N00084 N00252 N00155 N00247 N00153 N00136 N00182 N00140 N00265 N00263 N00055 N00112 N00187 N00258	N00183-1 N00116-0 N00225-0 N00074-0 N00052-0
1176	U00118	11/13/2025 11:48:00 AM	N00111 N00084 N00252 N00155 N00247 N00153 N00136 N00182 N00140 N00265 N00263 N00055 N00112 N00187 N00258	N00094-1 N00136-0 N00195-0 N00189-0 N00142-0 N00172-1 N00279-0 N00041-1 N00146-0
1177	U00118	11/11/2025 01:59:00 PM	N00111 N00084 N00252 N00155 N00247 N00153 N00136 N00182 N00140 N00265 N00263 N00055 N00112 N00187 N00258	N00075-1 N00195-1 N00205-1 N00257-1 N00142-0 N00281-0
1178	U00118	11/13/2025 08:23:00 AM	N00111 N00084 N00252 N00155 N00247 N00153 N00136 N00182 N00140 N00265 N00263 N00055 N00112 N00187 N00258	N00155-1 N00192-0 N00295-1 N00035-1 N00021-0 N00300-1 N00043-1 N00128-0
1179	U00118	11/11/2025 08:22:00 PM	N00111 N00084 N00252 N00155 N00247 N00153 N00136 N00182 N00140 N00265 N00263 N00055 N00112 N00187 N00258	N00240-1 N00192-0 N00236-0 N00017-1 N00180-0 N00175-1 N00217-1
1180	U00118	11/12/2025 08:15:00 PM	N00111 N00084 N00252 N00155 N00247 N00153 N00136 N00182 N00140 N00265 N00263 N00055 N00112 N00187 N00258	N00037-0 N00173-1 N00258-1 N00093-0 N00195-0 N00058-0 N00009-1 N00187-0 N00080-0
1181	U00119	11/16/2025 05:42:00 AM	N00022 N00272 N00013 N00199	N00021-0 N00264-0 N00284-0 N00080-0
1182	U00119	11/12/2025 04:13:00 PM	N00022 N00272 N00013 N00199	N00082-0 N00258-0 N00081-0 N00293-0 N00287-0 N00257-0 N00024-1
1183	U00119	11/10/2025 09:46:00 AM	N00022 N00272 N00013 N00199	N00233-0 N00230-0 N00066-0 N00281-1
1184	U00119	11/14/2025 09:11:00 AM	N00022 N00272 N00013 N00199	N00214-1 N00043-1 N00204-1 N00249-1 N00133-0 N00203-1 N00235-0
1185	U00119	11/12/2025 01:58:00 AM	N00022 N00272 N00013 N00199	N00056-0 N00272-0 N00259-0 N00058-0 N00063-0 N00266-0
1186	U00119	11/15/2025 03:04:00 PM	N00022 N00272 N00013 N00199	N00217-0 N00085-0 N00254-1 N00196-1
1187	U00119	11/11/2025 11:35:00 AM	N00022 N00272 N00013 N00199	N00234-0 N00240-0 N00109-1 N00165-0 N00186-1 N00231-0
1188	U00119	11/11/2025 12:31:00 AM	N00022 N00272 N00013 N00199	N00170-0 N00066-1 N00086-0 N00181-1 N00213-0 N00093-0 N00108-1 N00158-0
1189	U00119	11/11/2025 10:41:00 PM	N00022 N00272 N00013 N00199	N00069-0 N00243-1 N00276-1 N00284-1 N00074-0
1190	U00119	11/13/2025 03:30:00 AM	N00022 N00272 N00013 N00199	N00149-0 N00015-0 N00005-0 N00117-1 N00111-0 N00243-1 N00193-0 N00238-0
1191	U00120	11/14/2025 10:05:00 PM	N00136 N00133 N00110 N00061 N00099 N00140 N00244 N00271 N00241 N00294 N00076 N00077	N00072-1 N00036-0 N00255-0 N00023-0 N00202-1 N00297-0
1192	U00120	11/13/2025 07:40:00 PM	N00136 N00133 N00110 N00061 N00099 N00140 N00244 N00271 N00241 N00294 N00076 N00077	N00006-1 N00174-0 N00172-1 N00151-1 N00052-0
1193	U00120	11/14/2025 04:02:00 AM	N00136 N00133 N00110 N00061 N00099 N00140 N00244 N00271 N00241 N00294 N00076 N00077	N00009-0 N00262-0 N00119-1 N00253-1 N00110-0 N00261-1 N00159-0
1194	U00120	11/10/2025 11:40:00 PM	N00136 N00133 N00110 N00061 N00099 N00140 N00244 N00271 N00241 N00294 N00076 N00077	N00099-1 N00296-0 N00101-0 N00066-0
1195	U00120	11/14/2025 07:40:00 AM	N00136 N00133 N00110 N00061 N00099 N00140 N00244 N00271 N00241 N00294 N00076 N00077	N00272-0 N00196-0 N00296-1 N00218-1 N00221-0
1196	U00120	11/13/2025 04:03:00 PM	N00136 N00133 N00110 N00061 N00099 N00140 N00244 N00271 N00241 N00294 N00076 N00077	N00097-0 N00144-0 N00049-0 N00118-0 N00084-0 N00254-0 N00277-0 N00141-0 N00137-1
1197	U00120	11/13/2025 01:47:00 AM	N00136 N00133 N00110 N00061 N00099 N00140 N00244 N00271 N00241 N00294 N00076 N00077	N00182-1 N00168-0 N00059-1 N00165-0 N00089-1 N00249-0
1198	U00120	11/13/2025 08:59:00 AM	N00136 N00133 N00110 N00061 N00099 N00140 N00244 N00271 N00241 N00294 N00076 N00077	N00239-0 N00155-0 N00085-0 N00219-0 N00182-1 N00112-0 N00265-1 N00162-1
1199	U00120	11/12/2025 08:29:00 PM	N00136 N00133 N00110 N00061 N00099 N00140 N00244 N00271 N00241 N00294 N00076 N00077	N00109-0 N00057-0 N00075-0 N00016-0
1200	U00120	11/13/2025 12:54:00 PM	N00136 N00133 N00110 N00061 N00099 N00140 N00244 N00271 N00241 N00294 N00076 N00077	N00277-0 N00173-1 N00270-0 N00003-0 N00246-0 N00179-0 N00264-0 N00241-1
1201	U00121	11/15/2025 03:52:00 PM	N00070 N00238 N00176 N00264 N00193 N00050 N00122 N00055 N00174 N00212 N00235 N00227	N00274-0 N00075-0 N00121-0 N00034-0 N00296-1 N00276-0 N00192-1
1202	U00121	11/14/2025 09:53:00 PM	N00070 N00238 N00176 N00264 N00193 N00050 N00122 N00055 N00174 N00212 N00235 N00227	N00154-0 N00133-0 N00225-0 N00199-0 N00268-0 N00022-0 N00266-0 N00183-0 N00096-1
1203	U00121	11/10/2025 11:42:00 PM	N00070 N00238 N00176 N00264 N00193 N00050 N00122 N00055 N00174 N00212 N00235 N00227	N00294-1 N00168-0 N00085-0 N00245-1 N00259-0 N00278-1 N00260-0
1204	U00121	11/11/2025 05:20:00 AM	N00070 N00238 N00176 N00264 N00193 N00050 N00122 N00055 N00174 N00212 N00235 N00227	N00156-0 N00066-0 N00290-0 N00286-0 N00265-1 N00019-0 N00296-0
1205	U00121	11/14/2025 02:14:00 AM	N00070 N00238 N00176 N00264 N00193 N00050 N00122 N00055 N00174 N00212 N00235 N00227	N00229-1 N00090-0 N00023-0 N00197-0 N00031-0 N00124-0 N00237-0
1206	U00121	11/16/2025 07:26:00 AM	N00070 N00238 N00176 N00264 N00193 N00050 N00122 N00055 N00174 N00212 N00235 N00227	N00290-0 N00150-1 N00106-0 N00227-1 N00083-1 N00070-0
1207	U00121	11/11/2025 08:19:00 PM	N00070 N00238 N00176 N00264 N00193 N00050 N00122 N00055 N00174 N00212 N00235 N00227	N00148-1 N00300-0 N00068-0 N00227-1 N00126-1
1208	U00121	11/14/2025 10:07:00 AM	N00070 N00238 N00176 N00264 N00193 N00050 N00122 N00055 N00174 N00212 N00235 N00227	N00289-0 N00098-0 N00230-0 N00026-1 N00076-1 N00240-0 N00108-0 N00173-0
1209	U00121	11/13/2025 11:07:00 PM	N00070 N00238 N00176 N00264 N00193 N00050 N00122 N00055 N00174 N00212 N00235 N00227	N00222-0 N00016-0 N00258-0 N00023-1 N00126-1 N00251-1
1210	U00121	11/16/2025 03:05:00 AM	N00070 N00238 N00176 N00264 N00193 N00050 N00122 N00055 N00174 N00212 N00235 N00227	N00077-0 N00237-0 N00193-0 N00063-0 N00275-1 N00089-0
1211	U00122	11/14/2025 04:18:00 AM	N00114 N00058 N00196 N00011 N00045 N00001	N00141-1 N00103-0 N00098-0 N00270-0 N00032-1
1212	U00122	11/14/2025 01:39:00 AM	N00114 N00058 N00196 N00011 N00045 N00001	N00234-1 N00024-0 N00136-0 N00252-0 N00231-1
1213	U00122	11/15/2025 07:50:00 AM	N00114 N00058 N00196 N00011 N00045 N00001	N00137-0 N00179-1 N00268-0 N00196-1 N00291-1 N00275-0
1214	U00122	11/11/2025 10:03:00 AM	N00114 N00058 N00196 N00011 N00045 N00001	N00204-1 N00026-0 N00169-0 N00273-1 N00038-0
1215	U00122	11/11/2025 09:49:00 AM	N00114 N00058 N00196 N00011 N00045 N00001	N00054-1 N00205-0 N00266-0 N00228-1 N00236-0 N00151-0 N00196-1
1216	U00122	11/14/2025 03:00:00 AM	N00114 N00058 N00196 N00011 N00045 N00001	N00020-0 N00190-0 N00074-0 N00019-0 N00045-1 N00298-1 N00171-1
1217	U00122	11/11/2025 04:42:00 AM	N00114 N00058 N00196 N00011 N00045 N00001	N00208-0 N00031-0 N00037-1 N00157-1 N00079-0 N00004-0 N00147-0 N00128-1
1218	U00122	11/11/2025 10:27:00 PM	N00114 N00058 N00196 N00011 N00045 N00001	N00011-1 N00010-1 N00274-0 N00294-0 N00167-0
1219	U00122	11/13/2025 10:34:00 PM	N00114 N00058 N00196 N00011 N00045 N00001	N00269-1 N00193-0 N00270-1 N00084-0
1220	U00122	11/10/2025 01:46:00 PM	N00114 N00058 N00196 N00011 N00045 N00001	N00264-0 N00288-0 N00180-1 N00196-1 N00107-0
1221	U00123	11/12/2025 01:18:00 PM	N00048 N00031 N00208 N00170 N00040 N00102 N00075 N00266	N00250-0 N00129-0 N00299-1 N00247-0 N00048-1 N00266-1 N00165-1
1222	U00123	11/14/2025 03:00:00 PM	N00048 N00031 N00208 N00170 N00040 N00102 N00075 N00266	N00140-0 N00266-0 N00049-0 N00090-1 N00239-0 N00287-0
1223	U00123	11/10/2025 08:21:00 PM	N00048 N00031 N00208 N00170 N00040 N00102 N00075 N00266	N00031-1 N00020-1 N00089-0 N00095-1 N00227-0 N00097-1 N00030-0
1224	U00123	11/14/2025 04:03:00 AM	N00048 N00031 N00208 N00170 N00040 N00102 N00075 N00266	N00035-0 N00281-0 N00173-0 N00188-1 N00264-0 N00246-1 N00095-1
1225	U00123	11/15/2025 01:42:00 AM	N00048 N00031 N00208 N00170 N00040 N00102 N00075 N00266	N00131-1 N00178-1 N00031-0 N00291-1
1226	U00123	11/13/2025 07:53:00 PM	N00048 N00031 N00208 N00170 N00040 N00102 N00075 N00266	N00040-0 N00249-1 N00244-0 N00135-0 N00287-0 N00185-0 N00075-1 N00170-1
1227	U00123	11/16/2025 06:10:00 AM	N00048 N00031 N00208 N00170 N00040 N00102 N00075 N00266	N00085-0 N00090-1 N00072-0 N00047-0 N00250-0 N00277-0 N00148-0
1228	U00123	11/15/2025 05:23:00 PM	N00048 N00031 N00208 N00170 N00040 N00102 N00075 N00266	N00113-0 N00170-0 N00226-1 N00096-0 N00284-1 N00090-0 N00076-0 N00145-0
1229	U00123	11/11/2025 04:47:00 AM	N00048 N00031 N00208 N00170 N00040 N00102 N00075 N00266	N00170-1 N00116-0 N00073-0 N00040-1 N00241-0 N00119-0 N00075-1 N00023-0
1230	U00123	11/11/2025 08:57:00 AM	N00048 N00031 N00208 N00170 N00040 N00102 N00075 N00266	N00254-0 N00273-0 N00020-0 N00113-1 N00082-0 N00246-0 N00217-0 N00185-0
1231	U00124	11/15/2025 12:07:00 PM	N00088 N00214 N00085 N00178 N00188 N00009 N00288	N00080-0 N00185-0 N00100-0 N00075-1 N00004-0 N00109-0
1232	U00124	11/12/2025 08:06:00 AM	N00088 N00214 N00085 N00178 N00188 N00009 N00288	N00180-0 N00074-0 N00097-1 N00164-0 N00102-1 N00100-1
1233	U00124	11/15/2025 10:07:00 AM	N00088 N00214 N00085 N00178 N00188 N00009 N00288	N00170-1 N00113-1 N00187-0 N00031-1 N00292-0 N00061-1 N00006-0 N00097-1 N00173-0
1234	U00124	11/11/2025 08:55:00 PM	N00088 N00214 N00085 N00178 N00188 N00009 N00288	N00009-1 N00085-0 N00230-0 N00192-1
1235	U00124	11/11/2025 03:30:00 PM	N00088 N00214 N00085 N00178 N00188 N00009 N00288	N00288-0 N00207-1 N00110-0 N00142-0 N00299-0 N00106-1 N00178-0 N00144-0
1236	U00124	11/12/2025 08:24:00 AM	N00088 N00214 N00085 N00178 N00188 N00009 N00288	N00126-0 N00243-0 N00226-0 N00085-0 N00120-0 N00097-0
1237	U00124	11/13/2025 07:02:00 AM	N00088 N00214 N00085 N00178 N00188 N00009 N00288	N00091-1 N00230-0 N00112-0 N00205-0 N00081-0 N00100-0 N00075-1 N00198-0 N00143-0
1238	U00124	11/14/2025 04:55:00 AM	N00088 N00214 N00085 N00178 N00188 N00009 N00288	N00197-0 N00282-1 N00173-0 N00251-0 N00178-1
1239	U00124	11/15/2025 12:12:00 AM	N00088 N00214 N00085 N00178 N00188 N00009 N00288	N00167-0 N00113-0 N00288-0 N00082-0
1240	U00124	11/14/2025 12:27:00 AM	N00088 N00214 N00085 N00178 N00188 N00009 N00288	N00095-0 N00266-0 N00243-1 N00270-0 N00011-0 N00269-0 N00063-0 N00288-0
1241	U00125	11/14/2025 07:20:00 AM	N00240 N00271 N00035 N00244 N00295	N00167-0 N00285-0 N00084-0 N00199-0 N00064-0 N00009-0
1242	U00125	11/13/2025 03:56:00 AM	N00240 N00271 N00035 N00244 N00295	N00110-1 N00218-1 N00006-0 N00071-0 N00109-0 N00254-0 N00024-1 N00299-0 N00125-0
1243	U00125	11/14/2025 01:57:00 PM	N00240 N00271 N00035 N00244 N00295	N00201-0 N00094-0 N00034-1 N00127-0 N00048-1 N00093-0 N00269-0 N00023-0
1244	U00125	11/13/2025 02:15:00 AM	N00240 N00271 N00035 N00244 N00295	N00125-0 N00075-1 N00192-0 N00258-0 N00134-1 N00204-0 N00087-0 N00057-0 N00103-1
1245	U00125	11/15/2025 11:29:00 PM	N00240 N00271 N00035 N00244 N00295	N00054-0 N00057-1 N00154-0 N00165-0 N00085-0 N00126-0 N00019-0 N00263-1
1246	U00125	11/11/2025 01:04:00 AM	N00240 N00271 N00035 N00244 N00295	N00147-0 N00252-1 N00268-0 N00033-0 N00135-0 N00166-1 N00008-1
1247	U00125	11/11/2025 08:15:00 PM	N00240 N00271 N00035 N00244 N00295	N00077-0 N00203-0 N00206-0 N00242-0 N00221-0 N00015-1 N00216-0 N00237-1
1248	U00125	11/15/2025 10:50:00 PM	N00240 N00271 N00035 N00244 N00295	N00261-1 N00277-1 N00153-1 N00154-0 N00189-0
1249	U00125	11/13/2025 07:05:00 PM	N00240 N00271 N00035 N00244 N00295	N00298-0 N00201-1 N00188-1 N00030-0 N00241-1 N00135-0 N00123-1 N00033-0
1250	U00125	11/15/2025 04:21:00 PM	N00240 N00271 N00035 N00244 N00295	N00182-0 N00167-0 N00142-0 N00095-0 N00130-1 N00185-0
1251	U00126	11/15/2025 07:52:00 PM	N00012 N00120 N00229 N00063 N00043 N00032 N00169 N00276 N00231 N00125 N00236	N00199-1 N00063-1 N00129-0 N00235-0 N00197-0
1252	U00126	11/13/2025 04:25:00 PM	N00012 N00120 N00229 N00063 N00043 N00032 N00169 N00276 N00231 N00125 N00236	N00165-0 N00228-1 N00041-1 N00175-0 N00231-1
1253	U00126	11/15/2025 08:35:00 PM	N00012 N00120 N00229 N00063 N00043 N00032 N00169 N00276 N00231 N00125 N00236	N00229-0 N00055-0 N00270-1 N00285-0
1254	U00126	11/10/2025 04:45:00 PM	N00012 N00120 N00229 N00063 N00043 N00032 N00169 N00276 N00231 N00125 N00236	N00199-0 N00002-0 N00293-0 N00163-0 N00072-0
1255	U00126	11/15/2025 01:27:00 AM	N00012 N00120 N00229 N00063 N00043 N00032 N00169 N00276 N00231 N00125 N00236	N00140-0 N00028-0 N00024-0 N00043-0 N00177-1
1256	U00126	11/14/2025 10:16:00 AM	N00012 N00120 N00229 N00063 N00043 N00032 N00169 N00276 N00231 N00125 N00236	N00112-1 N00121-0 N00002-0 N00052-0 N00113-0 N00037-0 N00184-1
1257	U00126	11/11/2025 07:05:00 PM	N00012 N00120 N00229 N00063 N00043 N00032 N00169 N00276 N00231 N00125 N00236	N00035-0 N00036-0 N00083-0 N00113-0 N00047-1 N00144-0 N00291-0 N00042-1 N00231-1
1258	U00126	11/15/2025 01:44:00 PM	N00012 N00120 N00229 N00063 N00043 N00032 N00169 N00276 N00231 N00125 N00236	N00138-0 N00087-0 N00135-0 N00130-0 N00245-0 N00246-0 N00024-0
1259	U00126	11/10/2025 08:29:00 PM	N00012 N00120 N00229 N00063 N00043 N00032 N00169 N00276 N00231 N00125 N00236	N00078-0 N00036-0 N00088-0 N00157-1 N00230-0 N00152-1
1260	U00126	11/12/2025 12:45:00 PM	N00012 N00120 N00229 N00063 N00043 N00032 N00169 N00276 N00231 N00125 N00236	N00240-1 N00225-0 N00079-1 N00231-0 N00118-1 N00145-0 N00199-1
1261	U00127	11/12/2025 07:12:00 PM	N00135 N00155 N00069 N00233 N00174	N00073-1 N00013-0 N00147-1 N00218-0
1262	U00127	11/11/2025 03:56:00 AM	N00135 N00155 N00069 N00233 N00174	N00161-0 N00180-1 N00247-1 N00262-0 N00162-0 N00089-1 N00122-1 N00201-1 N00123-0
1263	U00127	11/15/2025 07:51:00 AM	N00135 N00155 N00069 N00233 N00174	N00295-0 N00083-1 N00273-1 N00292-0
1264	U00127	11/16/2025 07:33:00 AM	N00135 N00155 N00069 N00233 N00174	N00160-0 N00156-1 N00112-0 N00045-0 N00099-0 N00192-1 N00288-0
1265	U00127	11/13/2025 12:01:00 PM	N00135 N00155 N00069 N00233 N00174	N00279-0 N00110-0 N00033-0 N00179-1 N00049-0 N00291-1 N00172-1
1266	U00127	11/16/2025 05:29:00 AM	N00135 N00155 N00069 N00233 N00174	N00217-0 N00100-0 N00073-0 N00248-1 N00049-0 N00161-0 N00047-0
1267	U00127	11/11/2025 06:59:00 AM	N00135 N00155 N00069 N00233 N00174	N00020-0 N00114-0 N00216-0 N00024-0 N00150-0 N00011-0 N00296-0
1268	U00127	11/11/2025 06:37:00 AM	N00135 N00155 N00069 N00233 N00174	N00069-1 N00173-1 N00199-0 N00230-0 N00285-0 N00198-0
1269	U00127	11/12/2025 12:35:00 AM	N00135 N00155 N00069 N00233 N00174	N00245-0 N00274-1 N00241-0 N00242-0 N00235-0 N00167-0 N00092-0 N00257-0
1270	U00127	11/10/2025 04:30:00 PM	N00135 N00155 N00069 N00233 N00174	N00005-0 N00242-0 N00228-0 N00014-0 N00261-0 N00192-0 N00293-0 N00069-0
1271	U00128	11/14/2025 02:46:00 AM	N00127 N00215 N00236 N00092 N00184	N00052-0 N00231-0 N00094-0 N00163-1 N00173-0 N00220-0
1272	U00128	11/13/2025 11:00:00 PM	N00127 N00215 N00236 N00092 N00184	N00059-0 N00058-1 N00299-0 N00247-0 N00237-0 N00159-0 N00287-1 N00208-0
1273	U00128	11/11/2025 07:13:00 PM	N00127 N00215 N00236 N00092 N00184	N00058-1 N00253-0 N00166-0 N00293-0 N00112-0 N00212-0 N00271-0
1274	U00128	11/13/2025 02:20:00 AM	N00127 N00215 N00236 N00092 N00184	N00249-1 N00163-0 N00142-0 N00116-1 N00063-0 N00081-0 N00031-0 N00188-0 N00251-0
1275	U00128	11/11/2025 09:28:00 PM	N00127 N00215 N00236 N00092 N00184	N00300-1 N00180-1 N00234-1 N00049-0 N00244-1
1276	U00128	11/13/2025 04:27:00 AM	N00127 N00215 N00236 N00092 N00184	N00235-0 N00139-1 N00010-0 N00287-1 N00208-0
1277	U00128	11/11/2025 09:53:00 AM	N00127 N00215 N00236 N00092 N00184	N00018-1 N00259-1 N00225-0 N00295-0 N00131-1 N00130-0 N00033-0
1278	U00128	11/13/2025 09:35:00 PM	N00127 N00215 N00236 N00092 N00184	N00180-1 N00021-0 N00251-1 N00277-0 N00005-1 N00033-0
1279	U00128	11/15/2025 03:23:00 PM	N00127 N00215 N00236 N00092 N00184	N00045-1 N00102-0 N00161-0 N00079-0 N00099-0 N00136-0 N00234-1 N00130-0 N00287-0
1280	U00128	11/14/2025 06:54:00 AM	N00127 N00215 N00236 N00092 N00184	N00079-0 N00062-0 N00129-1 N00199-1 N00282-0
1281	U00129	11/12/2025 01:15:00 AM	N00278 N00251 N00265 N00221 N00223	N00058-0 N00037-0 N00053-1 N00118-0 N00064-1 N00264-0 N00206-0
1282	U00129	11/10/2025 11:53:00 PM	N00278 N00251 N00265 N00221 N00223	N00214-0 N00256-1 N00161-0 N00225-0 N00040-0
1283	U00129	11/13/2025 03:49:00 AM	N00278 N00251 N00265 N00221 N00223	N00176-0 N00157-0 N00040-0 N00237-0 N00227-1 N00105-0
1284	U00129	11/10/2025 11:01:00 PM	N00278 N00251 N00265 N00221 N00223	N00232-0 N00247-1 N00081-0 N00099-0 N00265-1 N00185-1 N00271-1
1285	U00129	11/14/2025 04:49:00 PM	N00278 N00251 N00265 N00221 N00223	N00077-1 N00112-0 N00197-0 N00043-0 N00014-0 N00248-0
1286	U00129	11/13/2025 10:54:00 PM	N00278 N00251 N00265 N00221 N00223	N00212-1 N00250-0 N00185-0 N00252-0 N00031-0 N00091-0
1287	U00129	11/13/2025 04:46:00 AM	N00278 N00251 N00265 N00221 N00223	N00238-0 N00136-0 N00082-0 N00171-0 N00121-0 N00135-0 N00070-0 N00008-1 N00247-0
1288	U00129	11/14/2025 11:41:00 AM	N00278 N00251 N00265 N00221 N00223	N00030-1 N00243-0 N00110-1 N00099-0 N00240-0 N00130-0 N00047-0 N00295-0
1289	U00129	11/13/2025 07:31:00 AM	N00278 N00251 N00265 N00221 N00223	N00272-0 N00198-1 N00128-0 N00230-1 N00248-0 N00118-0 N00048-1 N00265-1 N00208-0
1290	U00129	11/11/2025 05:54:00 AM	N00278 N00251 N00265 N00221 N00223	N00046-0 N00289-1 N00012-0 N00139-0
1291	U00130	11/14/2025 03:42:00 PM	N00196 N00073 N00284 N00209 N00117 N00082 N00234 N00267 N00269	N00189-1 N00287-1 N00010-1 N00169-1 N00166-0 N00140-0 N00191-0 N00094-0 N00077-0
1292	U00130	11/12/2025 03:00:00 AM	N00196 N00073 N00284 N00209 N00117 N00082 N00234 N00267 N00269	N00131-0 N00119-0 N00067-0 N00025-0 N00238-0 N00183-0
1293	U00130	11/11/2025 06:17:00 AM	N00196 N00073 N00284 N00209 N00117 N00082 N00234 N00267 N00269	N00264-0 N00239-0 N00007-0 N00209-0 N00186-1 N00141-0
1294	U00130	11/12/2025 01:42:00 PM	N00196 N00073 N00284 N00209 N00117 N00082 N00234 N00267 N00269	N00272-1 N00282-0 N00100-0 N00232-0 N00041-0 N00228-1
1295	U00130	11/16/2025 05:10:00 AM	N00196 N00073 N00284 N00209 N00117 N00082 N00234 N00267 N00269	N00272-1 N00063-0 N00044-0 N00273-0 N00227-0 N00192-0
1296	U00130	11/13/2025 06:13:00 AM	N00196 N00073 N00284 N00209 N00117 N00082 N00234 N00267 N00269	N00104-0 N00276-1 N00124-0 N00030-0 N00107-1 N00196-1
1297	U00130	11/10/2025 02:35:00 PM	N00196 N00073 N00284 N00209 N00117 N00082 N00234 N00267 N00269	N00010-0 N00127-0 N00166-0 N00199-0 N00157-1 N00289-0
1298	U00130	11/13/2025 05:33:00 AM	N00196 N00073 N00284 N00209 N00117 N00082 N00234 N00267 N00269	N00101-0 N00036-0 N00026-1 N00243-1 N00169-1
1299	U00130	11/13/2025 05:29:00 PM	N00196 N00073 N00284 N00209 N00117 N00082 N00234 N00267 N00269	N00120-0 N00003-1 N00228-0 N00263-0 N00164-0
1300	U00130	11/15/2025 11:44:00 PM	N00196 N00073 N00284 N00209 N00117 N00082 N00234 N00267 N00269	N00106-1 N00073-1 N00195-0 N00128-1 N00060-0 N00214-0 N00019-0
1301	U00131	11/15/2025 03:38:00 PM	N00249 N00260 N00287 N00177 N00139 N00298 N00039 N00216 N00079 N00127 N00063 N00013 N00243 N00215	N00177-1 N00259-0 N00017-0 N00283-0 N00260-0 N00223-0
1302	U00131	11/11/2025 01:04:00 AM	N00249 N00260 N00287 N00177 N00139 N00298 N00039 N00216 N00079 N00127 N00063 N00013 N00243 N00215	N00120-0 N00154-0 N00214-0 N00073-1 N00226-0 N00105-0 N00131-0 N00057-0
1303	U00131	11/11/2025 08:50:00 PM	N00249 N00260 N00287 N00177 N00139 N00298 N00039 N00216 N00079 N00127 N00063 N00013 N00243 N00215	N00295-0 N00165-0 N00082-0 N00224-0 N00123-1
1304	U00131	11/13/2025 01:14:00 AM	N00249 N00260 N00287 N00177 N00139 N00298 N00039 N00216 N00079 N00127 N00063 N00013 N00243 N00215	N00004-0 N00252-0 N00158-0 N00131-0 N00300-0 N00196-1 N00146-0 N00033-0
1305	U00131	11/12/2025 09:58:00 AM	N00249 N00260 N00287 N00177 N00139 N00298 N00039 N00216 N00079 N00127 N00063 N00013 N00243 N00215	N00080-0 N00169-1 N00034-0 N00224-0 N00075-0
1306	U00131	11/13/2025 11:31:00 AM	N00249 N00260 N00287 N00177 N00139 N00298 N00039 N00216 N00079 N00127 N00063 N00013 N00243 N00215	N00045-0 N00203-0 N00017-0 N00076-1 N00012-0
1307	U00131	11/15/2025 08:00:00 PM	N00249 N00260 N00287 N00177 N00139 N00298 N00039 N00216 N00079 N00127 N00063 N00013 N00243 N00215	N00177-1 N00091-0 N00284-1 N00080-0 N00251-0
1308	U00131	11/13/2025 10:29:00 PM	N00249 N00260 N00287 N00177 N00139 N00298 N00039 N00216 N00079 N00127 N00063 N00013 N00243 N00215	N00089-0 N00283-1 N00119-0 N00003-0 N00285-0 N00032-1 N00130-0 N00204-0 N00261-0
1309	U00131	11/12/2025 06:07:00 PM	N00249 N00260 N00287 N00177 N00139 N00298 N00039 N00216 N00079 N00127 N00063 N00013 N00243 N00215	N00230-0 N00210-0 N00080-0 N00204-0 N00020-0 N00113-0
1310	U00131	11/15/2025 02:57:00 AM	N00249 N00260 N00287 N00177 N00139 N00298 N00039 N00216 N00079 N00127 N00063 N00013 N00243 N00215	N00267-1 N00291-0 N00042-1 N00044-0 N00023-0 N00040-0 N00049-0
1311	U00132	11/11/2025 03:32:00 AM	N00235 N00164 N00176 N00230 N00089 N00264 N00213 N00026 N00296 N00172	N00268-0 N00276-0 N00003-0 N00110-0 N00153-0 N00160-0 N00138-0 N00277-1
1312	U00132	11/12/2025 10:02:00 PM	N00235 N00164 N00176 N00230 N00089 N00264 N00213 N00026 N00296 N00172	N00184-0 N00171-0 N00126-1 N00161-1 N00293-1 N00016-0 N00086-1
1313	U00132	11/15/2025 09:26:00 AM	N00235 N00164 N00176 N00230 N00089 N00264 N00213 N00026 N00296 N00172	N00193-1 N00259-0 N00142-0 N00076-0 N00297-0 N00219-0 N00166-0
1314	U00132	11/14/2025 02:16:00 AM	N00235 N00164 N00176 N00230 N00089 N00264 N00213 N00026 N00296 N00172	N00249-0 N00235-1 N00054-0 N00127-0 N00185-0 N00014-1 N00015-0
1315	U00132	11/12/2025 04:33:00 PM	N00235 N00164 N00176 N00230 N00089 N00264 N00213 N00026 N00296 N00172	N00264-1 N00218-1 N00042-0 N00092-0 N00045-0 N00136-1 N00072-1 N00219-1
1316	U00132	11/10/2025 11:35:00 PM	N00235 N00164 N00176 N00230 N00089 N00264 N00213 N00026 N00296 N00172	N00274-0 N00257-1 N00073-0 N00013-0 N00087-0 N00140-0 N00008-0 N00026-0
1317	U00132	11/15/2025 05:08:00 AM	N00235 N00164 N00176 N00230 N00089 N00264 N00213 N00026 N00296 N00172	N00142-0 N00161-1 N00110-0 N00184-0 N00032-0 N00269-0 N00079-1 N00072-1 N00194-0
1318	U00132	11/15/2025 12:00:00 AM	N00235 N00164 N00176 N00230 N00089 N00264 N00213 N00026 N00296 N00172	N00023-0 N00056-1 N00013-1 N00269-0 N00251-0
1319	U00132	11/15/2025 08:05:00 AM	N00235 N00164 N00176 N00230 N00089 N00264 N00213 N00026 N00296 N00172	N00105-0 N00184-0 N00200-0 N00145-0 N00050-1 N00237-0 N00279-1 N00232-1 N00213-0
1320	U00132	11/12/2025 07:25:00 AM	N00235 N00164 N00176 N00230 N00089 N00264 N00213 N00026 N00296 N00172	N00264-0 N00075-0 N00079-0 N00282-0 N00109-0 N00203-0 N00136-0
1321	U00133	11/13/2025 12:45:00 AM	N00129 N00117 N00163 N00109 N00287 N00045 N00054 N00194 N00229 N00181 N00078	N00073-1 N00001-1 N00144-0 N00044-0 N00289-0 N00221-0 N00020-0
1322	U00133	11/15/2025 07:08:00 PM	N00129 N00117 N00163 N00109 N00287 N00045 N00054 N00194 N00229 N00181 N00078	N00209-1 N00002-0 N00176-0 N00117-1 N00221-0
1323	U00133	11/12/2025 06:51:00 PM	N00129 N00117 N00163 N00109 N00287 N00045 N00054 N00194 N00229 N00181 N00078	N00085-0 N00300-0 N00298-0 N00238-0
1324	U00133	11/13/2025 05:44:00 PM	N00129 N00117 N00163 N00109 N00287 N00045 N00054 N00194 N00229 N00181 N00078	N00220-0 N00093-0 N00128-1 N00227-0 N00216-1 N00183-0
1325	U00133	11/14/2025 07:28:00 AM	N00129 N00117 N00163 N00109 N00287 N00045 N00054 N00194 N00229 N00181 N00078	N00209-0 N00188-0 N00069-0 N00112-0 N00182-0 N00099-0 N00260-1
1326	U00133	11/10/2025 06:57:00 PM	N00129 N00117 N00163 N00109 N00287 N00045 N00054 N00194 N00229 N00181 N00078	N00244-0 N00064-1 N00257-0 N00189-0 N00059-0 N00160-0 N00020-0
1327	U00133	11/14/2025 05:00:00 PM	N00129 N00117 N00163 N00109 N00287 N00045 N00054 N00194 N00229 N00181 N00078	N00188-0 N00090-0 N00292-0 N00255-1 N00203-1 N00042-0
1328	U00133	11/10/2025 03:26:00 PM	N00129 N00117 N00163 N00109 N00287 N00045 N00054 N00194 N00229 N00181 N00078	N00288-0 N00101-0 N00063-0 N00129-1 N00237-1 N00248-0 N00025-1
1329	U00133	11/13/2025 06:26:00 PM	N00129 N00117 N00163 N00109 N00287 N00045 N00054 N00194 N00229 N00181 N00078	N00003-1 N00043-1 N00059-1 N00052-0 N00168-1 N00101-0
1330	U00133	11/15/2025 06:39:00 PM	N00129 N00117 N00163 N00109 N00287 N00045 N00054 N00194 N00229 N00181 N00078	N00259-1 N00033-0 N00233-0 N00188-1 N00140-0 N00042-1 N00096-0 N00199-0
1331	U00134	11/12/2025 07:45:00 AM	N00102 N00208 N00170 N00031 N00299 N00266 N00067 N00188 N00095 N00091	N00076-0 N00095-1 N00100-1 N00028-0 N00239-0 N00112-0 N00152-1
1332	U00134	11/12/2025 05:36:00 AM	N00102 N00208 N00170 N00031 N00299 N00266 N00067 N00188 N00095 N00091	N00207-0 N00097-1 N00088-0 N00116-0 N00107-1
1333	U00134	11/11/2025 03:01:00 PM	N00102 N00208 N00170 N00031 N00299 N00266 N00067 N00188 N00095 N00091	N00115-0 N00030-0 N00097-0 N00091-1 N00129-0 N00113-1
1334	U00134	11/15/2025 10:10:00 PM	N00102 N00208 N00170 N00031 N00299 N00266 N00067 N00188 N00095 N00091	N00134-0 N00026-0 N00045-0 N00090-1 N00195-0
1335	U00134	11/12/2025 06:34:00 PM	N00102 N00208 N00170 N00031 N00299 N00266 N00067 N00188 N00095 N00091	N00288-1 N00166-0 N00094-0 N00028-1 N00097-1
1336	U00134	11/10/2025 12:20:00 PM	N00102 N00208 N00170 N00031 N00299 N00266 N00067 N00188 N00095 N00091	N00224-0 N00055-0 N00046-0 N00246-0
1337	U00134	11/13/2025 03:16:00 AM	N00102 N00208 N00170 N00031 N00299 N00266 N00067 N00188 N00095 N00091	N00048-1 N00293-0 N00234-0 N00215-0 N00073-1 N00113-0 N00190-0
1338	U00134	11/15/2025 05:23:00 AM	N00102 N00208 N00170 N00031 N00299 N00266 N00067 N00188 N00095 N00091	N00270-0 N00258-0 N00045-0 N00004-0 N00065-1 N00190-0 N00107-0 N00001-0 N00091-0
1339	U00134	11/14/2025 09:47:00 AM	N00102 N00208 N00170 N00031 N00299 N00266 N00067 N00188 N00095 N00091	N00038-1 N00058-0 N00100-1 N00248-0 N00020-1 N00040-1
1340	U00134	11/12/2025 01:33:00 AM	N00102 N00208 N00170 N00031 N00299 N00266 N00067 N00188 N00095 N00091	N00210-0 N00211-0 N00214-1 N00054-0 N00250-0 N00226-1 N00027-0
1341	U00135	11/15/2025 05:28:00 PM	N00002 N00227 N00173 N00089 N00086 N00195	N00137-0 N00113-0 N00138-1 N00166-0 N00016-1
1342	U00135	11/14/2025 03:28:00 AM	N00002 N00227 N00173 N00089 N00086 N00195	N00238-0 N00113-0 N00174-1 N00079-0 N00156-1 N00083-1 N00241-0 N00215-0
1343	U00135	11/13/2025 11:05:00 AM	N00002 N00227 N00173 N00089 N00086 N00195	N00266-0 N00238-0 N00244-0 N00036-1 N00007-0 N00134-1 N00142-1
1344	U00135	11/13/2025 12:53:00 AM	N00002 N00227 N00173 N00089 N00086 N00195	N00289-1 N00082-0 N00093-1 N00188-0 N00233-0 N00263-1 N00278-0 N00190-0
1345	U00135	11/11/2025 08:54:00 AM	N00002 N00227 N00173 N00089 N00086 N00195	N00051-0 N00175-0 N00192-1 N00144-0 N00023-0
1346	U00135	11/16/2025 07:02:00 AM	N00002 N00227 N00173 N00089 N00086 N00195	N00092-0 N00104-1 N00208-0 N00280-0 N00049-1 N00172-1 N00181-0
1347	U00135	11/10/2025 08:37:00 AM	N00002 N00227 N00173 N00089 N00086 N00195	N00120-1 N00243-0 N00059-0 N00242-0 N00147-1 N00206-1
1348	U00135	11/13/2025 12:32:00 PM	N00002 N00227 N00173 N00089 N00086 N00195	N00133-1 N00054-1 N00208-0 N00220-0 N00146-1 N00059-0 N00081-1 N00244-0 N00238-0
1349	U00135	11/10/2025 01:23:00 PM	N00002 N00227 N00173 N00089 N00086 N00195	N00287-0 N00020-0 N00040-0 N00071-0 N00104-0 N00102-0
1350	U00135	11/11/2025 11:33:00 PM	N00002 N00227 N00173 N00089 N00086 N00195	N00046-1 N00242-0 N00012-0 N00265-0 N00173-0 N00183-1 N00217-0 N00230-1
1351	U00136	11/15/2025 10:15:00 AM	N00248 N00149 N00130 N00210 N00136 N00140 N00008 N00159	N00052-1 N00133-0 N00232-0 N00013-0 N00086-0 N00055-1
1352	U00136	11/12/2025 05:36:00 AM	N00248 N00149 N00130 N00210 N00136 N00140 N00008 N00159	N00056-0 N00026-0 N00099-0 N00168-0 N00007-0
1353	U00136	11/13/2025 07:31:00 AM	N00248 N00149 N00130 N00210 N00136 N00140 N00008 N00159	N00085-0 N00034-0 N00099-0 N00050-0 N00230-1 N00030-0
1354	U00136	11/12/2025 10:44:00 AM	N00248 N00149 N00130 N00210 N00136 N00140 N00008 N00159	N00163-0 N00245-0 N00254-0 N00096-1 N00224-0 N00205-1 N00142-1
1355	U00136	11/16/2025 12:29:00 AM	N00248 N00149 N00130 N00210 N00136 N00140 N00008 N00159	N00023-1 N00099-0 N00050-1 N00291-0 N00129-0 N00166-0 N00093-1
1356	U00136	11/11/2025 10:16:00 PM	N00248 N00149 N00130 N00210 N00136 N00140 N00008 N00159	N00087-0 N00182-1 N00094-0 N00015-1 N00193-1 N00233-0 N00042-0 N00271-0
1357	U00136	11/11/2025 06:41:00 AM	N00248 N00149 N00130 N00210 N00136 N00140 N00008 N00159	N00197-0 N00077-1 N00008-0 N00037-0 N00259-0 N00268-1
1358	U00136	11/12/2025 08:03:00 AM	N00248 N00149 N00130 N00210 N00136 N00140 N00008 N00159	N00112-0 N00170-0 N00104-0 N00230-1 N00209-0 N00014-0 N00137-0 N00229-1
1359	U00136	11/10/2025 10:31:00 PM	N00248 N00149 N00130 N00210 N00136 N00140 N00008 N00159	N00116-0 N00164-0 N00012-0 N00079-0 N00245-1 N00078-0 N00228-0
1360	U00136	11/10/2025 04:18:00 PM	N00248 N00149 N00130 N00210 N00136 N00140 N00008 N00159	N00156-0 N00165-0 N00278-0 N00262-0 N00173-0
1361	U00137	11/12/2025 07:14:00 AM	N00118 N00163 N00114 N00079 N00042 N00250 N00196 N00012 N00276	N00001-0 N00032-1 N00119-0 N00236-1 N00277-0 N00245-0
1362	U00137	11/13/2025 03:06:00 PM	N00118 N00163 N00114 N00079 N00042 N00250 N00196 N00012 N00276	N00216-0 N00114-1 N00062-0 N00166-0 N00277-0 N00237-1
1363	U00137	11/13/2025 05:15:00 AM	N00118 N00163 N00114 N00079 N00042 N00250 N00196 N00012 N00276	N00178-0 N00218-0 N00283-1 N00181-0 N00263-0 N00272-1 N00042-1
1364	U00137	11/13/2025 01:41:00 AM	N00118 N00163 N00114 N00079 N00042 N00250 N00196 N00012 N00276	N00124-0 N00049-0 N00240-0 N00281-1 N00182-0 N00163-0 N00052-0
1365	U00137	11/13/2025 02:52:00 PM	N00118 N00163 N00114 N00079 N00042 N00250 N00196 N00012 N00276	N00130-0 N00191-0 N00143-0 N00211-1 N00079-1 N00257-0 N00247-0 N00181-1 N00003-1
1366	U00137	11/15/2025 04:03:00 AM	N00118 N00163 N00114 N00079 N00042 N00250 N00196 N00012 N00276	N00123-1 N00283-1 N00023-0 N00004-0 N00146-0
1367	U00137	11/12/2025 01:16:00 AM	N00118 N00163 N00114 N00079 N00042 N00250 N00196 N00012 N00276	N00002-0 N00109-1 N00163-0 N00068-0 N00021-0
1368	U00137	11/16/2025 05:56:00 AM	N00118 N00163 N00114 N00079 N00042 N00250 N00196 N00012 N00276	N00042-0 N00264-0 N00141-0 N00100-0 N00026-0 N00029-0 N00189-0 N00108-0 N00086-0
1369	U00137	11/11/2025 12:01:00 PM	N00118 N00163 N00114 N00079 N00042 N00250 N00196 N00012 N00276	N00063-0 N00066-1 N00107-0 N00154-0 N00293-0 N00236-1
1370	U00137	11/11/2025 09:32:00 PM	N00118 N00163 N00114 N00079 N00042 N00250 N00196 N00012 N00276	N00139-1 N00159-0 N00182-0 N00162-0 N00232-0 N00027-1
1371	U00138	11/13/2025 11:11:00 AM	N00259 N00078 N00117 N00168 N00272 N00287	N00223-0 N00039-1 N00238-0 N00246-0 N00125-1 N00184-0
1372	U00138	11/12/2025 07:40:00 AM	N00259 N00078 N00117 N00168 N00272 N00287	N00119-0 N00054-0 N00082-1 N00098-0 N00166-0 N00020-0 N00088-0 N00051-0
1373	U00138	11/14/2025 06:56:00 AM	N00259 N00078 N00117 N00168 N00272 N00287	N00023-0 N00069-0 N00241-0 N00225-0 N00042-1 N00142-0 N00066-1
1374	U00138	11/15/2025 08:13:00 AM	N00259 N00078 N00117 N00168 N00272 N00287	N00212-0 N00029-0 N00112-0 N00058-1 N00243-0
1375	U00138	11/15/2025 10:58:00 PM	N00259 N00078 N00117 N00168 N00272 N00287	N00136-0 N00122-0 N00045-1 N00255-0 N00286-0 N00226-0 N00138-1
1376	U00138	11/12/2025 06:33:00 AM	N00259 N00078 N00117 N00168 N00272 N00287	N00040-0 N00170-0 N00182-0 N00180-0 N00284-1 N00255-1
1377	U00138	11/11/2025 09:47:00 AM	N00259 N00078 N00117 N00168 N00272 N00287	N00220-0 N00162-0 N00120-1 N00056-0 N00121-1 N00177-1 N00252-0
1378	U00138	11/12/2025 05:34:00 PM	N00259 N00078 N00117 N00168 N00272 N00287	N00027-1 N00001-1 N00041-0 N00128-1 N00055-0 N00004-0
1379	U00138	11/15/2025 06:27:00 AM	N00259 N00078 N00117 N00168 N00272 N00287	N00140-1 N00246-0 N00043-1 N00294-0 N00130-0 N00243-1 N00064-0
1380	U00138	11/11/2025 02:44:00 PM	N00259 N00078 N00117 N00168 N00272 N00287	N00176-0 N00007-0 N00152-0 N00292-1
1381	U00139	11/14/2025 11:55:00 AM	N00213 N00235 N00126 N00205 N00217 N00166 N00053 N00262 N00176 N00164 N00096 N00035 N00149 N00026	N00101-0 N00157-0 N00299-0 N00191-1 N00019-0 N00139-0 N00234-0 N00208-0
1382	U00139	11/13/2025 08:01:00 AM	N00213 N00235 N00126 N00205 N00217 N00166 N00053 N00262 N00176 N00164 N00096 N00035 N00149 N00026	N00230-0 N00040-0 N00010-1 N00280-1 N00262-1 N00121-0 N00148-1 N00277-1
1383	U00139	11/14/2025 09:39:00 PM	N00213 N00235 N00126 N00205 N00217 N00166 N00053 N00262 N00176 N00164 N00096 N00035 N00149 N00026	N00135-0 N00271-0 N00048-0 N00070-1 N00065-0 N00275-0 N00121-0 N00159-0 N00265-1
1384	U00139	11/13/2025 01:21:00 PM	N00213 N00235 N00126 N00205 N00217 N00166 N00053 N00262 N00176 N00164 N00096 N00035 N00149 N00026	N00174-0 N00045-0 N00093-0 N00037-0 N00030-1 N00279-1 N00121-0
1385	U00139	11/13/2025 04:34:00 PM	N00213 N00235 N00126 N00205 N00217 N00166 N00053 N00262 N00176 N00164 N00096 N00035 N00149 N00026	N00210-1 N00023-0 N00187-0 N00278-0 N00201-1 N00197-0
1386	U00139	11/11/2025 07:44:00 PM	N00213 N00235 N00126 N00205 N00217 N00166 N00053 N00262 N00176 N00164 N00096 N00035 N00149 N00026	N00223-1 N00120-0 N00275-0 N00228-0 N00073-0 N00279-0 N00018-0
1387	U00139	11/14/2025 03:01:00 PM	N00213 N00235 N00126 N00205 N00217 N00166 N00053 N00262 N00176 N00164 N00096 N00035 N00149 N00026	N00059-0 N00120-1 N00163-0 N00055-0 N00095-0 N00016-0 N00296-1 N00262-0
1388	U00139	11/11/2025 08:45:00 PM	N00213 N00235 N00126 N00205 N00217 N00166 N00053 N00262 N00176 N00164 N00096 N00035 N00149 N00026	N00258-0 N00166-0 N00044-0 N00286-0 N00158-0 N00102-0 N00169-0 N00103-1 N00015-0
1389	U00139	11/14/2025 12:29:00 PM	N00213 N00235 N00126 N00205 N00217 N00166 N00053 N00262 N00176 N00164 N00096 N00035 N00149 N00026	N00082-0 N00008-0 N00256-0 N00020-0 N00299-0 N00085-0
1390	U00139	11/14/2025 04:49:00 PM	N00213 N00235 N00126 N00205 N00217 N00166 N00053 N00262 N00176 N00164 N00096 N00035 N00149 N00026	N00003-0 N00092-0 N00272-0 N00256-0 N00022-0 N00008-1 N00214-0
1391	U00140	11/11/2025 08:40:00 PM	N00174 N00185 N00156 N00294 N00202 N00183 N00086 N00036 N00014 N00280 N00136 N00119 N00256 N00297	N00041-0 N00151-0 N00138-0 N00201-0 N00182-1 N00178-0 N00224-0
1392	U00140	11/15/2025 07:03:00 AM	N00174 N00185 N00156 N00294 N00202 N00183 N00086 N00036 N00014 N00280 N00136 N00119 N00256 N00297	N00298-0 N00088-0 N00053-1 N00247-1 N00199-1 N00178-0 N00206-0 N00267-1
1393	U00140	11/14/2025 04:42:00 AM	N00174 N00185 N00156 N00294 N00202 N00183 N00086 N00036 N00014 N00280 N00136 N00119 N00256 N00297	N00258-1 N00251-1 N00038-1 N00270-0 N00122-0 N00017-1 N00074-0
1394	U00140	11/11/2025 09:37:00 PM	N00174 N00185 N00156 N00294 N00202 N00183 N00086 N00036 N00014 N00280 N00136 N00119 N00256 N00297	N00285-0 N00020-0 N00098-0 N00233-1 N00205-1 N00088-0 N00070-1 N00089-0
1395	U00140	11/10/2025 02:08:00 PM	N00174 N00185 N00156 N00294 N00202 N00183 N00086 N00036 N00014 N00280 N00136 N00119 N00256 N00297	N00035-0 N00115-0 N00179-1 N00193-0 N00030-0
1396	U00140	11/11/2025 09:02:00 AM	N00174 N00185 N00156 N00294 N00202 N00183 N00086 N00036 N00014 N00280 N00136 N00119 N00256 N00297	N00019-0 N00074-0 N00156-1 N00166-1 N00064-0
1397	U00140	11/12/2025 05:38:00 AM	N00174 N00185 N00156 N00294 N00202 N00183 N00086 N00036 N00014 N00280 N00136 N00119 N00256 N00297	N00005-0 N00195-1 N00035-1 N00286-0 N00298-0
1398	U00140	11/15/2025 04:15:00 AM	N00174 N00185 N00156 N00294 N00202 N00183 N00086 N00036 N00014 N00280 N00136 N00119 N00256 N00297	N00187-0 N00247-1 N00166-0 N00258-0 N00200-0 N00217-1
1399	U00140	11/13/2025 02:45:00 PM	N00174 N00185 N00156 N00294 N00202 N00183 N00086 N00036 N00014 N00280 N00136 N00119 N00256 N00297	N00121-0 N00046-0 N00002-1 N00238-0 N00085-0 N00049-0 N00267-0 N00212-0
1400	U00140	11/15/2025 12:27:00 PM	N00174 N00185 N00156 N00294 N00202 N00183 N00086 N00036 N00014 N00280 N00136 N00119 N00256 N00297	N00222-0 N00060-0 N00205-1 N00132-0 N00176-0 N00111-0
1401	U00141	11/10/2025 10:27:00 PM	N00040 N00075 N00020 N00028 N00088 N00266 N00095 N00102 N00224	N00045-0 N00075-1 N00122-0 N00048-0 N00142-0 N00099-1 N00074-1 N00158-1 N00146-0
1402	U00141	11/15/2025 04:11:00 PM	N00040 N00075 N00020 N00028 N00088 N00266 N00095 N00102 N00224	N00100-1 N00274-1 N00107-1 N00195-0 N00290-0
1403	U00141	11/16/2025 07:01:00 AM	N00040 N00075 N00020 N00028 N00088 N00266 N00095 N00102 N00224	N00170-1 N00033-0 N00282-1 N00157-1 N00177-0
1404	U00141	11/15/2025 08:41:00 AM	N00040 N00075 N00020 N00028 N00088 N00266 N00095 N00102 N00224	N00188-1 N00272-0 N00095-1 N00217-1 N00112-1 N00205-0 N00067-0
1405	U00141	11/13/2025 06:30:00 PM	N00040 N00075 N00020 N00028 N00088 N00266 N00095 N00102 N00224	N00096-0 N00268-0 N00185-0 N00178-0 N00028-1 N00295-1 N00086-1 N00038-1
1406	U00141	11/13/2025 10:41:00 AM	N00040 N00075 N00020 N00028 N00088 N00266 N00095 N00102 N00224	N00126-0 N00113-1 N00165-1 N00020-1 N00158-0 N00227-0 N00046-0 N00239-0 N00007-0
1407	U00141	11/16/2025 05:17:00 AM	N00040 N00075 N00020 N00028 N00088 N00266 N00095 N00102 N00224	N00013-0 N00038-0 N00052-0 N00002-1 N00159-0 N00009-1 N00260-0
1408	U00141	11/13/2025 05:03:00 PM	N00040 N00075 N00020 N00028 N00088 N00266 N00095 N00102 N00224	N00228-0 N00090-1 N00261-0 N00274-1 N00178-0 N00222-0
1409	U00141	11/11/2025 05:30:00 AM	N00040 N00075 N00020 N00028 N00088 N00266 N00095 N00102 N00224	N00217-1 N00017-0 N00224-1 N00274-1
1410	U00141	11/16/2025 04:14:00 AM	N00040 N00075 N00020 N00028 N00088 N00266 N00095 N00102 N00224	N00038-0 N00020-1 N00277-0 N00279-0 N00075-1 N00218-0 N00004-0
1411	U00142	11/16/2025 04:10:00 AM	N00130 N00007 N00223 N00227 N00235 N00185 N00296 N00277 N00212	N00107-0 N00056-0 N00128-0 N00043-0 N00014-0 N00298-0
1412	U00142	11/14/2025 03:49:00 AM	N00130 N00007 N00223 N00227 N00235 N00185 N00296 N00277 N00212	N00294-0 N00019-0 N00145-0 N00299-1 N00283-0 N00215-0 N00295-0
1413	U00142	11/13/2025 05:38:00 PM	N00130 N00007 N00223 N00227 N00235 N00185 N00296 N00277 N00212	N00185-0 N00232-1 N00104-1 N00279-0 N00143-0 N00276-0
1414	U00142	11/11/2025 05:47:00 PM	N00130 N00007 N00223 N00227 N00235 N00185 N00296 N00277 N00212	N00210-1 N00099-0 N00046-1 N00121-0 N00211-0 N00009-0
1415	U00142	11/10/2025 10:44:00 AM	N00130 N00007 N00223 N00227 N00235 N00185 N00296 N00277 N00212	N00052-0 N00248-1 N00257-0 N00201-0 N00152-0 N00095-0
1416	U00142	11/11/2025 05:29:00 AM	N00130 N00007 N00223 N00227 N00235 N00185 N00296 N00277 N00212	N00003-0 N00290-0 N00221-0 N00248-1 N00136-1 N00013-0 N00217-1
1417	U00142	11/12/2025 02:33:00 AM	N00130 N00007 N00223 N00227 N00235 N00185 N00296 N00277 N00212	N00263-0 N00185-1 N00290-0 N00027-0 N00126-1
1418	U00142	11/14/2025 03:59:00 PM	N00130 N00007 N00223 N00227 N00235 N00185 N00296 N00277 N00212	N00148-1 N00258-0 N00072-1 N00265-1 N00095-0
1419	U00142	11/12/2025 12:39:00 PM	N00130 N00007 N00223 N00227 N00235 N00185 N00296 N00277 N00212	N00049-1 N00237-0 N00019-1 N00186-0 N00247-0 N00168-0 N00194-0
1420	U00142	11/11/2025 03:59:00 AM	N00130 N00007 N00223 N00227 N00235 N00185 N00296 N00277 N00212	N00017-1 N00231-0 N00260-0 N00015-0 N00121-0
1421	U00143	11/15/2025 07:26:00 PM	N00182 N00026 N00096 N00130 N00217 N00110 N00219 N00230 N00072 N00198 N00019 N00265	N00146-0 N00279-1 N00207-0 N00016-0
1422	U00143	11/13/2025 08:42:00 AM	N00182 N00026 N00096 N00130 N00217 N00110 N00219 N00230 N00072 N00198 N00019 N00265	N00088-0 N00104-1 N00041-0 N00117-0 N00210-1 N00185-0 N00010-0
1423	U00143	11/13/2025 10:34:00 AM	N00182 N00026 N00096 N00130 N00217 N00110 N00219 N00230 N00072 N00198 N00019 N00265	N00129-0 N00155-0 N00053-1 N00232-0 N00075-0 N00219-1
1424	U00143	11/10/2025 08:26:00 PM	N00182 N00026 N00096 N00130 N00217 N00110 N00219 N00230 N00072 N00198 N00019 N00265	N00127-0 N00232-0 N00256-1 N00121-0 N00239-1 N00188-0
1425	U00143	11/15/2025 05:33:00 AM	N00182 N00026 N00096 N00130 N00217 N00110 N00219 N00230 N00072 N00198 N00019 N00265	N00052-0 N00122-1 N00067-0 N00270-0 N00252-0 N00196-0
1426	U00143	11/14/2025 05:11:00 PM	N00182 N00026 N00096 N00130 N00217 N00110 N00219 N00230 N00072 N00198 N00019 N00265	N00049-0 N00012-0 N00219-0 N00121-0 N00063-0 N00136-0 N00248-1
1427	U00143	11/15/2025 01:58:00 PM	N00182 N00026 N00096 N00130 N00217 N00110 N00219 N00230 N00072 N00198 N00019 N00265	N00035-1 N00111-1 N00196-0 N00160-0 N00293-0
1428	U00143	11/11/2025 11:09:00 PM	N00182 N00026 N00096 N00130 N00217 N00110 N00219 N00230 N00072 N00198 N00019 N00265	N00293-1 N00092-0 N00061-0 N00277-1 N00179-0 N00026-1 N00002-0 N00265-0 N00187-0
1429	U00143	11/15/2025 07:30:00 PM	N00182 N00026 N00096 N00130 N00217 N00110 N00219 N00230 N00072 N00198 N00019 N00265	N00167-0 N00076-0 N00150-0 N00054-0 N00019-1 N00247-1
1430	U00143	11/13/2025 03:47:00 PM	N00182 N00026 N00096 N00130 N00217 N00110 N00219 N00230 N00072 N00198 N00019 N00265	N00006-0 N00116-0 N00049-1 N00271-0 N00144-0 N00268-1 N00148-0
1431	U00144	11/14/2025 09:40:00 PM	N00182 N00034 N00200 N00083 N00295 N00035 N00103 N00077 N00061 N00247 N00277	N00238-0 N00016-1 N00210-1 N00130-1 N00157-0 N00150-0 N00151-1 N00174-1
1432	U00144	11/12/2025 07:34:00 PM	N00182 N00034 N00200 N00083 N00295 N00035 N00103 N00077 N00061 N00247 N00277	N00167-0 N00018-1 N00027-1 N00268-0 N00093-0 N00242-1 N00185-1 N00062-0
1433	U00144	11/11/2025 03:36:00 PM	N00182 N00034 N00200 N00083 N00295 N00035 N00103 N00077 N00061 N00247 N00277	N00199-0 N00197-0 N00153-0 N00094-1 N00227-0 N00220-0
1434	U00144	11/10/2025 09:34:00 AM	N00182 N00034 N00200 N00083 N00295 N00035 N00103 N00077 N00061 N00247 N00277	N00181-1 N00086-0 N00109-0 N00137-1 N00145-1 N00247-0
1435	U00144	11/13/2025 07:38:00 PM	N00182 N00034 N00200 N00083 N00295 N00035 N00103 N00077 N00061 N00247 N00277	N00264-0 N00017-1 N00221-0 N00138-0 N00196-0 N00116-0 N00136-0
1436	U00144	11/13/2025 11:19:00 AM	N00182 N00034 N00200 N00083 N00295 N00035 N00103 N00077 N00061 N00247 N00277	N00245-0 N00147-0 N00187-0 N00062-0 N00103-0 N00272-1 N00064-0 N00131-1
1437	U00144	11/11/2025 03:40:00 AM	N00182 N00034 N00200 N00083 N00295 N00035 N00103 N00077 N00061 N00247 N00277	N00116-0 N00046-1 N00252-0 N00279-0 N00123-0 N00076-1 N00201-0
1438	U00144	11/11/2025 05:03:00 PM	N00182 N00034 N00200 N00083 N00295 N00035 N00103 N00077 N00061 N00247 N00277	N00153-0 N00284-0 N00205-1 N00037-0 N00066-0 N00065-0
1439	U00144	11/14/2025 04:05:00 PM	N00182 N00034 N00200 N00083 N00295 N00035 N00103 N00077 N00061 N00247 N00277	N00089-0 N00141-0 N00282-1 N00034-1
1440	U00144	11/14/2025 03:58:00 AM	N00182 N00034 N00200 N00083 N00295 N00035 N00103 N00077 N00061 N00247 N00277	N00092-1 N00099-0 N00294-1 N00058-0 N00182-1
1441	U00145	11/14/2025 06:11:00 AM	N00228 N00163 N00184 N00267 N00051 N00209 N00269 N00041 N00043 N00141 N00157 N00129 N00239 N00196 N00146	N00193-0 N00068-0 N00074-0 N00094-0 N00052-1 N00080-1 N00110-0 N00292-0
1442	U00145	11/12/2025 03:33:00 AM	N00228 N00163 N00184 N00267 N00051 N00209 N00269 N00041 N00043 N00141 N00157 N00129 N00239 N00196 N00146	N00105-1 N00171-1 N00080-0 N00028-0 N00066-0 N00285-1
1443	U00145	11/11/2025 10:42:00 AM	N00228 N00163 N00184 N00267 N00051 N00209 N00269 N00041 N00043 N00141 N00157 N00129 N00239 N00196 N00146	N00220-0 N00293-0 N00278-0 N00243-1 N00284-1
1444	U00145	11/13/2025 06:56:00 AM	N00228 N00163 N00184 N00267 N00051 N00209 N00269 N00041 N00043 N00141 N00157 N00129 N00239 N00196 N00146	N00063-0 N00180-0 N00003-1 N00042-1 N00275-0 N00086-1
1445	U00145	11/12/2025 07:13:00 AM	N00228 N00163 N00184 N00267 N00051 N00209 N00269 N00041 N00043 N00141 N00157 N00129 N00239 N00196 N00146	N00100-0 N00237-1 N00169-0 N00102-0
1446	U00145	11/13/2025 07:03:00 PM	N00228 N00163 N00184 N00267 N00051 N00209 N00269 N00041 N00043 N00141 N00157 N00129 N00239 N00196 N00146	N00179-0 N00142-0 N00062-0 N00282-0 N00254-1 N00261-0 N00037-0 N00209-0 N00236-0
1447	U00145	11/13/2025 06:48:00 AM	N00228 N00163 N00184 N00267 N00051 N00209 N00269 N00041 N00043 N00141 N00157 N00129 N00239 N00196 N00146	N00241-0 N00120-1 N00149-0 N00131-0 N00237-1
1448	U00145	11/14/2025 08:25:00 PM	N00228 N00163 N00184 N00267 N00051 N00209 N00269 N00041 N00043 N00141 N00157 N00129 N00239 N00196 N00146	N00086-0 N00109-1 N00239-1 N00275-0 N00169-0 N00182-0 N00215-1
1449	U00145	11/13/2025 02:15:00 PM	N00228 N00163 N00184 N00267 N00051 N00209 N00269 N00041 N00043 N00141 N00157 N00129 N00239 N00196 N00146	N00216-0 N00016-0 N00157-1 N00156-1 N00134-0
1450	U00145	11/11/2025 03:29:00 PM	N00228 N00163 N00184 N00267 N00051 N00209 N00269 N00041 N00043 N00141 N00157 N00129 N00239 N00196 N00146	N00120-0 N00300-0 N00074-0 N00047-1 N00057-0
1451	U00146	11/11/2025 09:31:00 PM	N00048 N00282 N00170 N00009 N00088 N00102 N00074	N00224-1 N00148-0 N00165-1 N00085-1 N00089-0 N00274-1 N00121-0
1452	U00146	11/14/2025 06:17:00 AM	N00048 N00282 N00170 N00009 N00088 N00102 N00074	N00238-0 N00224-1 N00140-0 N00023-0 N00054-1 N00079-1 N00090-0
1453	U00146	11/12/2025 04:51:00 PM	N00048 N00282 N00170 N00009 N00088 N00102 N00074	N00132-1 N00075-1 N00068-0 N00189-0 N00228-0 N00188-1
1454	U00146	11/15/2025 03:10:00 AM	N00048 N00282 N00170 N00009 N00088 N00102 N00074	N00157-0 N00113-0 N00158-0 N00210-0 N00097-0
1455	U00146	11/11/2025 11:28:00 PM	N00048 N00282 N00170 N00009 N00088 N00102 N00074	N00009-0 N00085-1 N00166-0 N00171-1 N00191-0 N00176-0
1456	U00146	11/14/2025 04:08:00 AM	N00048 N00282 N00170 N00009 N00088 N00102 N00074	N00225-0 N00067-0 N00162-0 N00090-0 N00278-0 N00059-0 N00077-0
1457	U00146	11/14/2025 02:16:00 PM	N00048 N00282 N00170 N00009 N00088 N00102 N00074	N00019-0 N00143-0 N00069-0 N00170-0
1458	U00146	11/10/2025 03:17:00 PM	N00048 N00282 N00170 N00009 N00088 N00102 N00074	N00274-0 N00097-1 N00021-0 N00250-0 N00273-0 N00214-1 N00010-0 N00085-1
1459	U00146	11/12/2025 05:08:00 PM	N00048 N00282 N00170 N00009 N00088 N00102 N00074	N00178-0 N00205-0 N00079-0 N00280-0 N00108-0 N00295-0 N00134-0
1460	U00146	11/14/2025 01:14:00 PM	N00048 N00282 N00170 N00009 N00088 N00102 N00074	N00170-0 N00088-0 N00104-0 N00274-1 N00140-0
1461	U00147	11/10/2025 04:55:00 PM	N00274 N00040 N00065 N00100 N00113 N00188 N00165 N00031 N00143 N00214 N00048	N00274-0 N00150-0 N00038-0 N00210-0 N00093-0 N00100-0 N00190-1 N00075-1
1462	U00147	11/12/2025 08:17:00 PM	N00274 N00040 N00065 N00100 N00113 N00188 N00165 N00031 N00143 N00214 N00048	N00038-1 N00169-0 N00276-0 N00023-0 N00079-0 N00041-0 N00113-1 N00214-0 N00040-1
1463	U00147	11/11/2025 02:29:00 AM	N00274 N00040 N00065 N00100 N00113 N00188 N00165 N00031 N00143 N00214 N00048	N00075-1 N00102-1 N00202-0 N00224-0 N00148-0 N00117-0 N00131-1
1464	U00147	11/10/2025 01:05:00 PM	N00274 N00040 N00065 N00100 N00113 N00188 N00165 N00031 N00143 N00214 N00048	N00074-1 N00274-1 N00165-0 N00036-0 N00214-1 N00243-0
1465	U00147	11/15/2025 04:23:00 AM	N00274 N00040 N00065 N00100 N00113 N00188 N00165 N00031 N00143 N00214 N00048	N00165-1 N00102-0 N00081-0 N00064-0 N00170-1
1466	U00147	11/11/2025 11:33:00 PM	N00274 N00040 N00065 N00100 N00113 N00188 N00165 N00031 N00143 N00214 N00048	N00178-0 N00294-0 N00105-0 N00139-0 N00288-1 N00021-0 N00022-0
1467	U00147	11/15/2025 01:39:00 PM	N00274 N00040 N00065 N00100 N00113 N00188 N00165 N00031 N00143 N00214 N00048	N00028-0 N00100-1 N00236-0 N00204-1 N00192-0 N00214-0 N00163-0
1468	U00147	11/14/2025 02:22:00 AM	N00274 N00040 N00065 N00100 N00113 N00188 N00165 N00031 N00143 N00214 N00048	N00080-0 N00200-1 N00085-0 N00102-0
1469	U00147	11/10/2025 02:08:00 PM	N00274 N00040 N00065 N00100 N00113 N00188 N00165 N00031 N00143 N00214 N00048	N00074-1 N00138-0 N00019-0 N00134-1 N00143-1 N00095-1 N00148-0 N00261-0 N00007-0
1470	U00147	11/14/2025 04:36:00 AM	N00274 N00040 N00065 N00100 N00113 N00188 N00165 N00031 N00143 N00214 N00048	N00088-1 N00028-1 N00242-1 N00165-0 N00129-0 N00134-1
1471	U00148	11/10/2025 03:51:00 PM	N00122 N00191 N00084 N00227 N00150 N00154 N00264 N00294 N00172 N00176 N00093	N00204-0 N00275-1 N00022-0 N00266-0 N00256-0 N00272-0 N00002-1
1472	U00148	11/16/2025 01:56:00 AM	N00122 N00191 N00084 N00227 N00150 N00154 N00264 N00294 N00172 N00176 N00093	N00242-0 N00292-0 N00036-0 N00136-0 N00014-0 N00279-0 N00217-0
1473	U00148	11/10/2025 11:26:00 PM	N00122 N00191 N00084 N00227 N00150 N00154 N00264 N00294 N00172 N00176 N00093	N00195-0 N00221-1 N00270-0 N00140-0 N00023-1 N00134-0 N00111-0 N00131-0 N00139-0
1474	U00148	11/13/2025 02:41:00 PM	N00122 N00191 N00084 N00227 N00150 N00154 N00264 N00294 N00172 N00176 N00093	N00276-0 N00054-0 N00279-0 N00110-0 N00104-1 N00080-0 N00099-0 N00185-0 N00199-1
1475	U00148	11/11/2025 11:38:00 AM	N00122 N00191 N00084 N00227 N00150 N00154 N00264 N00294 N00172 N00176 N00093	N00127-0 N00132-0 N00298-0 N00017-0 N00034-0 N00227-1 N00172-1 N00294-0
1476	U00148	11/13/2025 09:30:00 PM	N00122 N00191 N00084 N00227 N00150 N00154 N00264 N00294 N00172 N00176 N00093	N00094-0 N00161-1 N00201-0 N00257-1 N00157-0 N00164-1
1477	U00148	11/11/2025 12:06:00 PM	N00122 N00191 N00084 N00227 N00150 N00154 N00264 N00294 N00172 N00176 N00093	N00161-0 N00163-0 N00014-1 N00111-0 N00091-0 N00257-0 N00296-0
1478	U00148	11/13/2025 07:27:00 PM	N00122 N00191 N00084 N00227 N00150 N00154 N00264 N00294 N00172 N00176 N00093	N00083-0 N00044-0 N00071-0 N00189-0 N00011-0 N00181-0 N00052-0 N00166-1
1479	U00148	11/14/2025 05:50:00 AM	N00122 N00191 N00084 N00227 N00150 N00154 N00264 N00294 N00172 N00176 N00093	N00080-0 N00265-1 N00261-0 N00067-1 N00280-1 N00154-1
1480	U00148	11/14/2025 08:19:00 AM	N00122 N00191 N00084 N00227 N00150 N00154 N00264 N00294 N00172 N00176 N00093	N00008-1 N00163-0 N00063-0 N00265-1 N00284-0 N00023-1 N00275-1 N00286-0 N00081-0
1481	U00149	11/12/2025 11:52:00 PM	N00070 N00017 N00230 N00261 N00223 N00279 N00205 N00149 N00093 N00021 N00219	N00097-0 N00017-0 N00216-0 N00112-0 N00183-0 N00035-0
1482	U00149	11/15/2025 06:24:00 PM	N00070 N00017 N00230 N00261 N00223 N00279 N00205 N00149 N00093 N00021 N00219	N00203-0 N00159-1 N00113-1 N00148-0 N00062-1 N00283-0 N00163-0
1483	U00149	11/13/2025 01:47:00 PM	N00070 N00017 N00230 N00261 N00223 N00279 N00205 N00149 N00093 N00021 N00219	N00130-0 N00030-0 N00197-1 N00188-0 N00215-0
1484	U00149	11/11/2025 07:16:00 PM	N00070 N00017 N00230 N00261 N00223 N00279 N00205 N00149 N00093 N00021 N00219	N00262-1 N00041-0 N00150-1 N00259-0 N00141-0 N00131-0 N00074-0 N00096-1 N00174-1
1485	U00149	11/12/2025 10:17:00 PM	N00070 N00017 N00230 N00261 N00223 N00279 N00205 N00149 N00093 N00021 N00219	N00283-0 N00250-0 N00034-0 N00172-1 N00157-0 N00074-0 N00277-1 N00101-0
1486	U00149	11/15/2025 09:02:00 AM	N00070 N00017 N00230 N00261 N00223 N00279 N00205 N00149 N00093 N00021 N00219	N00085-0 N00083-0 N00245-1 N00182-0 N00104-1
1487	U00149	11/13/2025 07:00:00 AM	N00070 N00017 N00230 N00261 N00223 N00279 N00205 N00149 N00093 N00021 N00219	N00264-1 N00300-0 N00179-0 N00173-0 N00076-1
1488	U00149	11/14/2025 10:58:00 AM	N00070 N00017 N00230 N00261 N00223 N00279 N00205 N00149 N00093 N00021 N00219	N00229-0 N00289-0 N00038-1 N00007-1 N00221-1
1489	U00149	11/11/2025 05:52:00 AM	N00070 N00017 N00230 N00261 N00223 N00279 N00205 N00149 N00093 N00021 N00219	N00136-1 N00034-0 N00016-0 N00164-1 N00046-0 N00186-0 N00158-0
1490	U00149	11/15/2025 06:50:00 AM	N00070 N00017 N00230 N00261 N00223 N00279 N00205 N00149 N00093 N00021 N00219	N00229-0 N00156-1 N00070-0 N00256-1 N00077-1
1491	U00150	11/10/2025 02:30:00 PM	N00161 N00212 N00030 N00225	N00279-1 N00071-1 N00208-0 N00128-0 N00084-0 N00104-0
1492	U00150	11/15/2025 12:46:00 PM	N00161 N00212 N00030 N00225	N00031-0 N00044-1 N00007-1 N00226-0 N00134-0
1493	U00150	11/10/2025 11:42:00 AM	N00161 N00212 N00030 N00225	N00257-0 N00220-0 N00193-0 N00236-0 N00225-0 N00233-1 N00261-0
1494	U00150	11/11/2025 11:50:00 AM	N00161 N00212 N00030 N00225	N00035-0 N00269-0 N00149-1 N00250-0 N00187-0 N00174-1 N00260-0
1495	U00150	11/11/2025 09:53:00 AM	N00161 N00212 N00030 N00225	N00147-0 N00048-0 N00104-0 N00297-0 N00300-0 N00105-0 N00015-1
1496	U00150	11/10/2025 04:02:00 PM	N00161 N00212 N00030 N00225	N00099-0 N00019-0 N00211-1 N00106-0 N00251-0 N00213-1 N00161-1
1497	U00150	11/14/2025 03:35:00 AM	N00161 N00212 N00030 N00225	N00059-0 N00180-0 N00221-1 N00164-1 N00013-0 N00098-0
1498	U00150	11/13/2025 09:11:00 PM	N00161 N00212 N00030 N00225	N00108-0 N00296-1 N00195-0 N00227-0 N00168-0 N00201-0
1499	U00150	11/15/2025 08:07:00 PM	N00161 N00212 N00030 N00225	N00227-0 N00118-0 N00293-0 N00004-0 N00194-0 N00222-0 N00263-1
1500	U00150	11/11/2025 05:38:00 PM	N00161 N00212 N00030 N00225	N00300-0 N00148-0 N00014-0 N00241-0 N00213-1 N00255-0 N00174-0
1501	U00151	11/11/2025 02:21:00 PM	N00137 N00076 N00225 N00106 N00218 N00183	N00256-0 N00258-1 N00001-1 N00012-0 N00208-1 N00125-0
1502	U00151	11/11/2025 04:23:00 AM	N00137 N00076 N00225 N00106 N00218 N00183	N00044-0 N00135-0 N00233-1 N00076-0 N00283-0 N00265-1 N00073-0
1503	U00151	11/10/2025 08:38:00 AM	N00137 N00076 N00225 N00106 N00218 N00183	N00179-1 N00088-1 N00291-0 N00101-0 N00136-1
1504	U00151	11/11/2025 04:44:00 PM	N00137 N00076 N00225 N00106 N00218 N00183	N00300-0 N00214-0 N00272-0 N00056-0 N00118-0 N00140-0 N00035-1
1505	U00151	11/11/2025 04:00:00 AM	N00137 N00076 N00225 N00106 N00218 N00183	N00111-1 N00184-0 N00062-0 N00202-0 N00162-0 N00131-0 N00207-0
1506	U00151	11/15/2025 05:32:00 PM	N00137 N00076 N00225 N00106 N00218 N00183	N00135-1 N00049-1 N00056-0 N00246-0 N00256-0 N00122-0 N00261-0
1507	U00151	11/12/2025 09:15:00 AM	N00137 N00076 N00225 N00106 N00218 N00183	N00209-0 N00203-0 N00070-0 N00089-1 N00247-1 N00151-1 N00287-0
1508	U00151	11/13/2025 06:44:00 AM	N00137 N00076 N00225 N00106 N00218 N00183	N00080-1 N00069-0 N00188-0 N00192-1 N00023-1 N00122-0 N00246-0 N00098-1 N00227-0
1509	U00151	11/10/2025 04:50:00 PM	N00137 N00076 N00225 N00106 N00218 N00183	N00005-0 N00173-1 N00002-1 N00154-0 N00031-0 N00094-1
1510	U00151	11/14/2025 11:06:00 PM	N00137 N00076 N00225 N00106 N00218 N00183	N00155-1 N00108-1 N00151-1 N00063-0 N00229-0 N00178-0
1511	U00152	11/16/2025 12:33:00 AM	N00248 N00225 N00084 N00221 N00244 N00089 N00290 N00172 N00061	N00048-0 N00279-0 N00057-0 N00055-1 N00280-1 N00019-1
1512	U00152	11/10/2025 02:13:00 PM	N00248 N00225 N00084 N00221 N00244 N00089 N00290 N00172 N00061	N00125-0 N00237-0 N00132-1 N00119-1 N00090-0
1513	U00152	11/16/2025 12:13:00 AM	N00248 N00225 N00084 N00221 N00244 N00089 N00290 N00172 N00061	N00181-1 N00019-0 N00003-0 N00197-0 N00100-1 N00284-0 N00016-1 N00202-1
1514	U00152	11/12/2025 05:41:00 AM	N00248 N00225 N00084 N00221 N00244 N00089 N00290 N00172 N00061	N00212-0 N00136-0 N00094-0 N00063-1 N00145-1 N00165-0 N00053-0
1515	U00152	11/16/2025 02:53:00 AM	N00248 N00225 N00084 N00221 N00244 N00089 N00290 N00172 N00061	N00263-1 N00159-0 N00158-0 N00260-0 N00034-1 N00185-0
1516	U00152	11/13/2025 02:56:00 AM	N00248 N00225 N00084 N00221 N00244 N00089 N00290 N00172 N00061	N00169-1 N00202-1 N00134-0 N00185-0 N00071-1 N00086-0
1517	U00152	11/10/2025 05:35:00 PM	N00248 N00225 N00084 N00221 N00244 N00089 N00290 N00172 N00061	N00289-0 N00032-0 N00257-1 N00210-0 N00156-0 N00172-1 N00038-1
1518	U00152	11/13/2025 02:58:00 PM	N00248 N00225 N00084 N00221 N00244 N00089 N00290 N00172 N00061	N00240-1 N00159-0 N00184-0 N00110-1 N00194-0 N00049-1 N00124-1 N00208-0 N00168-0
1519	U00152	11/11/2025 01:41:00 AM	N00248 N00225 N00084 N00221 N00244 N00089 N00290 N00172 N00061	N00277-1 N00048-1 N00007-1 N00238-1 N00078-0 N00046-0 N00074-0 N00124-1
1520	U00152	11/11/2025 09:16:00 PM	N00248 N00225 N00084 N00221 N00244 N00089 N00290 N00172 N00061	N00175-0 N00064-0 N00237-0 N00230-0 N00005-0 N00263-1
1521	U00153	11/11/2025 08:28:00 PM	N00214 N00090 N00246 N00009 N00158 N00208 N00266 N00282 N00113	N00071-0 N00027-0 N00288-0 N00165-1
1522	U00153	11/14/2025 08:36:00 PM	N00214 N00090 N00246 N00009 N00158 N00208 N00266 N00282 N00113	N00217-0 N00097-0 N00123-0 N00062-0 N00218-0 N00074-0 N00214-1 N00262-0 N00143-1
1523	U00153	11/14/2025 09:32:00 PM	N00214 N00090 N00246 N00009 N00158 N00208 N00266 N00282 N00113	N00226-0 N00274-0 N00205-0 N00021-0 N00279-0 N00039-0 N00266-1 N00250-0
1524	U00153	11/11/2025 12:31:00 PM	N00214 N00090 N00246 N00009 N00158 N00208 N00266 N00282 N00113	N00235-0 N00178-0 N00134-0 N00201-0 N00232-0 N00299-0 N00161-0 N00262-0
1525	U00153	11/16/2025 04:08:00 AM	N00214 N00090 N00246 N00009 N00158 N00208 N00266 N00282 N00113	N00292-0 N00091-0 N00188-0 N00143-1 N00108-0
1526	U00153	11/14/2025 04:21:00 PM	N00214 N00090 N00246 N00009 N00158 N00208 N00266 N00282 N00113	N00171-0 N00019-0 N00134-1 N00188-0 N00284-0
1527	U00153	11/12/2025 07:38:00 AM	N00214 N00090 N00246 N00009 N00158 N00208 N00266 N00282 N00113	N00025-0 N00184-1 N00299-0 N00170-1 N00228-0
1528	U00153	11/15/2025 08:13:00 PM	N00214 N00090 N00246 N00009 N00158 N00208 N00266 N00282 N00113	N00009-0 N00027-0 N00242-0 N00107-1 N00086-0 N00061-0
1529	U00153	11/13/2025 04:44:00 PM	N00214 N00090 N00246 N00009 N00158 N00208 N00266 N00282 N00113	N00082-0 N00123-1 N00279-0 N00020-1 N00161-0 N00286-0 N00088-1 N00091-1
1530	U00153	11/16/2025 03:20:00 AM	N00214 N00090 N00246 N00009 N00158 N00208 N00266 N00282 N00113	N00160-0 N00272-0 N00126-0 N00102-0 N00277-0 N00246-0 N00280-0
1531	U00154	11/11/2025 10:01:00 PM	N00023 N00268 N00225 N00294 N00220 N00235 N00154 N00016 N00029	N00110-0 N00035-0 N00262-0 N00175-1 N00025-0 N00288-0 N00179-0 N00071-0 N00036-0
1532	U00154	11/15/2025 11:44:00 AM	N00023 N00268 N00225 N00294 N00220 N00235 N00154 N00016 N00029	N00084-0 N00123-0 N00016-0 N00089-0 N00198-1 N00165-0 N00003-0
1533	U00154	11/12/2025 09:31:00 AM	N00023 N00268 N00225 N00294 N00220 N00235 N00154 N00016 N00029	N00113-0 N00246-0 N00110-1 N00176-1 N00290-0 N00258-0 N00202-0
1534	U00154	11/15/2025 08:55:00 AM	N00023 N00268 N00225 N00294 N00220 N00235 N00154 N00016 N00029	N00024-0 N00189-0 N00072-0 N00074-0 N00236-0 N00115-1 N00192-1
1535	U00154	11/14/2025 06:47:00 PM	N00023 N00268 N00225 N00294 N00220 N00235 N00154 N00016 N00029	N00117-0 N00030-0 N00209-0 N00215-0 N00250-0 N00213-0 N00212-1 N00148-1
1536	U00154	11/12/2025 04:02:00 AM	N00023 N00268 N00225 N00294 N00220 N00235 N00154 N00016 N00029	N00166-1 N00066-0 N00293-0 N00229-0 N00092-0 N00006-0 N00085-0
1537	U00154	11/12/2025 05:29:00 AM	N00023 N00268 N00225 N00294 N00220 N00235 N00154 N00016 N00029	N00233-1 N00240-0 N00026-1 N00101-0 N00060-0
1538	U00154	11/15/2025 09:48:00 AM	N00023 N00268 N00225 N00294 N00220 N00235 N00154 N00016 N00029	N00266-0 N00115-1 N00011-0 N00048-0 N00200-0 N00299-0 N00044-0 N00104-1 N00232-0
1539	U00154	11/13/2025 06:21:00 AM	N00023 N00268 N00225 N00294 N00220 N00235 N00154 N00016 N00029	N00197-0 N00180-0 N00285-0 N00036-1 N00110-1 N00202-0 N00064-0 N00093-1
1540	U00154	11/14/2025 12:50:00 AM	N00023 N00268 N00225 N00294 N00220 N00235 N00154 N00016 N00029	N00189-0 N00173-1 N00030-1 N00198-1 N00022-0 N00264-1
1541	U00155	11/12/2025 05:26:00 PM	N00087 N00207 N00125 N00229 N00082 N00215 N00243 N00012 N00058 N00120 N00109 N00180	N00022-1 N00143-0 N00012-1 N00167-0 N00174-0 N00249-1 N00233-0 N00159-0
1542	U00155	11/13/2025 10:40:00 PM	N00087 N00207 N00125 N00229 N00082 N00215 N00243 N00012 N00058 N00120 N00109 N00180	N00049-0 N00194-1 N00106-1 N00282-0 N00072-0 N00145-0 N00270-0 N00120-0
1543	U00155	11/13/2025 01:53:00 AM	N00087 N00207 N00125 N00229 N00082 N00215 N00243 N00012 N00058 N00120 N00109 N00180	N00222-1 N00184-1 N00172-0 N00039-0 N00077-0 N00044-0 N00053-0 N00166-0
1544	U00155	11/10/2025 08:19:00 PM	N00087 N00207 N00125 N00229 N00082 N00215 N00243 N00012 N00058 N00120 N00109 N00180	N00192-0 N00250-0 N00117-0 N00268-0 N00060-0
1545	U00155	11/11/2025 04:06:00 PM	N00087 N00207 N00125 N00229 N00082 N00215 N00243 N00012 N00058 N00120 N00109 N00180	N00032-1 N00207-0 N00144-0 N00253-1 N00134-0
1546	U00155	11/11/2025 11:27:00 AM	N00087 N00207 N00125 N00229 N00082 N00215 N00243 N00012 N00058 N00120 N00109 N00180	N00161-0 N00270-0 N00279-0 N00260-1 N00152-0 N00190-0 N00181-1
1547	U00155	11/13/2025 10:23:00 AM	N00087 N00207 N00125 N00229 N00082 N00215 N00243 N00012 N00058 N00120 N00109 N00180	N00105-0 N00288-0 N00239-0 N00064-0 N00247-0 N00243-0 N00035-0 N00226-0
1548	U00155	11/15/2025 12:34:00 AM	N00087 N00207 N00125 N00229 N00082 N00215 N00243 N00012 N00058 N00120 N00109 N00180	N00218-0 N00270-1 N00147-1 N00068-1 N00013-1
1549	U00155	11/15/2025 06:12:00 AM	N00087 N00207 N00125 N00229 N00082 N00215 N00243 N00012 N00058 N00120 N00109 N00180	N00095-0 N00005-0 N00120-0 N00195-0 N00230-0 N00157-1 N00209-1
1550	U00155	11/14/2025 12:06:00 AM	N00087 N00207 N00125 N00229 N00082 N00215 N00243 N00012 N00058 N00120 N00109 N00180	N00296-0 N00055-0 N00007-0 N00287-1 N00005-0 N00102-0 N00169-1 N00299-1
1551	U00156	11/13/2025 12:05:00 AM	N00103 N00133 N00265 N00205 N00263 N00119 N00049 N00148 N00007 N00290 N00153 N00008 N00277 N00182	N00008-1 N00224-0 N00065-0 N00209-0 N00161-1 N00121-1 N00179-0 N00201-1 N00154-1
1552	U00156	11/14/2025 02:48:00 AM	N00103 N00133 N00265 N00205 N00263 N00119 N00049 N00148 N00007 N00290 N00153 N00008 N00277 N00182	N00154-0 N00231-0 N00264-0 N00265-0 N00166-1 N00207-0 N00179-1
1553	U00156	11/11/2025 09:14:00 AM	N00103 N00133 N00265 N00205 N00263 N00119 N00049 N00148 N00007 N00290 N00153 N00008 N00277 N00182	N00107-0 N00022-0 N00223-0 N00046-1 N00151-1 N00217-0
1554	U00156	11/10/2025 04:50:00 PM	N00103 N00133 N00265 N00205 N00263 N00119 N00049 N00148 N00007 N00290 N00153 N00008 N00277 N00182	N00136-0 N00258-1 N00267-0 N00262-0 N00205-0 N00178-1 N00126-0
1555	U00156	11/15/2025 11:41:00 PM	N00103 N00133 N00265 N00205 N00263 N00119 N00049 N00148 N00007 N00290 N00153 N00008 N00277 N00182	N00165-0 N00082-0 N00088-1 N00149-1 N00173-1 N00102-1 N00156-1
1556	U00156	11/11/2025 05:32:00 AM	N00103 N00133 N00265 N00205 N00263 N00119 N00049 N00148 N00007 N00290 N00153 N00008 N00277 N00182	N00039-0 N00016-0 N00225-0 N00021-0 N00143-0 N00096-0 N00156-1 N00051-0
1557	U00156	11/12/2025 09:34:00 AM	N00103 N00133 N00265 N00205 N00263 N00119 N00049 N00148 N00007 N00290 N00153 N00008 N00277 N00182	N00132-1 N00133-1 N00070-0 N00222-0 N00198-0 N00279-1
1558	U00156	11/12/2025 01:06:00 AM	N00103 N00133 N00265 N00205 N00263 N00119 N00049 N00148 N00007 N00290 N00153 N00008 N00277 N00182	N00242-0 N00030-0 N00287-0 N00256-0 N00199-0 N00194-0 N00036-0
1559	U00156	11/13/2025 07:39:00 PM	N00103 N00133 N00265 N00205 N00263 N00119 N00049 N00148 N00007 N00290 N00153 N00008 N00277 N00182	N00098-0 N00068-0 N00233-0 N00024-1 N00278-1 N00019-1
1560	U00156	11/11/2025 04:30:00 AM	N00103 N00133 N00265 N00205 N00263 N00119 N00049 N00148 N00007 N00290 N00153 N00008 N00277 N00182	N00168-0 N00036-0 N00030-0 N00094-1 N00004-0 N00147-1 N00234-0
1561	U00157	11/11/2025 10:18:00 PM	N00219 N00198 N00056 N00185	N00152-0 N00150-1 N00016-1 N00156-0
1562	U00157	11/12/2025 06:32:00 PM	N00219 N00198 N00056 N00185	N00120-0 N00095-0 N00296-0 N00124-1 N00121-0 N00168-0 N00126-1
1563	U00157	11/13/2025 07:54:00 AM	N00219 N00198 N00056 N00185	N00019-0 N00170-0 N00032-0 N00118-0 N00218-0 N00001-0 N00148-0 N00030-1 N00077-0
1564	U00157	11/11/2025 08:40:00 AM	N00219 N00198 N00056 N00185	N00269-0 N00219-1 N00110-0 N00118-0 N00275-1 N00222-0 N00034-1
1565	U00157	11/15/2025 04:26:00 PM	N00219 N00198 N00056 N00185	N00043-0 N00235-1 N00277-1 N00009-1 N00215-0 N00059-0 N00262-0 N00195-0
1566	U00157	11/11/2025 09:12:00 PM	N00219 N00198 N00056 N00185	N00245-1 N00072-0 N00295-1 N00271-0
1567	U00157	11/14/2025 05:07:00 PM	N00219 N00198 N00056 N00185	N00060-1 N00246-0 N00049-0 N00029-0 N00193-1 N00243-0 N00039-0
1568	U00157	11/11/2025 02:58:00 PM	N00219 N00198 N00056 N00185	N00135-0 N00140-0 N00049-1 N00138-0 N00168-0 N00062-1 N00220-1 N00042-0 N00200-0
1569	U00157	11/10/2025 08:38:00 PM	N00219 N00198 N00056 N00185	N00180-0 N00263-1 N00224-0 N00198-0 N00082-0 N00221-0 N00052-0
1570	U00157	11/12/2025 07:21:00 AM	N00219 N00198 N00056 N00185	N00055-1 N00138-0 N00134-0 N00223-1 N00023-0 N00184-0 N00285-1
1571	U00158	11/14/2025 12:55:00 AM	N00026 N00296 N00115 N00195 N00223 N00007 N00277 N00050 N00101 N00149	N00182-0 N00300-0 N00026-1 N00085-0
1572	U00158	11/15/2025 10:03:00 PM	N00026 N00296 N00115 N00195 N00223 N00007 N00277 N00050 N00101 N00149	N00147-0 N00260-0 N00253-0 N00122-1 N00084-1
1573	U00158	11/14/2025 10:08:00 PM	N00026 N00296 N00115 N00195 N00223 N00007 N00277 N00050 N00101 N00149	N00070-0 N00115-1 N00123-0 N00246-0 N00249-0 N00089-0 N00093-1 N00211-1 N00157-0
1574	U00158	11/10/2025 02:23:00 PM	N00026 N00296 N00115 N00195 N00223 N00007 N00277 N00050 N00101 N00149	N00277-1 N00275-1 N00252-0 N00161-0 N00169-0 N00107-0
1575	U00158	11/14/2025 04:30:00 AM	N00026 N00296 N00115 N00195 N00223 N00007 N00277 N00050 N00101 N00149	N00140-0 N00101-1 N00281-0 N00207-0 N00043-0 N00054-0
1576	U00158	11/15/2025 05:43:00 AM	N00026 N00296 N00115 N00195 N00223 N00007 N00277 N00050 N00101 N00149	N00197-0 N00218-0 N00231-0 N00136-1 N00190-1 N00135-0 N00139-0
1577	U00158	11/10/2025 12:24:00 PM	N00026 N00296 N00115 N00195 N00223 N00007 N00277 N00050 N00101 N00149	N00161-1 N00155-1 N00164-0 N00062-1 N00222-0
1578	U00158	11/14/2025 02:02:00 PM	N00026 N00296 N00115 N00195 N00223 N00007 N00277 N00050 N00101 N00149	N00276-0 N00110-0 N00135-0 N00178-0 N00299-0 N00103-1 N00115-1 N00282-0
1579	U00158	11/11/2025 08:37:00 PM	N00026 N00296 N00115 N00195 N00223 N00007 N00277 N00050 N00101 N00149	N00285-0 N00101-1 N00230-1 N00167-0 N00088-0 N00215-0 N00289-1
1580	U00158	11/15/2025 10:23:00 PM	N00026 N00296 N00115 N00195 N00223 N00007 N00277 N00050 N00101 N00149	N00252-0 N00072-0 N00251-0 N00245-1 N00248-0 N00183-0
1581	U00159	11/11/2025 03:17:00 AM	N00256 N00052 N00050 N00248 N00262 N00084 N00278 N00029 N00173 N00126 N00053 N00142	N00269-0 N00159-0 N00275-1 N00135-0 N00293-0 N00173-1
1582	U00159	11/11/2025 12:34:00 AM	N00256 N00052 N00050 N00248 N00262 N00084 N00278 N00029 N00173 N00126 N00053 N00142	N00014-0 N00290-1 N00023-1 N00297-0 N00164-0 N00087-0 N00102-0
1583	U00159	11/11/2025 07:17:00 PM	N00256 N00052 N00050 N00248 N00262 N00084 N00278 N00029 N00173 N00126 N00053 N00142	N00015-0 N00093-0 N00204-0 N00096-1 N00110-0 N00031-0 N00187-0
1584	U00159	11/15/2025 04:04:00 AM	N00256 N00052 N00050 N00248 N00262 N00084 N00278 N00029 N00173 N00126 N00053 N00142	N00251-1 N00184-0 N00012-0 N00263-0
1585	U00159	11/13/2025 05:53:00 PM	N00256 N00052 N00050 N00248 N00262 N00084 N00278 N00029 N00173 N00126 N00053 N00142	N00232-0 N00119-0 N00262-0 N00107-0 N00153-1 N00007-1 N00154-1
1586	U00159	11/13/2025 10:48:00 AM	N00256 N00052 N00050 N00248 N00262 N00084 N00278 N00029 N00173 N00126 N00053 N00142	N00105-0 N00225-1 N00230-1 N00025-0 N00193-0 N00139-0
1587	U00159	11/10/2025 09:28:00 AM	N00256 N00052 N00050 N00248 N00262 N00084 N00278 N00029 N00173 N00126 N00053 N00142	N00159-0 N00264-1 N00057-0 N00098-0 N00093-1 N00241-0 N00032-0 N00008-0
1588	U00159	11/11/2025 12:46:00 AM	N00256 N00052 N00050 N00248 N00262 N00084 N00278 N00029 N00173 N00126 N00053 N00142	N00078-0 N00255-0 N00143-0 N00159-1 N00101-1 N00160-0 N00190-1
1589	U00159	11/10/2025 10:41:00 PM	N00256 N00052 N00050 N00248 N00262 N00084 N00278 N00029 N00173 N00126 N00053 N00142	N00071-0 N00285-1 N00067-0 N00275-0 N00225-0 N00206-1
1590	U00159	11/12/2025 01:36:00 PM	N00256 N00052 N00050 N00248 N00262 N00084 N00278 N00029 N00173 N00126 N00053 N00142	N00002-0 N00089-1 N00230-1 N00096-1 N00219-1 N00036-1 N00083-0 N00287-0
1591	U00160	11/15/2025 05:44:00 PM	N00117 N00025 N00146 N00051	N00058-0 N00156-0 N00205-0 N00051-1 N00144-0 N00146-1 N00246-0 N00153-1
1592	U00160	11/13/2025 05:17:00 PM	N00117 N00025 N00146 N00051	N00131-1 N00260-1 N00117-1 N00048-0 N00242-1 N00289-0
1593	U00160	11/11/2025 03:18:00 PM	N00117 N00025 N00146 N00051	N00060-0 N00003-1 N00215-1 N00052-0 N00293-1 N00290-1
1594	U00160	11/11/2025 04:10:00 PM	N00117 N00025 N00146 N00051	N00010-0 N00175-0 N00016-0 N00150-0 N00187-0 N00267-1 N00019-0
1595	U00160	11/13/2025 11:55:00 PM	N00117 N00025 N00146 N00051	N00258-1 N00022-0 N00134-0 N00011-0
1596	U00160	11/12/2025 10:01:00 AM	N00117 N00025 N00146 N00051	N00170-0 N00103-0 N00267-0 N00207-0 N00072-0 N00039-1 N00116-0 N00056-0 N00136-0
1597	U00160	11/15/2025 11:51:00 AM	N00117 N00025 N00146 N00051	N00260-1 N00149-0 N00120-0 N00131-0 N00058-1 N00076-0 N00257-0
1598	U00160	11/14/2025 04:14:00 AM	N00117 N00025 N00146 N00051	N00031-0 N00125-1 N00029-0 N00167-1 N00290-1 N00166-1
1599	U00160	11/14/2025 04:00:00 AM	N00117 N00025 N00146 N00051	N00270-0 N00106-0 N00112-0 N00218-0 N00219-0 N00222-0 N00001-0 N00221-0
1600	U00160	11/14/2025 04:35:00 PM	N00117 N00025 N00146 N00051	N00065-0 N00227-0 N00133-0 N00145-1 N00234-1 N00204-0 N00121-1
1601	U00161	11/12/2025 11:43:00 AM	N00299 N00170 N00224 N00102	N00201-0 N00213-0 N00153-0 N00018-0 N00165-1 N00007-0 N00090-0
1602	U00161	11/11/2025 06:12:00 AM	N00299 N00170 N00224 N00102	N00088-0 N00048-0 N00065-0 N00266-1 N00260-0 N00050-0 N00039-0
1603	U00161	11/11/2025 10:47:00 PM	N00299 N00170 N00224 N00102	N00147-1 N00088-1 N00128-0 N00044-0 N00185-0 N00053-0 N00091-0 N00224-1
1604	U00161	11/14/2025 11:32:00 AM	N00299 N00170 N00224 N00102	N00056-0 N00222-0 N00023-1 N00102-1 N00170-1
1605	U00161	11/14/2025 04:27:00 PM	N00299 N00170 N00224 N00102	N00214-0 N00263-0 N00274-1 N00121-0 N00039-0 N00172-0 N00117-0
1606	U00161	11/12/2025 05:08:00 PM	N00299 N00170 N00224 N00102	N00027-1 N00041-1 N00143-1 N00170-1
1607	U00161	11/11/2025 06:23:00 PM	N00299 N00170 N00224 N00102	N00278-0 N00282-0 N00065-1 N00102-1 N00078-0 N00142-0 N00029-0 N00092-0
1608	U00161	11/14/2025 06:35:00 AM	N00299 N00170 N00224 N00102	N00221-0 N00295-0 N00188-0 N00039-0 N00214-0 N00178-1 N00135-0 N00283-0
1609	U00161	11/12/2025 07:07:00 PM	N00299 N00170 N00224 N00102	N00269-0 N00171-0 N00226-1 N00170-0 N00107-0 N00138-0 N00052-0 N00113-1
1610	U00161	11/13/2025 03:12:00 AM	N00299 N00170 N00224 N00102	N00107-0 N00266-0 N00165-1 N00084-0 N00019-0 N00091-1
1611	U00162	11/15/2025 10:40:00 PM	N00071 N00206 N00295 N00016 N00018 N00099 N00057	N00070-0 N00016-0 N00260-0 N00109-0 N00219-0 N00135-0
1612	U00162	11/14/2025 12:45:00 AM	N00071 N00206 N00295 N00016 N00018 N00099 N00057	N00063-0 N00253-1 N00209-0 N00053-1 N00212-0 N00016-1 N00231-1 N00017-1 N00221-1
1613	U00162	11/15/2025 10:23:00 PM	N00071 N00206 N00295 N00016 N00018 N00099 N00057	N00009-1 N00018-1 N00220-0 N00121-0 N00038-0 N00077-1 N00183-0 N00216-0 N00273-0
1614	U00162	11/10/2025 11:51:00 AM	N00071 N00206 N00295 N00016 N00018 N00099 N00057	N00005-0 N00186-0 N00053-0 N00017-0
1615	U00162	11/11/2025 08:29:00 AM	N00071 N00206 N00295 N00016 N00018 N00099 N00057	N00202-0 N00257-0 N00260-1 N00167-0 N00210-0
1616	U00162	11/12/2025 03:32:00 PM	N00071 N00206 N00295 N00016 N00018 N00099 N00057	N00008-1 N00232-0 N00198-1 N00226-0 N00288-0 N00234-1 N00164-1
1617	U00162	11/12/2025 03:08:00 PM	N00071 N00206 N00295 N00016 N00018 N00099 N00057	N00244-1 N00150-0 N00175-1 N00272-0
1618	U00162	11/10/2025 08:15:00 AM	N00071 N00206 N00295 N00016 N00018 N00099 N00057	N00058-0 N00263-0 N00016-0 N00285-0 N00075-0 N00179-1
1619	U00162	11/16/2025 05:09:00 AM	N00071 N00206 N00295 N00016 N00018 N00099 N00057	N00240-0 N00101-1 N00041-1 N00064-1
1620	U00162	11/15/2025 08:41:00 PM	N00071 N00206 N00295 N00016 N00018 N00099 N00057	N00057-0 N00247-1 N00047-0 N00277-1 N00030-0 N00034-0 N00067-0
1621	U00163	11/15/2025 06:39:00 AM	N00019 N00101 N00016 N00093 N00235 N00245 N00225 N00296 N00192	N00277-1 N00036-1 N00269-0 N00126-0 N00201-0 N00016-1 N00105-0
1622	U00163	11/15/2025 02:52:00 AM	N00019 N00101 N00016 N00093 N00235 N00245 N00225 N00296 N00192	N00154-0 N00134-0 N00127-0 N00029-0 N00076-1 N00159-1 N00208-0 N00122-0
1623	U00163	11/13/2025 06:02:00 PM	N00019 N00101 N00016 N00093 N00235 N00245 N00225 N00296 N00192	N00167-0 N00172-1 N00235-0 N00082-0 N00195-1
1624	U00163	11/12/2025 04:36:00 PM	N00019 N00101 N00016 N00093 N00235 N00245 N00225 N00296 N00192	N00198-1 N00157-0 N00029-1 N00107-0 N00022-0 N00114-0 N00173-0
1625	U00163	11/13/2025 10:37:00 PM	N00019 N00101 N00016 N00093 N00235 N00245 N00225 N00296 N00192	N00249-1 N00006-0 N00138-0 N00222-0 N00230-1 N00221-1
1626	U00163	11/13/2025 09:05:00 AM	N00019 N00101 N00016 N00093 N00235 N00245 N00225 N00296 N00192	N00241-0 N00185-1 N00164-1 N00059-0 N00191-0
1627	U00163	11/11/2025 06:30:00 AM	N00019 N00101 N00016 N00093 N00235 N00245 N00225 N00296 N00192	N00083-0 N00297-0 N00024-0 N00101-1 N00008-0 N00235-0
1628	U00163	11/14/2025 04:17:00 PM	N00019 N00101 N00016 N00093 N00235 N00245 N00225 N00296 N00192	N00157-0 N00164-1 N00092-0 N00131-0 N00259-0 N00063-0 N00149-0
1629	U00163	11/14/2025 07:32:00 AM	N00019 N00101 N00016 N00093 N00235 N00245 N00225 N00296 N00192	N00265-1 N00049-1 N00042-0 N00076-0 N00276-0
1630	U00163	11/12/2025 08:10:00 AM	N00019 N00101 N00016 N00093 N00235 N00245 N00225 N00296 N00192	N00141-0 N00054-0 N00225-1 N00177-1 N00008-0
1631	U00164	11/10/2025 11:01:00 AM	N00185 N00247 N00081 N00069 N00112 N00089 N00257 N00151 N00053	N00294-0 N00048-0 N00099-0 N00223-0 N00211-1
1632	U00164	11/15/2025 06:08:00 AM	N00185 N00247 N00081 N00069 N00112 N00089 N00257 N00151 N00053	N00046-1 N00107-0 N00245-0 N00068-0 N00035-1 N00289-1 N00080-0 N00079-1
1633	U00164	11/12/2025 11:02:00 AM	N00185 N00247 N00081 N00069 N00112 N00089 N00257 N00151 N00053	N00194-0 N00171-0 N00298-0 N00257-0 N00002-1
1634	U00164	11/15/2025 05:50:00 AM	N00185 N00247 N00081 N00069 N00112 N00089 N00257 N00151 N00053	N00141-1 N00139-0 N00189-1 N00049-0 N00061-0 N00096-1 N00145-0
1635	U00164	11/11/2025 10:28:00 PM	N00185 N00247 N00081 N00069 N00112 N00089 N00257 N00151 N00053	N00074-0 N00161-1 N00098-0 N00189-1
1636	U00164	11/15/2025 10:42:00 PM	N00185 N00247 N00081 N00069 N00112 N00089 N00257 N00151 N00053	N00111-1 N00214-1 N00290-0 N00282-0 N00072-1
1637	U00164	11/11/2025 11:33:00 AM	N00185 N00247 N00081 N00069 N00112 N00089 N00257 N00151 N00053	N00148-0 N00155-0 N00276-0 N00253-0 N00132-1 N00241-1 N00224-0 N00125-0
1638	U00164	11/14/2025 03:01:00 AM	N00185 N00247 N00081 N00069 N00112 N00089 N00257 N00151 N00053	N00216-0 N00018-1 N00212-1 N00209-0 N00135-0
1639	U00164	11/10/2025 03:59:00 PM	N00185 N00247 N00081 N00069 N00112 N00089 N00257 N00151 N00053	N00008-1 N00246-0 N00055-1 N00214-0
1640	U00164	11/12/2025 08:37:00 AM	N00185 N00247 N00081 N00069 N00112 N00089 N00257 N00151 N00053	N00036-1 N00243-0 N00201-1 N00233-1 N00116-0
1641	U00165	11/11/2025 09:19:00 AM	N00080 N00092 N00207 N00239 N00199	N00275-0 N00271-0 N00237-1 N00181-1 N00020-0 N00126-0
1642	U00165	11/12/2025 11:27:00 AM	N00080 N00092 N00207 N00239 N00199	N00177-0 N00011-1 N00277-0 N00266-0 N00010-1 N00013-0 N00219-0 N00268-0 N00220-0
1643	U00165	11/14/2025 03:15:00 AM	N00080 N00092 N00207 N00239 N00199	N00064-0 N00187-0 N00139-1 N00242-0 N00029-0 N00078-1 N00023-1 N00157-1 N00178-0
1644	U00165	11/11/2025 08:22:00 PM	N00080 N00092 N00207 N00239 N00199	N00226-0 N00278-0 N00071-0 N00170-0 N00230-0 N00270-0 N00284-0
1645	U00165	11/11/2025 03:00:00 PM	N00080 N00092 N00207 N00239 N00199	N00137-1 N00225-0 N00230-0 N00181-1 N00198-0 N00037-0
1646	U00165	11/10/2025 06:58:00 PM	N00080 N00092 N00207 N00239 N00199	N00278-0 N00020-0 N00083-0 N00138-1 N00180-1 N00291-1
1647	U00165	11/14/2025 04:39:00 PM	N00080 N00092 N00207 N00239 N00199	N00295-0 N00016-0 N00267-0 N00020-0 N00195-0 N00010-1 N00276-0 N00166-0 N00222-1
1648	U00165	11/12/2025 02:24:00 PM	N00080 N00092 N00207 N00239 N00199	N00094-0 N00181-0 N00149-0 N00168-1 N00279-0 N00063-1 N00179-0 N00228-1 N00197-0
1649	U00165	11/15/2025 07:31:00 AM	N00080 N00092 N00207 N00239 N00199	N00045-0 N00198-0 N00143-0 N00204-1 N00121-1
1650	U00165	11/13/2025 05:36:00 AM	N00080 N00092 N00207 N00239 N00199	N00083-1 N00168-0 N00055-1 N00118-1
1651	U00166	11/13/2025 10:59:00 PM	N00065 N00004 N00100 N00097 N00226 N00095 N00134	N00228-0 N00048-0 N00097-1 N00143-1 N00273-1
1652	U00166	11/16/2025 07:19:00 AM	N00065 N00004 N00100 N00097 N00226 N00095 N00134	N00279-0 N00224-1 N00165-0 N00222-0 N00238-0 N00188-0 N00231-0 N00256-0
1653	U00166	11/11/2025 10:31:00 AM	N00065 N00004 N00100 N00097 N00226 N00095 N00134	N00266-1 N00282-0 N00100-1 N00292-1 N00081-1
1654	U00166	11/16/2025 01:23:00 AM	N00065 N00004 N00100 N00097 N00226 N00095 N00134	N00170-1 N00299-1 N00074-1 N00266-1 N00276-0 N00142-0
1655	U00166	11/14/2025 09:15:00 AM	N00065 N00004 N00100 N00097 N00226 N00095 N00134	N00091-0 N00122-0 N00034-0 N00095-0
1656	U00166	11/10/2025 11:58:00 AM	N00065 N00004 N00100 N00097 N00226 N00095 N00134	N00009-1 N00195-0 N00165-1 N00153-0 N00295-0 N00212-0
1657	U00166	11/14/2025 03:29:00 AM	N00065 N00004 N00100 N00097 N00226 N00095 N00134	N00246-1 N00125-0 N00088-0 N00208-0 N00192-0 N00045-0 N00267-0
1658	U00166	11/12/2025 01:45:00 AM	N00065 N00004 N00100 N00097 N00226 N00095 N00134	N00031-1 N00178-0 N00095-0 N00197-0 N00273-0 N00232-0 N00086-1 N00266-1
1659	U00166	11/16/2025 01:18:00 AM	N00065 N00004 N00100 N00097 N00226 N00095 N00134	N00143-1 N00070-0 N00257-0 N00246-1 N00120-0 N00270-0 N00286-0
1660	U00166	11/14/2025 06:54:00 PM	N00065 N00004 N00100 N00097 N00226 N00095 N00134	N00208-0 N00085-0 N00060-0 N00101-0 N00078-0 N00266-0 N00004-1
1661	U00167	11/12/2025 04:50:00 AM	N00029 N00070 N00008 N00264 N00019 N00016	N00196-0 N00227-1 N00063-0 N00278-1 N00012-0
1662	U00167	11/11/2025 09:41:00 AM	N00029 N00070 N00008 N00264 N00019 N00016	N00107-0 N00255-0 N00199-1 N00027-0 N00245-1 N00174-0 N00294-0
1663	U00167	11/15/2025 03:11:00 PM	N00029 N00070 N00008 N00264 N00019 N00016	N00182-0 N00009-0 N00172-1 N00171-0 N00161-1 N00205-1
1664	U00167	11/14/2025 01:15:00 PM	N00029 N00070 N00008 N00264 N00019 N00016	N00256-1 N00181-0 N00248-1 N00288-0 N00197-1 N00177-0 N00241-0 N00115-1
1665	U00167	11/13/2025 11:11:00 AM	N00029 N00070 N00008 N00264 N00019 N00016	N00083-0 N00019-0 N00218-0 N00258-0 N00093-1 N00295-0 N00094-0 N00264-1
1666	U00167	11/12/2025 02:03:00 AM	N00029 N00070 N00008 N00264 N00019 N00016	N00071-1 N00244-0 N00203-0 N00192-0 N00234-0 N00277-0
1667	U00167	11/14/2025 09:14:00 AM	N00029 N00070 N00008 N00264 N00019 N00016	N00248-1 N00060-0 N00163-0 N00174-1 N00096-1
1668	U00167	11/15/2025 10:26:00 AM	N00029 N00070 N00008 N00264 N00019 N00016	N00255-0 N00029-1 N00008-1 N00274-0 N00150-1 N00249-0 N00261-0
1669	U00167	11/16/2025 02:51:00 AM	N00029 N00070 N00008 N00264 N00019 N00016	N00142-1 N00260-0 N00126-1 N00290-0 N00210-1
1670	U00167	11/11/2025 10:32:00 PM	N00029 N00070 N00008 N00264 N00019 N00016	N00024-1 N00179-0 N00140-0 N00254-0 N00042-0 N00231-0 N00245-1
1671	U00168	11/15/2025 08:15:00 AM	N00019 N00014 N00233 N00187 N00280 N00252 N00089 N00290 N00094 N00035 N00119 N00185 N00202 N00017	N00294-0 N00295-0 N00087-0 N00070-0 N00281-0 N00085-0 N00173-1
1672	U00168	11/13/2025 02:20:00 PM	N00019 N00014 N00233 N00187 N00280 N00252 N00089 N00290 N00094 N00035 N00119 N00185 N00202 N00017	N00083-0 N00277-1 N00158-0 N00285-1 N00197-0 N00224-0
1673	U00168	11/12/2025 06:14:00 AM	N00019 N00014 N00233 N00187 N00280 N00252 N00089 N00290 N00094 N00035 N00119 N00185 N00202 N00017	N00287-1 N00207-0 N00158-0 N00111-0 N00132-1 N00107-0 N00104-0
1674	U00168	11/13/2025 07:12:00 AM	N00019 N00014 N00233 N00187 N00280 N00252 N00089 N00290 N00094 N00035 N00119 N00185 N00202 N00017	N00107-0 N00020-1 N00163-0 N00046-1 N00271-1 N00151-0
1675	U00168	11/11/2025 01:37:00 PM	N00019 N00014 N00233 N00187 N00280 N00252 N00089 N00290 N00094 N00035 N00119 N00185 N00202 N00017	N00275-1 N00094-0 N00078-1 N00141-0 N00164-0 N00024-0 N00251-0
1676	U00168	11/13/2025 12:35:00 PM	N00019 N00014 N00233 N00187 N00280 N00252 N00089 N00290 N00094 N00035 N00119 N00185 N00202 N00017	N00296-0 N00268-0 N00016-0 N00007-0 N00254-0
1677	U00168	11/13/2025 08:29:00 PM	N00019 N00014 N00233 N00187 N00280 N00252 N00089 N00290 N00094 N00035 N00119 N00185 N00202 N00017	N00057-0 N00053-1 N00008-0 N00121-0 N00118-0 N00111-0
1678	U00168	11/12/2025 02:33:00 PM	N00019 N00014 N00233 N00187 N00280 N00252 N00089 N00290 N00094 N00035 N00119 N00185 N00202 N00017	N00205-1 N00006-0 N00285-1 N00256-1 N00210-0 N00244-1
1679	U00168	11/11/2025 06:28:00 PM	N00019 N00014 N00233 N00187 N00280 N00252 N00089 N00290 N00094 N00035 N00119 N00185 N00202 N00017	N00172-0 N00046-1 N00201-1 N00155-0 N00282-0 N00163-0 N00213-0
1680	U00168	11/13/2025 09:25:00 PM	N00019 N00014 N00233 N00187 N00280 N00252 N00089 N00290 N00094 N00035 N00119 N00185 N00202 N00017	N00081-0 N00117-0 N00244-1 N00236-0
1681	U00169	11/16/2025 05:58:00 AM	N00256 N00071 N00221 N00019 N00161 N00119 N00179 N00156 N00149 N00024 N00261 N00155 N00205 N00289 N00263	N00071-0 N00033-0 N00279-1 N00069-1 N00165-1 N00297-1 N00125-0 N00164-1
1682	U00169	11/14/2025 02:04:00 AM	N00256 N00071 N00221 N00019 N00161 N00119 N00179 N00156 N00149 N00024 N00261 N00155 N00205 N00289 N00263	N00149-1 N00096-0 N00249-1 N00049-1 N00239-0
1683	U00169	11/12/2025 01:01:00 PM	N00256 N00071 N00221 N00019 N00161 N00119 N00179 N00156 N00149 N00024 N00261 N00155 N00205 N00289 N00263	N00056-0 N00039-0 N00142-0 N00153-1 N00136-1
1684	U00169	11/11/2025 02:35:00 AM	N00256 N00071 N00221 N00019 N00161 N00119 N00179 N00156 N00149 N00024 N00261 N00155 N00205 N00289 N00263	N00020-0 N00068-1 N00119-1 N00046-0
1685	U00169	11/14/2025 08:57:00 AM	N00256 N00071 N00221 N00019 N00161 N00119 N00179 N00156 N00149 N00024 N00261 N00155 N00205 N00289 N00263	N00193-1 N00185-1 N00265-1 N00180-0
1686	U00169	11/15/2025 10:29:00 AM	N00256 N00071 N00221 N00019 N00161 N00119 N00179 N00156 N00149 N00024 N00261 N00155 N00205 N00289 N00263	N00093-0 N00210-0 N00145-0 N00116-0 N00121-0 N00261-1 N00124-0
1687	U00169	11/11/2025 06:44:00 AM	N00256 N00071 N00221 N00019 N00161 N00119 N00179 N00156 N00149 N00024 N00261 N00155 N00205 N00289 N00263	N00099-1 N00100-0 N00035-0 N00022-1 N00211-0 N00012-1 N00070-0 N00106-1 N00018-1
1688	U00169	11/15/2025 06:13:00 AM	N00256 N00071 N00221 N00019 N00161 N00119 N00179 N00156 N00149 N00024 N00261 N00155 N00205 N00289 N00263	N00221-1 N00091-0 N00051-0 N00064-1 N00214-1 N00269-0
1689	U00169	11/10/2025 09:29:00 PM	N00256 N00071 N00221 N00019 N00161 N00119 N00179 N00156 N00149 N00024 N00261 N00155 N00205 N00289 N00263	N00072-1 N00119-1 N00200-1 N00291-0 N00063-0 N00227-0 N00085-0 N00152-1
1690	U00169	11/14/2025 08:11:00 AM	N00256 N00071 N00221 N00019 N00161 N00119 N00179 N00156 N00149 N00024 N00261 N00155 N00205 N00289 N00263	N00053-0 N00233-1 N00100-1 N00158-0 N00133-1
1691	U00170	11/11/2025 10:38:00 AM	N00171 N00006 N00207 N00189 N00003 N00269 N00260	N00186-1 N00054-1 N00175-1 N00126-0 N00032-1 N00135-0 N00250-0 N00016-1
1692	U00170	11/11/2025 01:41:00 AM	N00171 N00006 N00207 N00189 N00003 N00269 N00260	N00262-0 N00102-1 N00284-1 N00180-1 N00011-1 N00012-0 N00111-0
1693	U00170	11/12/2025 07:08:00 AM	N00171 N00006 N00207 N00189 N00003 N00269 N00260	N00012-0 N00093-0 N00199-1 N00217-0 N00053-0 N00092-1 N00114-0
1694	U00170	11/14/2025 09:23:00 AM	N00171 N00006 N00207 N00189 N00003 N00269 N00260	N00027-0 N00022-1 N00155-1 N00122-0 N00216-1
1695	U00170	11/13/2025 04:34:00 PM	N00171 N00006 N00207 N00189 N00003 N00269 N00260	N00248-0 N00156-0 N00076-0 N00219-0 N00114-1 N00058-0 N00262-0 N00005-1
1696	U00170	11/10/2025 11:48:00 AM	N00171 N00006 N00207 N00189 N00003 N00269 N00260	N00173-0 N00291-0 N00182-0 N00047-1 N00155-1 N00203-1 N00277-0
1697	U00170	11/12/2025 10:59:00 AM	N00171 N00006 N00207 N00189 N00003 N00269 N00260	N00219-0 N00062-0 N00053-0 N00267-1 N00083-0 N00264-0 N00022-1 N00237-0
1698	U00170	11/16/2025 02:41:00 AM	N00171 N00006 N00207 N00189 N00003 N00269 N00260	N00093-0 N00194-0 N00078-0 N00114-1 N00219-0 N00187-0 N00066-1
1699	U00170	11/16/2025 04:01:00 AM	N00171 N00006 N00207 N00189 N00003 N00269 N00260	N00012-0 N00225-0 N00241-0 N00276-1 N00197-0 N00095-0
1700	U00170	11/11/2025 06:46:00 PM	N00171 N00006 N00207 N00189 N00003 N00269 N00260	N00209-1 N00167-1 N00108-0 N00294-0 N00218-0 N00238-0 N00030-1
1701	U00171	11/12/2025 08:44:00 PM	N00112 N00060 N00083 N00290 N00297 N00133 N00155 N00179 N00275 N00086 N00175 N00220 N00099 N00076	N00159-1 N00067-0 N00220-1 N00165-0 N00082-0 N00240-0
1702	U00171	11/16/2025 04:19:00 AM	N00112 N00060 N00083 N00290 N00297 N00133 N00155 N00179 N00275 N00086 N00175 N00220 N00099 N00076	N00200-1 N00030-0 N00106-0 N00040-1 N00186-0 N00032-0
1703	U00171	11/12/2025 04:49:00 AM	N00112 N00060 N00083 N00290 N00297 N00133 N00155 N00179 N00275 N00086 N00175 N00220 N00099 N00076	N00153-1 N00062-0 N00030-0 N00042-0 N00245-1 N00086-1 N00142-0 N00053-1
1704	U00171	11/15/2025 03:33:00 AM	N00112 N00060 N00083 N00290 N00297 N00133 N00155 N00179 N00275 N00086 N00175 N00220 N00099 N00076	N00093-0 N00141-0 N00174-0 N00001-0 N00104-1 N00044-0 N00263-1
1705	U00171	11/15/2025 03:03:00 PM	N00112 N00060 N00083 N00290 N00297 N00133 N00155 N00179 N00275 N00086 N00175 N00220 N00099 N00076	N00288-0 N00030-0 N00103-0 N00075-0 N00126-0 N00175-0 N00010-0 N00119-0
1706	U00171	11/13/2025 04:26:00 AM	N00112 N00060 N00083 N00290 N00297 N00133 N00155 N00179 N00275 N00086 N00175 N00220 N00099 N00076	N00291-0 N00248-0 N00284-0 N00043-1 N00154-0 N00232-1 N00295-0
1707	U00171	11/15/2025 06:40:00 AM	N00112 N00060 N00083 N00290 N00297 N00133 N00155 N00179 N00275 N00086 N00175 N00220 N00099 N00076	N00018-1 N00032-1 N00030-0 N00171-1 N00240-1 N00105-0 N00167-0
1708	U00171	11/11/2025 11:10:00 PM	N00112 N00060 N00083 N00290 N00297 N00133 N00155 N00179 N00275 N00086 N00175 N00220 N00099 N00076	N00173-1 N00025-0 N00289-1 N00216-0 N00050-0 N00042-0 N00151-0 N00055-1 N00066-0
1709	U00171	11/10/2025 09:41:00 AM	N00112 N00060 N00083 N00290 N00297 N00133 N00155 N00179 N00275 N00086 N00175 N00220 N00099 N00076	N00107-0 N00157-0 N00100-0 N00183-1 N00050-0 N00069-0
1710	U00171	11/12/2025 12:45:00 AM	N00112 N00060 N00083 N00290 N00297 N00133 N00155 N00179 N00275 N00086 N00175 N00220 N00099 N00076	N00170-1 N00016-1 N00185-1 N00218-1 N00274-0 N00188-0 N00082-0
1711	U00172	11/14/2025 02:38:00 PM	N00046 N00035 N00023 N00071 N00238 N00265 N00195 N00070 N00030 N00285	N00214-0 N00217-0 N00087-0 N00015-0 N00245-0
1712	U00172	11/15/2025 04:24:00 AM	N00046 N00035 N00023 N00071 N00238 N00265 N00195 N00070 N00030 N00285	N00190-1 N00017-1 N00192-1 N00114-0 N00131-0
1713	U00172	11/11/2025 08:10:00 PM	N00046 N00035 N00023 N00071 N00238 N00265 N00195 N00070 N00030 N00285	N00293-1 N00199-0 N00219-0 N00041-0 N00221-1 N00238-1 N00006-0
1714	U00172	11/13/2025 04:15:00 AM	N00046 N00035 N00023 N00071 N00238 N00265 N00195 N00070 N00030 N00285	N00296-0 N00153-0 N00012-0 N00275-0 N00121-0 N00173-1 N00276-0 N00165-0
1715	U00172	11/16/2025 01:53:00 AM	N00046 N00035 N00023 N00071 N00238 N00265 N00195 N00070 N00030 N00285	N00053-0 N00036-0 N00120-0 N00250-0 N00022-0 N00173-0 N00181-0 N00205-1
1716	U00172	11/15/2025 02:39:00 AM	N00046 N00035 N00023 N00071 N00238 N00265 N00195 N00070 N00030 N00285	N00124-1 N00194-0 N00191-1 N00044-0 N00253-0
1717	U00172	11/11/2025 05:09:00 PM	N00046 N00035 N00023 N00071 N00238 N00265 N00195 N00070 N00030 N00285	N00191-1 N00071-0 N00028-0 N00266-0 N00204-0 N00245-0 N00125-1
1718	U00172	11/11/2025 12:22:00 AM	N00046 N00035 N00023 N00071 N00238 N00265 N00195 N00070 N00030 N00285	N00198-1 N00080-0 N00008-1 N00099-0
1719	U00172	11/14/2025 01:41:00 PM	N00046 N00035 N00023 N00071 N00238 N00265 N00195 N00070 N00030 N00285	N00013-0 N00083-0 N00159-1 N00187-0 N00266-0 N00182-0 N00223-0
1720	U00172	11/11/2025 12:52:00 AM	N00046 N00035 N00023 N00071 N00238 N00265 N00195 N00070 N00030 N00285	N00155-0 N00113-0 N00110-1 N00062-1 N00219-0 N00247-1 N00094-1
1721	U00173	11/16/2025 07:59:00 AM	N00288 N00091 N00170 N00224	N00213-0 N00091-1 N00205-0 N00208-0 N00269-0 N00189-0 N00170-0 N00227-0
1722	U00173	11/10/2025 09:08:00 AM	N00288 N00091 N00170 N00224	N00128-1 N00143-0 N00282-1 N00107-1 N00030-0 N00145-1
1723	U00173	11/16/2025 12:20:00 AM	N00288 N00091 N00170 N00224	N00067-1 N00009-1 N00153-0 N00225-0 N00208-0
1724	U00173	11/15/2025 05:19:00 PM	N00288 N00091 N00170 N00224	N00268-0 N00150-0 N00155-0 N00040-1 N00174-0 N00074-1 N00178-0 N00170-0 N00082-0
1725	U00173	11/14/2025 02:29:00 PM	N00288 N00091 N00170 N00224	N00115-0 N00143-1 N00266-1 N00074-0 N00161-0
1726	U00173	11/14/2025 10:47:00 AM	N00288 N00091 N00170 N00224	N00100-0 N00087-0 N00165-0 N00153-0 N00107-0 N00256-0 N00194-0 N00102-1
1727	U00173	11/12/2025 04:31:00 PM	N00288 N00091 N00170 N00224	N00288-0 N00287-0 N00226-1 N00277-1
1728	U00173	11/15/2025 05:48:00 AM	N00288 N00091 N00170 N00224	N00026-0 N00078-1 N00067-0 N00017-0 N00205-0 N00296-0 N00224-0
1729	U00173	11/10/2025 09:06:00 PM	N00288 N00091 N00170 N00224	N00231-0 N00224-0 N00004-0 N00163-0 N00053-0 N00078-0
1730	U00173	11/12/2025 01:48:00 AM	N00288 N00091 N00170 N00224	N00032-0 N00300-0 N00251-0 N00226-0 N00212-0 N00234-0 N00038-0 N00113-0
1731	U00174	11/12/2025 11:44:00 AM	N00289 N00197 N00007 N00210 N00016 N00205 N00021 N00264 N00161 N00285	N00123-0 N00176-1 N00052-1 N00191-1 N00224-0
1732	U00174	11/13/2025 10:37:00 AM	N00289 N00197 N00007 N00210 N00016 N00205 N00021 N00264 N00161 N00285	N00126-0 N00220-0 N00271-0 N00157-0
1733	U00174	11/14/2025 05:33:00 PM	N00289 N00197 N00007 N00210 N00016 N00205 N00021 N00264 N00161 N00285	N00166-1 N00156-0 N00024-0 N00127-0 N00277-1 N00086-0 N00215-0 N00056-1
1734	U00174	11/11/2025 08:07:00 AM	N00289 N00197 N00007 N00210 N00016 N00205 N00021 N00264 N00161 N00285	N00292-0 N00003-0 N00224-0 N00219-1 N00014-0 N00043-1 N00273-0
1735	U00174	11/15/2025 07:14:00 PM	N00289 N00197 N00007 N00210 N00016 N00205 N00021 N00264 N00161 N00285	N00017-1 N00150-0 N00004-0 N00130-1 N00076-0
1736	U00174	11/15/2025 05:10:00 PM	N00289 N00197 N00007 N00210 N00016 N00205 N00021 N00264 N00161 N00285	N00284-0 N00083-1 N00271-0 N00012-0 N00050-0 N00015-1 N00021-0 N00232-1
1737	U00174	11/15/2025 03:50:00 PM	N00289 N00197 N00007 N00210 N00016 N00205 N00021 N00264 N00161 N00285	N00287-0 N00096-0 N00149-0 N00004-0 N00056-0 N00260-0 N00061-0 N00189-0
1738	U00174	11/11/2025 06:06:00 AM	N00289 N00197 N00007 N00210 N00016 N00205 N00021 N00264 N00161 N00285	N00034-0 N00296-1 N00171-0 N00089-0 N00180-0
1739	U00174	11/13/2025 01:32:00 PM	N00289 N00197 N00007 N00210 N00016 N00205 N00021 N00264 N00161 N00285	N00017-1 N00218-0 N00142-0 N00189-0 N00120-0
1740	U00174	11/14/2025 04:01:00 PM	N00289 N00197 N00007 N00210 N00016 N00205 N00021 N00264 N00161 N00285	N00253-0 N00242-0 N00127-0 N00260-0 N00190-1 N00279-1 N00078-0
1741	U00175	11/15/2025 03:03:00 PM	N00276 N00272 N00286 N00259	N00028-0 N00051-1 N00026-0 N00178-0 N00279-0 N00037-1 N00105-1 N00052-1
1742	U00175	11/15/2025 10:20:00 AM	N00276 N00272 N00286 N00259	N00174-0 N00101-0 N00195-0 N00039-1 N00127-1 N00159-0
1743	U00175	11/12/2025 06:51:00 AM	N00276 N00272 N00286 N00259	N00262-0 N00114-1 N00130-0 N00300-1 N00180-0
1744	U00175	11/13/2025 07:54:00 AM	N00276 N00272 N00286 N00259	N00286-0 N00158-0 N00154-0 N00042-1 N00093-0 N00030-0 N00272-1 N00289-0
1745	U00175	11/12/2025 02:44:00 AM	N00276 N00272 N00286 N00259	N00008-0 N00131-0 N00226-0 N00236-1 N00283-0 N00048-0 N00106-1 N00127-0
1746	U00175	11/11/2025 08:42:00 AM	N00276 N00272 N00286 N00259	N00168-1 N00285-0 N00085-0 N00160-1
1747	U00175	11/13/2025 09:14:00 PM	N00276 N00272 N00286 N00259	N00006-1 N00111-1 N00174-0 N00141-0 N00089-0 N00171-1
1748	U00175	11/15/2025 06:31:00 PM	N00276 N00272 N00286 N00259	N00291-1 N00124-0 N00127-0 N00017-0 N00188-0 N00045-1
1749	U00175	11/14/2025 01:41:00 AM	N00276 N00272 N00286 N00259	N00181-0 N00021-0 N00202-0 N00140-0 N00215-1 N00197-0 N00234-1 N00167-1 N00166-1
1750	U00175	11/11/2025 02:20:00 AM	N00276 N00272 N00286 N00259	N00003-1 N00150-0 N00111-0 N00250-1 N00068-0 N00231-1
1751	U00176	11/12/2025 03:54:00 PM	N00089 N00245 N00210 N00008 N00046 N00296 N00261 N00193 N00195 N00238 N00275 N00084	N00207-0 N00231-0 N00029-1 N00105-0 N00205-1 N00164-0
1752	U00176	11/12/2025 05:08:00 PM	N00089 N00245 N00210 N00008 N00046 N00296 N00261 N00193 N00195 N00238 N00275 N00084	N00041-0 N00037-0 N00278-0 N00028-0 N00241-1 N00150-0 N00261-0 N00221-0
1753	U00176	11/14/2025 09:46:00 AM	N00089 N00245 N00210 N00008 N00046 N00296 N00261 N00193 N00195 N00238 N00275 N00084	N00198-0 N00296-1 N00122-1 N00203-0 N00165-0 N00149-1 N00271-0
1754	U00176	11/10/2025 02:49:00 PM	N00089 N00245 N00210 N00008 N00046 N00296 N00261 N00193 N00195 N00238 N00275 N00084	N00220-1 N00234-0 N00161-0 N00190-1 N00175-1
1755	U00176	11/11/2025 09:15:00 PM	N00089 N00245 N00210 N00008 N00046 N00296 N00261 N00193 N00195 N00238 N00275 N00084	N00270-0 N00259-0 N00165-1 N00192-1 N00205-0
1756	U00176	11/14/2025 10:35:00 AM	N00089 N00245 N00210 N00008 N00046 N00296 N00261 N00193 N00195 N00238 N00275 N00084	N00188-0 N00052-1 N00093-1 N00191-1 N00175-1
1757	U00176	11/16/2025 05:35:00 AM	N00089 N00245 N00210 N00008 N00046 N00296 N00261 N00193 N00195 N00238 N00275 N00084	N00063-0 N00200-0 N00029-1 N00296-1 N00163-0 N00044-1 N00193-1
1758	U00176	11/15/2025 01:17:00 PM	N00089 N00245 N00210 N00008 N00046 N00296 N00261 N00193 N00195 N00238 N00275 N00084	N00223-1 N00150-0 N00075-0 N00293-1 N00287-0 N00251-1 N00027-0 N00125-0 N00171-0
1759	U00176	11/15/2025 01:09:00 AM	N00089 N00245 N00210 N00008 N00046 N00296 N00261 N00193 N00195 N00238 N00275 N00084	N00017-0 N00231-0 N00215-0 N00221-0 N00265-0 N00020-0
1760	U00176	11/12/2025 10:20:00 AM	N00089 N00245 N00210 N00008 N00046 N00296 N00261 N00193 N00195 N00238 N00275 N00084	N00183-0 N00247-0 N00017-1 N00277-1 N00219-0 N00012-0 N00025-0 N00134-0
1761	U00177	11/15/2025 07:24:00 PM	N00155 N00172 N00201 N00256	N00137-1 N00056-0 N00228-0 N00213-0 N00275-1
1762	U00177	11/13/2025 07:30:00 AM	N00155 N00172 N00201 N00256	N00003-0 N00280-0 N00084-0 N00251-0 N00077-1 N00133-0 N00078-0
1763	U00177	11/15/2025 08:37:00 PM	N00155 N00172 N00201 N00256	N00188-0 N00249-0 N00068-0 N00227-0 N00085-0 N00295-1 N00035-0
1764	U00177	11/11/2025 11:50:00 AM	N00155 N00172 N00201 N00256	N00110-1 N00183-0 N00037-0 N00124-0 N00066-0 N00227-1 N00281-0
1765	U00177	11/12/2025 10:53:00 AM	N00155 N00172 N00201 N00256	N00101-0 N00032-0 N00001-0 N00153-1 N00072-1 N00077-0 N00206-0
1766	U00177	11/10/2025 05:28:00 PM	N00155 N00172 N00201 N00256	N00297-1 N00230-0 N00198-0 N00247-1 N00259-0 N00281-0 N00170-0 N00008-1 N00081-0
1767	U00177	11/15/2025 01:11:00 AM	N00155 N00172 N00201 N00256	N00141-0 N00119-0 N00110-0 N00214-0
1768	U00177	11/10/2025 08:12:00 PM	N00155 N00172 N00201 N00256	N00154-0 N00015-0 N00200-1 N00089-0
1769	U00177	11/11/2025 02:44:00 PM	N00155 N00172 N00201 N00256	N00055-0 N00057-0 N00264-0 N00113-0 N00226-0 N00197-1 N00149-0
1770	U00177	11/15/2025 11:24:00 AM	N00155 N00172 N00201 N00256	N00265-1 N00067-0 N00257-1 N00052-0 N00007-0 N00293-0
1771	U00178	11/15/2025 08:32:00 AM	N00112 N00110 N00244 N00064 N00263 N00083	N00292-0 N00165-0 N00020-0 N00257-1 N00288-0 N00286-0 N00034-1 N00069-0
1772	U00178	11/13/2025 12:57:00 PM	N00112 N00110 N00244 N00064 N00263 N00083	N00027-0 N00214-0 N00064-1 N00154-1 N00194-0 N00295-1 N00246-0
1773	U00178	11/15/2025 02:12:00 AM	N00112 N00110 N00244 N00064 N00263 N00083	N00253-1 N00030-0 N00018-0 N00156-0 N00181-0 N00028-0 N00256-0
1774	U00178	11/13/2025 10:06:00 PM	N00112 N00110 N00244 N00064 N00263 N00083	N00300-0 N00045-1 N00147-0 N00197-0 N00075-0 N00185-1 N00151-0
1775	U00178	11/14/2025 01:10:00 PM	N00112 N00110 N00244 N00064 N00263 N00083	N00029-1 N00139-0 N00215-0 N00053-1 N00192-1
1776	U00178	11/11/2025 09:38:00 PM	N00112 N00110 N00244 N00064 N00263 N00083	N00218-1 N00233-0 N00299-0 N00023-0 N00036-0 N00190-0
1777	U00178	11/12/2025 09:47:00 AM	N00112 N00110 N00244 N00064 N00263 N00083	N00148-1 N00056-0 N00090-0 N00156-0 N00219-0 N00158-1 N00093-0
1778	U00178	11/13/2025 07:33:00 AM	N00112 N00110 N00244 N00064 N00263 N00083	N00163-0 N00251-0 N00027-0 N00147-1 N00208-0
1779	U00178	11/10/2025 06:03:00 PM	N00112 N00110 N00244 N00064 N00263 N00083	N00011-0 N00217-0 N00185-1 N00044-0 N00122-0 N00230-0 N00083-0 N00233-1
1780	U00178	11/13/2025 04:54:00 PM	N00112 N00110 N00244 N00064 N00263 N00083	N00027-1 N00135-0 N00156-0 N00223-1 N00157-0 N00139-0
1781	U00179	11/13/2025 04:06:00 PM	N00002 N00008 N00099 N00147 N00271 N00257 N00235 N00060 N00265 N00200	N00214-0 N00103-1 N00001-0 N00083-1
1782	U00179	11/15/2025 05:37:00 AM	N00002 N00008 N00099 N00147 N00271 N00257 N00235 N00060 N00265 N00200	N00159-0 N00142-0 N00043-0 N00145-0 N00096-0 N00136-0 N00202-1 N00002-0
1783	U00179	11/13/2025 02:25:00 PM	N00002 N00008 N00099 N00147 N00271 N00257 N00235 N00060 N00265 N00200	N00111-1 N00206-1 N00101-0 N00016-0 N00254-0
1784	U00179	11/14/2025 03:48:00 PM	N00002 N00008 N00099 N00147 N00271 N00257 N00235 N00060 N00265 N00200	N00139-1 N00093-0 N00236-0 N00018-1 N00263-1 N00137-0 N00164-1
1785	U00179	11/10/2025 04:39:00 PM	N00002 N00008 N00099 N00147 N00271 N00257 N00235 N00060 N00265 N00200	N00233-1 N00201-1 N00285-0 N00194-0 N00107-0 N00016-0 N00227-0 N00267-0 N00078-0
1786	U00179	11/13/2025 11:49:00 AM	N00002 N00008 N00099 N00147 N00271 N00257 N00235 N00060 N00265 N00200	N00097-0 N00265-1 N00130-0 N00205-1 N00009-1
1787	U00179	11/15/2025 11:56:00 PM	N00002 N00008 N00099 N00147 N00271 N00257 N00235 N00060 N00265 N00200	N00164-0 N00062-0 N00183-1 N00082-0 N00281-0 N00012-0 N00189-0 N00173-1
1788	U00179	11/13/2025 03:19:00 PM	N00002 N00008 N00099 N00147 N00271 N00257 N00235 N00060 N00265 N00200	N00034-1 N00175-0 N00212-0 N00127-0
1789	U00179	11/14/2025 06:10:00 AM	N00002 N00008 N00099 N00147 N00271 N00257 N00235 N00060 N00265 N00200	N00106-1 N00089-0 N00063-0 N00265-0 N00044-0 N00140-0
1790	U00179	11/12/2025 11:46:00 AM	N00002 N00008 N00099 N00147 N00271 N00257 N00235 N00060 N00265 N00200	N00186-0 N00143-0 N00281-0 N00103-1 N00275-1 N00074-0 N00195-1 N00233-0
1791	U00180	11/16/2025 07:17:00 AM	N00087 N00209 N00073 N00194 N00234 N00231 N00001 N00032	N00023-0 N00094-0 N00291-0 N00270-1 N00020-0 N00061-0 N00050-0
1792	U00180	11/12/2025 12:29:00 PM	N00087 N00209 N00073 N00194 N00234 N00231 N00001 N00032	N00191-0 N00296-0 N00184-1 N00285-0 N00127-1 N00225-0
1793	U00180	11/15/2025 07:32:00 PM	N00087 N00209 N00073 N00194 N00234 N00231 N00001 N00032	N00043-0 N00186-0 N00026-0 N00126-0 N00279-0 N00042-0
1794	U00180	11/11/2025 04:06:00 AM	N00087 N00209 N00073 N00194 N00234 N00231 N00001 N00032	N00203-0 N00137-0 N00026-0 N00006-1 N00064-0 N00160-1 N00098-0
1795	U00180	11/13/2025 11:09:00 AM	N00087 N00209 N00073 N00194 N00234 N00231 N00001 N00032	N00159-0 N00079-1 N00005-1 N00007-0 N00085-0 N00130-0 N00010-1 N00296-0
1796	U00180	11/11/2025 10:02:00 PM	N00087 N00209 N00073 N00194 N00234 N00231 N00001 N00032	N00091-0 N00169-1 N00154-0 N00029-0 N00231-1 N00252-0
1797	U00180	11/14/2025 12:10:00 AM	N00087 N00209 N00073 N00194 N00234 N00231 N00001 N00032	N00014-1 N00152-0 N00146-1 N00005-1 N00196-1 N00153-0
1798	U00180	11/13/2025 03:05:00 PM	N00087 N00209 N00073 N00194 N00234 N00231 N00001 N00032	N00260-1 N00266-0 N00239-0 N00285-0 N00024-0
1799	U00180	11/11/2025 04:10:00 PM	N00087 N00209 N00073 N00194 N00234 N00231 N00001 N00032	N00114-0 N00088-1 N00199-0 N00204-1 N00133-0 N00291-1
1800	U00180	11/12/2025 10:14:00 PM	N00087 N00209 N00073 N00194 N00234 N00231 N00001 N00032	N00160-1 N00174-0 N00273-1 N00219-0
1801	U00181	11/14/2025 11:56:00 PM	N00004 N00134 N00143 N00224 N00299 N00282 N00074 N00246 N00009 N00097 N00085	N00085-1 N00038-1 N00110-0 N00065-1 N00192-0 N00205-0 N00257-1
1802	U00181	11/14/2025 10:44:00 PM	N00004 N00134 N00143 N00224 N00299 N00282 N00074 N00246 N00009 N00097 N00085	N00214-0 N00201-0 N00153-0 N00288-0 N00085-1
1803	U00181	11/15/2025 08:42:00 AM	N00004 N00134 N00143 N00224 N00299 N00282 N00074 N00246 N00009 N00097 N00085	N00248-0 N00163-0 N00074-1 N00178-1 N00054-1 N00068-1 N00124-0
1804	U00181	11/12/2025 10:02:00 PM	N00004 N00134 N00143 N00224 N00299 N00282 N00074 N00246 N00009 N00097 N00085	N00106-1 N00040-0 N00097-0 N00004-0 N00246-1 N00064-0
1805	U00181	11/13/2025 01:42:00 AM	N00004 N00134 N00143 N00224 N00299 N00282 N00074 N00246 N00009 N00097 N00085	N00226-1 N00048-0 N00165-0 N00287-1 N00152-1 N00065-1
1806	U00181	11/11/2025 05:45:00 PM	N00004 N00134 N00143 N00224 N00299 N00282 N00074 N00246 N00009 N00097 N00085	N00020-0 N00203-0 N00029-1 N00068-1 N00274-1 N00225-0
1807	U00181	11/10/2025 11:26:00 AM	N00004 N00134 N00143 N00224 N00299 N00282 N00074 N00246 N00009 N00097 N00085	N00046-0 N00083-0 N00009-1 N00282-1 N00102-1 N00170-0 N00255-0 N00103-0 N00176-0
1808	U00181	11/13/2025 02:57:00 AM	N00004 N00134 N00143 N00224 N00299 N00282 N00074 N00246 N00009 N00097 N00085	N00001-0 N00003-0 N00031-0 N00150-0 N00075-0 N00093-0 N00299-1 N00158-0
1809	U00181	11/15/2025 04:06:00 AM	N00004 N00134 N00143 N00224 N00299 N00282 N00074 N00246 N00009 N00097 N00085	N00035-0 N00282-1 N00100-1 N00206-1
1810	U00181	11/13/2025 12:56:00 PM	N00004 N00134 N00143 N00224 N00299 N00282 N00074 N00246 N00009 N00097 N00085	N00278-0 N00289-0 N00092-0 N00009-0 N00065-1 N00085-1 N00090-1 N00164-0
1811	U00182	11/15/2025 11:32:00 PM	N00107 N00226 N00085 N00091 N00102 N00020 N00090 N00143 N00065 N00299 N00170 N00214 N00188 N00031 N00113	N00282-0 N00226-0 N00256-0 N00230-0 N00266-1 N00110-0 N00048-1 N00010-0
1812	U00182	11/12/2025 03:57:00 PM	N00107 N00226 N00085 N00091 N00102 N00020 N00090 N00143 N00065 N00299 N00170 N00214 N00188 N00031 N00113	N00088-0 N00299-1 N00203-0 N00266-1 N00206-0
1813	U00182	11/10/2025 09:08:00 PM	N00107 N00226 N00085 N00091 N00102 N00020 N00090 N00143 N00065 N00299 N00170 N00214 N00188 N00031 N00113	N00158-0 N00268-0 N00174-1 N00143-1 N00065-0 N00009-0 N00138-0 N00162-0
1814	U00182	11/16/2025 07:27:00 AM	N00107 N00226 N00085 N00091 N00102 N00020 N00090 N00143 N00065 N00299 N00170 N00214 N00188 N00031 N00113	N00284-1 N00277-0 N00095-1 N00178-0 N00224-1
1815	U00182	11/12/2025 07:29:00 AM	N00107 N00226 N00085 N00091 N00102 N00020 N00090 N00143 N00065 N00299 N00170 N00214 N00188 N00031 N00113	N00277-0 N00266-1 N00165-0 N00009-0 N00038-1 N00263-0 N00280-0
1816	U00182	11/13/2025 11:28:00 PM	N00107 N00226 N00085 N00091 N00102 N00020 N00090 N00143 N00065 N00299 N00170 N00214 N00188 N00031 N00113	N00095-1 N00263-0 N00105-0 N00217-0 N00203-1 N00029-0 N00208-1
1817	U00182	11/12/2025 02:52:00 AM	N00107 N00226 N00085 N00091 N00102 N00020 N00090 N00143 N00065 N00299 N00170 N00214 N00188 N00031 N00113	N00266-1 N00199-0 N00226-0 N00272-0 N00011-0 N00174-0 N00102-1 N00112-0
1818	U00182	11/16/2025 04:03:00 AM	N00107 N00226 N00085 N00091 N00102 N00020 N00090 N00143 N00065 N00299 N00170 N00214 N00188 N00031 N00113	N00170-1 N00102-0 N00050-0 N00279-0 N00176-0 N00249-0
1819	U00182	11/10/2025 03:55:00 PM	N00107 N00226 N00085 N00091 N00102 N00020 N00090 N00143 N00065 N00299 N00170 N00214 N00188 N00031 N00113	N00041-0 N00201-0 N00065-0 N00100-1 N00259-0 N00069-0 N00107-0 N00288-1
1820	U00182	11/12/2025 05:49:00 PM	N00107 N00226 N00085 N00091 N00102 N00020 N00090 N00143 N00065 N00299 N00170 N00214 N00188 N00031 N00113	N00013-0 N00214-0 N00096-0 N00282-1 N00038-1 N00082-0 N00026-0 N00076-0 N00208-0
1821	U00183	11/11/2025 04:10:00 PM	N00165 N00188 N00040 N00004 N00226 N00274 N00246 N00095 N00107 N00075 N00224 N00134 N00091	N00209-0 N00165-1 N00214-1 N00100-0 N00078-0 N00288-0 N00251-0
1822	U00183	11/12/2025 02:48:00 PM	N00165 N00188 N00040 N00004 N00226 N00274 N00246 N00095 N00107 N00075 N00224 N00134 N00091	N00273-0 N00090-0 N00264-0 N00178-0 N00285-0 N00223-0
1823	U00183	11/10/2025 08:19:00 AM	N00165 N00188 N00040 N00004 N00226 N00274 N00246 N00095 N00107 N00075 N00224 N00134 N00091	N00004-0 N00095-1 N00116-0 N00299-1 N00018-0 N00277-0 N00281-0 N00038-1 N00046-0
1824	U00183	11/15/2025 10:29:00 AM	N00165 N00188 N00040 N00004 N00226 N00274 N00246 N00095 N00107 N00075 N00224 N00134 N00091	N00233-0 N00100-1 N00220-0 N00090-0 N00251-0
1825	U00183	11/14/2025 07:45:00 PM	N00165 N00188 N00040 N00004 N00226 N00274 N00246 N00095 N00107 N00075 N00224 N00134 N00091	N00266-0 N00289-0 N00128-1 N00228-0 N00107-0 N00263-0
1826	U00183	11/13/2025 08:17:00 PM	N00165 N00188 N00040 N00004 N00226 N00274 N00246 N00095 N00107 N00075 N00224 N00134 N00091	N00031-1 N00075-0 N00159-0 N00127-0 N00146-0 N00038-0 N00063-0 N00158-0 N00241-0
1827	U00183	11/10/2025 09:41:00 AM	N00165 N00188 N00040 N00004 N00226 N00274 N00246 N00095 N00107 N00075 N00224 N00134 N00091	N00047-0 N00215-0 N00067-0 N00158-0 N00048-1 N00033-0
1828	U00183	11/14/2025 11:05:00 AM	N00165 N00188 N00040 N00004 N00226 N00274 N00246 N00095 N00107 N00075 N00224 N00134 N00091	N00085-1 N00218-0 N00101-0 N00151-0 N00214-1 N00247-0
1829	U00183	11/10/2025 11:05:00 PM	N00165 N00188 N00040 N00004 N00226 N00274 N00246 N00095 N00107 N00075 N00224 N00134 N00091	N00177-0 N00196-0 N00006-0 N00116-1 N00040-0 N00281-0 N00299-1
1830	U00183	11/11/2025 09:48:00 PM	N00165 N00188 N00040 N00004 N00226 N00274 N00246 N00095 N00107 N00075 N00224 N00134 N00091	N00214-0 N00143-0 N00051-0 N00031-0 N00162-0 N00042-0 N00082-0 N00224-1
1831	U00184	11/11/2025 08:50:00 AM	N00108 N00199 N00080 N00243 N00105 N00045 N00186 N00012 N00005	N00239-1 N00250-1 N00285-0 N00071-0 N00087-1 N00240-0 N00116-0
1832	U00184	11/12/2025 11:10:00 PM	N00108 N00199 N00080 N00243 N00105 N00045 N00186 N00012 N00005	N00103-0 N00268-1 N00143-0 N00047-0 N00159-0 N00229-0 N00194-1
1833	U00184	11/14/2025 09:59:00 AM	N00108 N00199 N00080 N00243 N00105 N00045 N00186 N00012 N00005	N00268-0 N00137-0 N00231-0 N00299-0 N00229-1 N00242-1 N00015-0 N00287-1 N00134-0
1834	U00184	11/14/2025 02:28:00 PM	N00108 N00199 N00080 N00243 N00105 N00045 N00186 N00012 N00005	N00273-0 N00131-1 N00251-0 N00151-0 N00111-1 N00132-0 N00286-0 N00095-0 N00283-0
1835	U00184	11/14/2025 11:39:00 AM	N00108 N00199 N00080 N00243 N00105 N00045 N00186 N00012 N00005	N00001-1 N00086-0 N00083-1 N00128-1 N00191-0 N00110-0
1836	U00184	11/12/2025 11:08:00 PM	N00108 N00199 N00080 N00243 N00105 N00045 N00186 N00012 N00005	N00221-0 N00171-1 N00166-0 N00146-0 N00042-1
1837	U00184	11/15/2025 01:48:00 AM	N00108 N00199 N00080 N00243 N00105 N00045 N00186 N00012 N00005	N00125-0 N00173-0 N00035-0 N00082-0 N00138-1 N00112-0 N00191-0 N00105-0
1838	U00184	11/12/2025 10:07:00 PM	N00108 N00199 N00080 N00243 N00105 N00045 N00186 N00012 N00005	N00267-0 N00212-0 N00162-0 N00241-1
1839	U00184	11/13/2025 03:54:00 PM	N00108 N00199 N00080 N00243 N00105 N00045 N00186 N00012 N00005	N00042-1 N00177-1 N00188-0 N00104-0 N00128-0 N00253-0 N00190-0 N00093-0
1840	U00184	11/15/2025 12:30:00 AM	N00108 N00199 N00080 N00243 N00105 N00045 N00186 N00012 N00005	N00186-0 N00294-0 N00212-0 N00052-0 N00047-1 N00088-0 N00127-1
1841	U00185	11/12/2025 05:47:00 AM	N00282 N00031 N00299 N00090 N00097 N00102 N00075 N00100 N00088	N00085-1 N00034-0 N00065-0 N00090-1 N00151-0
1842	U00185	11/13/2025 02:42:00 AM	N00282 N00031 N00299 N00090 N00097 N00102 N00075 N00100 N00088	N00072-0 N00165-0 N00074-1 N00282-1 N00226-0 N00118-0
1843	U00185	11/15/2025 11:12:00 PM	N00282 N00031 N00299 N00090 N00097 N00102 N00075 N00100 N00088	N00136-0 N00028-1 N00288-1 N00258-1 N00269-0 N00091-1 N00277-0 N00151-0
1844	U00185	11/13/2025 05:02:00 AM	N00282 N00031 N00299 N00090 N00097 N00102 N00075 N00100 N00088	N00011-0 N00299-1 N00074-1 N00165-1 N00050-0 N00016-0
1845	U00185	11/11/2025 08:21:00 AM	N00282 N00031 N00299 N00090 N00097 N00102 N00075 N00100 N00088	N00178-0 N00270-0 N00038-1 N00224-0 N00261-0 N00072-0 N00134-1 N00042-1
1846	U00185	11/15/2025 05:32:00 AM	N00282 N00031 N00299 N00090 N00097 N00102 N00075 N00100 N00088	N00224-1 N00125-0 N00002-1 N00113-1 N00107-0
1847	U00185	11/12/2025 09:49:00 AM	N00282 N00031 N00299 N00090 N00097 N00102 N00075 N00100 N00088	N00085-1 N00134-1 N00038-1 N00027-0 N00243-0
1848	U00185	11/13/2025 08:52:00 AM	N00282 N00031 N00299 N00090 N00097 N00102 N00075 N00100 N00088	N00175-0 N00265-0 N00246-1 N00138-0 N00113-0 N00098-0 N00068-0
1849	U00185	11/14/2025 07:33:00 PM	N00282 N00031 N00299 N00090 N00097 N00102 N00075 N00100 N00088	N00159-0 N00170-1 N00295-0 N00274-1
1850	U00185	11/15/2025 09:02:00 PM	N00282 N00031 N00299 N00090 N00097 N00102 N00075 N00100 N00088	N00264-0 N00149-1 N00176-1 N00213-0 N00134-0 N00214-0 N00197-0 N00143-0
1851	U00186	11/11/2025 02:21:00 PM	N00266 N00107 N00246 N00188	N00013-0 N00027-0 N00214-0 N00096-0 N00067-1 N00175-0 N00143-1
1852	U00186	11/15/2025 11:27:00 AM	N00266 N00107 N00246 N00188	N00158-1 N00054-0 N00258-1 N00038-1 N00143-0 N00113-1
1853	U00186	11/12/2025 09:41:00 AM	N00266 N00107 N00246 N00188	N00065-0 N00230-0 N00165-0 N00214-0 N00187-0 N00009-1 N00023-0
1854	U00186	11/15/2025 08:13:00 PM	N00266 N00107 N00246 N00188	N00100-1 N00217-0 N00184-0 N00065-1 N00165-0 N00105-0 N00224-1
1855	U00186	11/16/2025 03:40:00 AM	N00266 N00107 N00246 N00188	N00159-0 N00213-0 N00091-1 N00020-0 N00024-1 N00021-0 N00299-0 N00165-1 N00131-0
1856	U00186	11/10/2025 11:52:00 PM	N00266 N00107 N00246 N00188	N00061-0 N00170-1 N00138-0 N00165-1
1857	U00186	11/10/2025 11:24:00 AM	N00266 N00107 N00246 N00188	N00221-0 N00142-0 N00096-0 N00259-0 N00158-0 N00170-1 N00095-0
1858	U00186	11/14/2025 07:59:00 PM	N00266 N00107 N00246 N00188	N00143-0 N00297-1 N00267-0 N00036-0 N00097-1 N00023-0 N00224-0
1859	U00186	11/12/2025 04:28:00 PM	N00266 N00107 N00246 N00188	N00020-0 N00113-0 N00117-0 N00062-0 N00221-0 N00161-0 N00160-0
1860	U00186	11/14/2025 11:53:00 AM	N00266 N00107 N00246 N00188	N00155-0 N00082-0 N00298-0 N00254-0 N00020-1 N00286-0 N00274-1
1861	U00187	11/10/2025 01:27:00 PM	N00185 N00195 N00094 N00202 N00007 N00175 N00263 N00179	N00244-1 N00126-0 N00138-0 N00133-0 N00111-1 N00187-1
1862	U00187	11/11/2025 06:23:00 AM	N00185 N00195 N00094 N00202 N00007 N00175 N00263 N00179	N00138-0 N00107-0 N00018-0 N00192-1 N00110-1
1863	U00187	11/13/2025 04:56:00 AM	N00185 N00195 N00094 N00202 N00007 N00175 N00263 N00179	N00188-0 N00056-0 N00221-1 N00008-1 N00029-0 N00018-1 N00112-1
1864	U00187	11/13/2025 03:15:00 PM	N00185 N00195 N00094 N00202 N00007 N00175 N00263 N00179	N00115-0 N00014-1 N00171-0 N00098-0 N00177-0 N00168-0 N00283-1
1865	U00187	11/14/2025 05:17:00 PM	N00185 N00195 N00094 N00202 N00007 N00175 N00263 N00179	N00277-0 N00131-0 N00135-0 N00194-0 N00251-0 N00064-1 N00295-1
1866	U00187	11/14/2025 04:32:00 AM	N00185 N00195 N00094 N00202 N00007 N00175 N00263 N00179	N00158-0 N00030-0 N00045-0 N00034-0 N00133-0
1867	U00187	11/14/2025 03:12:00 PM	N00185 N00195 N00094 N00202 N00007 N00175 N00263 N00179	N00206-1 N00285-0 N00264-0 N00182-1
1868	U00187	11/11/2025 09:08:00 PM	N00185 N00195 N00094 N00202 N00007 N00175 N00263 N00179	N00148-1 N00053-1 N00094-0 N00147-0 N00210-0 N00273-0
1869	U00187	11/10/2025 07:31:00 PM	N00185 N00195 N00094 N00202 N00007 N00175 N00263 N00179	N00123-0 N00076-1 N00296-1 N00032-1 N00229-0 N00009-0
1870	U00187	11/14/2025 04:11:00 AM	N00185 N00195 N00094 N00202 N00007 N00175 N00263 N00179	N00054-0 N00048-0 N00237-0 N00089-0 N00049-1 N00251-1
1871	U00188	11/14/2025 11:59:00 PM	N00054 N00243 N00042 N00139	N00027-1 N00109-0 N00209-1 N00139-1 N00206-0 N00284-0
1872	U00188	11/11/2025 09:35:00 PM	N00054 N00243 N00042 N00139	N00266-0 N00048-0 N00105-1 N00110-1 N00019-0 N00272-0 N00065-0
1873	U00188	11/10/2025 09:21:00 AM	N00054 N00243 N00042 N00139	N00284-1 N00123-1 N00004-0 N00022-1 N00248-0 N00258-1 N00260-0 N00071-0 N00190-0
1874	U00188	11/14/2025 10:42:00 PM	N00054 N00243 N00042 N00139	N00239-1 N00013-0 N00046-0 N00177-1 N00243-1 N00232-0 N00111-0
1875	U00188	11/10/2025 09:30:00 AM	N00054 N00243 N00042 N00139	N00229-0 N00236-0 N00155-0 N00298-1 N00194-0 N00159-0 N00086-0
1876	U00188	11/12/2025 09:00:00 AM	N00054 N00243 N00042 N00139	N00048-0 N00226-0 N00139-1 N00039-0 N00294-0 N00023-0 N00234-1 N00013-1 N00075-0
1877	U00188	11/13/2025 08:05:00 AM	N00054 N00243 N00042 N00139	N00128-0 N00067-0 N00172-0 N00243-0 N00152-1 N00001-1 N00070-0
1878	U00188	11/11/2025 01:09:00 AM	N00054 N00243 N00042 N00139	N00187-0 N00043-0 N00001-1 N00033-0
1879	U00188	11/11/2025 03:42:00 AM	N00054 N00243 N00042 N00139	N00007-0 N00282-0 N00012-1 N00054-1 N00087-1 N00129-1 N00133-0 N00004-0
1880	U00188	11/10/2025 12:45:00 PM	N00054 N00243 N00042 N00139	N00161-0 N00130-0 N00297-0 N00023-0 N00073-1 N00042-1 N00154-1
1881	U00189	11/15/2025 11:55:00 PM	N00049 N00240 N00133 N00111 N00098	N00195-1 N00265-0 N00289-1 N00220-0 N00062-1 N00157-0 N00134-0 N00045-1 N00122-0
1882	U00189	11/14/2025 05:23:00 PM	N00049 N00240 N00133 N00111 N00098	N00145-0 N00267-0 N00079-0 N00008-0 N00064-1 N00176-1 N00030-0 N00288-0
1883	U00189	11/10/2025 02:16:00 PM	N00049 N00240 N00133 N00111 N00098	N00037-1 N00289-1 N00182-0 N00196-1
1884	U00189	11/11/2025 05:08:00 AM	N00049 N00240 N00133 N00111 N00098	N00147-0 N00076-0 N00208-0 N00264-0 N00077-0 N00249-0
1885	U00189	11/10/2025 08:04:00 AM	N00049 N00240 N00133 N00111 N00098	N00123-0 N00115-0 N00182-0 N00192-1 N00248-1 N00275-1
1886	U00189	11/13/2025 06:11:00 AM	N00049 N00240 N00133 N00111 N00098	N00019-0 N00156-1 N00094-1 N00115-0 N00123-1
1887	U00189	11/13/2025 05:08:00 PM	N00049 N00240 N00133 N00111 N00098	N00055-0 N00101-0 N00159-0 N00297-1 N00069-1 N00289-1
1888	U00189	11/13/2025 05:27:00 PM	N00049 N00240 N00133 N00111 N00098	N00293-0 N00263-1 N00107-1 N00039-0 N00133-1 N00151-0 N00169-0
1889	U00189	11/12/2025 04:43:00 AM	N00049 N00240 N00133 N00111 N00098	N00298-0 N00289-0 N00153-1 N00249-0 N00256-1 N00270-0 N00040-0 N00005-0
1890	U00189	11/10/2025 04:06:00 PM	N00049 N00240 N00133 N00111 N00098	N00092-0 N00093-0 N00173-1 N00046-1 N00187-0 N00183-1 N00197-0 N00120-0
1891	U00190	11/14/2025 08:35:00 PM	N00214 N00107 N00028 N00095 N00004 N00088 N00299 N00009 N00020 N00208 N00143 N00282 N00274 N00074	N00074-1 N00197-0 N00009-1 N00210-0 N00212-0 N00097-0 N00013-0 N00134-1 N00019-0
1892	U00190	11/15/2025 11:05:00 AM	N00214 N00107 N00028 N00095 N00004 N00088 N00299 N00009 N00020 N00208 N00143 N00282 N00274 N00074	N00235-0 N00158-0 N00287-1 N00016-0 N00020-1 N00033-0 N00097-1 N00075-1
1893	U00190	11/13/2025 11:08:00 PM	N00214 N00107 N00028 N00095 N00004 N00088 N00299 N00009 N00020 N00208 N00143 N00282 N00274 N00074	N00088-0 N00076-0 N00134-1 N00246-1 N00254-0
1894	U00190	11/14/2025 04:45:00 AM	N00214 N00107 N00028 N00095 N00004 N00088 N00299 N00009 N00020 N00208 N00143 N00282 N00274 N00074	N00290-0 N00144-1 N00289-0 N00067-1 N00085-0 N00107-0
1895	U00190	11/12/2025 11:23:00 AM	N00214 N00107 N00028 N00095 N00004 N00088 N00299 N00009 N00020 N00208 N00143 N00282 N00274 N00074	N00067-1 N00031-0 N00100-1 N00113-1 N00030-0 N00082-0 N00139-0 N00002-0 N00198-0
1896	U00190	11/15/2025 10:08:00 AM	N00214 N00107 N00028 N00095 N00004 N00088 N00299 N00009 N00020 N00208 N00143 N00282 N00274 N00074	N00107-1 N00147-0 N00040-0 N00061-1 N00038-0 N00091-1 N00045-0
1897	U00190	11/14/2025 05:45:00 PM	N00214 N00107 N00028 N00095 N00004 N00088 N00299 N00009 N00020 N00208 N00143 N00282 N00274 N00074	N00065-0 N00088-0 N00109-0 N00075-0 N00140-0 N00074-0
1898	U00190	11/12/2025 02:37:00 PM	N00214 N00107 N00028 N00095 N00004 N00088 N00299 N00009 N00020 N00208 N00143 N00282 N00274 N00074	N00128-0 N00211-1 N00214-0 N00004-0 N00260-0
1899	U00190	11/14/2025 04:03:00 AM	N00214 N00107 N00028 N00095 N00004 N00088 N00299 N00009 N00020 N00208 N00143 N00282 N00274 N00074	N00031-1 N00188-0 N00063-0 N00299-0 N00088-1 N00222-1
1900	U00190	11/14/2025 04:17:00 AM	N00214 N00107 N00028 N00095 N00004 N00088 N00299 N00009 N00020 N00208 N00143 N00282 N00274 N00074	N00040-1 N00090-1 N00037-0 N00153-1 N00129-0 N00048-0 N00266-1 N00263-0 N00138-0
1901	U00191	11/12/2025 02:41:00 AM	N00148 N00265 N00070 N00225 N00101 N00103 N00026 N00149	N00104-0 N00044-1 N00201-1 N00251-1 N00280-0 N00106-1 N00122-0
1902	U00191	11/11/2025 02:47:00 PM	N00148 N00265 N00070 N00225 N00101 N00103 N00026 N00149	N00258-1 N00152-0 N00023-1 N00293-1 N00153-1 N00025-0 N00183-0
1903	U00191	11/12/2025 06:47:00 PM	N00148 N00265 N00070 N00225 N00101 N00103 N00026 N00149	N00181-0 N00198-1 N00080-0 N00174-1
1904	U00191	11/13/2025 08:49:00 AM	N00148 N00265 N00070 N00225 N00101 N00103 N00026 N00149	N00082-0 N00247-0 N00164-1 N00195-1 N00153-1 N00010-0 N00039-0
1905	U00191	11/12/2025 10:44:00 PM	N00148 N00265 N00070 N00225 N00101 N00103 N00026 N00149	N00102-0 N00092-0 N00232-0 N00178-0 N00149-1 N00035-0
1906	U00191	11/13/2025 10:39:00 PM	N00148 N00265 N00070 N00225 N00101 N00103 N00026 N00149	N00142-0 N00280-0 N00026-0 N00049-1 N00286-0 N00115-1
1907	U00191	11/15/2025 03:48:00 AM	N00148 N00265 N00070 N00225 N00101 N00103 N00026 N00149	N00120-0 N00251-0 N00035-1 N00217-1 N00270-0 N00284-0 N00165-0
1908	U00191	11/10/2025 07:59:00 PM	N00148 N00265 N00070 N00225 N00101 N00103 N00026 N00149	N00020-1 N00017-0 N00211-0 N00217-0 N00068-0 N00021-1 N00300-0 N00072-1
1909	U00191	11/16/2025 01:03:00 AM	N00148 N00265 N00070 N00225 N00101 N00103 N00026 N00149	N00164-1 N00158-0 N00097-1 N00023-0 N00102-0 N00299-0 N00052-0 N00300-0
1910	U00191	11/11/2025 05:46:00 PM	N00148 N00265 N00070 N00225 N00101 N00103 N00026 N00149	N00268-1 N00107-0 N00218-0 N00231-0 N00144-0 N00207-0 N00016-1 N00005-0 N00279-1
1911	U00192	11/10/2025 06:01:00 PM	N00134 N00075 N00143 N00028 N00048 N00282 N00113 N00009 N00067 N00266	N00224-0 N00095-0 N00031-0 N00167-1 N00256-1
1912	U00192	11/11/2025 01:44:00 PM	N00134 N00075 N00143 N00028 N00048 N00282 N00113 N00009 N00067 N00266	N00239-0 N00208-1 N00278-0 N00288-1
1913	U00192	11/12/2025 04:24:00 PM	N00134 N00075 N00143 N00028 N00048 N00282 N00113 N00009 N00067 N00266	N00115-0 N00153-0 N00140-0 N00299-0 N00052-0 N00100-0 N00186-0 N00143-0 N00226-1
1914	U00192	11/15/2025 06:36:00 PM	N00134 N00075 N00143 N00028 N00048 N00282 N00113 N00009 N00067 N00266	N00187-0 N00102-0 N00246-1 N00003-0 N00185-0 N00013-0
1915	U00192	11/14/2025 11:35:00 PM	N00134 N00075 N00143 N00028 N00048 N00282 N00113 N00009 N00067 N00266	N00237-0 N00155-1 N00277-0 N00091-1 N00249-0 N00281-0 N00214-1
1916	U00192	11/15/2025 02:28:00 AM	N00134 N00075 N00143 N00028 N00048 N00282 N00113 N00009 N00067 N00266	N00050-0 N00178-1 N00120-0 N00072-0 N00208-0 N00218-0 N00035-0 N00165-0
1917	U00192	11/13/2025 06:36:00 PM	N00134 N00075 N00143 N00028 N00048 N00282 N00113 N00009 N00067 N00266	N00131-0 N00178-0 N00143-1 N00247-0
1918	U00192	11/10/2025 04:02:00 PM	N00134 N00075 N00143 N00028 N00048 N00282 N00113 N00009 N00067 N00266	N00218-0 N00028-1 N00052-0 N00208-0 N00216-0 N00220-0 N00065-0 N00012-0
1919	U00192	11/14/2025 04:22:00 PM	N00134 N00075 N00143 N00028 N00048 N00282 N00113 N00009 N00067 N00266	N00130-0 N00166-0 N00148-0 N00203-0 N00170-0 N00214-1 N00158-1
1920	U00192	11/16/2025 06:49:00 AM	N00134 N00075 N00143 N00028 N00048 N00282 N00113 N00009 N00067 N00266	N00036-0 N00197-0 N00158-0 N00293-1 N00298-0 N00282-0 N00166-0
1921	U00193	11/12/2025 06:23:00 AM	N00080 N00123 N00171 N00239 N00129 N00281 N00267 N00207	N00154-0 N00042-0 N00138-1 N00040-0
1922	U00193	11/11/2025 04:31:00 PM	N00080 N00123 N00171 N00239 N00129 N00281 N00267 N00207	N00076-0 N00114-1 N00207-1 N00027-1 N00046-0 N00230-0 N00151-0
1923	U00193	11/14/2025 12:03:00 AM	N00080 N00123 N00171 N00239 N00129 N00281 N00267 N00207	N00042-0 N00265-0 N00014-0 N00025-0 N00152-1 N00020-0
1924	U00193	11/14/2025 02:55:00 AM	N00080 N00123 N00171 N00239 N00129 N00281 N00267 N00207	N00250-1 N00038-0 N00106-0 N00204-1 N00146-0 N00218-1 N00237-1
1925	U00193	11/11/2025 01:09:00 AM	N00080 N00123 N00171 N00239 N00129 N00281 N00267 N00207	N00005-0 N00033-0 N00142-0 N00036-0 N00232-0 N00073-0 N00137-0 N00129-1 N00184-0
1926	U00193	11/15/2025 11:22:00 PM	N00080 N00123 N00171 N00239 N00129 N00281 N00267 N00207	N00187-1 N00216-0 N00118-1 N00095-0 N00150-0 N00051-0 N00066-1 N00289-0
1927	U00193	11/11/2025 10:25:00 AM	N00080 N00123 N00171 N00239 N00129 N00281 N00267 N00207	N00022-0 N00132-0 N00077-0 N00300-1 N00064-0 N00140-0
1928	U00193	11/14/2025 06:31:00 AM	N00080 N00123 N00171 N00239 N00129 N00281 N00267 N00207	N00186-1 N00233-0 N00101-0 N00066-1 N00223-0 N00058-1 N00228-1
1929	U00193	11/13/2025 08:45:00 PM	N00080 N00123 N00171 N00239 N00129 N00281 N00267 N00207	N00260-0 N00072-0 N00106-1 N00122-1 N00149-0 N00299-0 N00146-1
1930	U00193	11/11/2025 02:04:00 AM	N00080 N00123 N00171 N00239 N00129 N00281 N00267 N00207	N00178-0 N00169-1 N00024-0 N00275-0 N00096-0 N00259-1
1931	U00194	11/13/2025 12:19:00 AM	N00223 N00056 N00026 N00096 N00265	N00018-1 N00046-0 N00178-0 N00062-0 N00085-0 N00266-0 N00024-1 N00191-0
1932	U00194	11/16/2025 06:54:00 AM	N00223 N00056 N00026 N00096 N00265	N00190-0 N00197-0 N00228-0 N00179-0 N00053-1 N00242-0
1933	U00194	11/15/2025 03:54:00 AM	N00223 N00056 N00026 N00096 N00265	N00098-0 N00227-0 N00001-0 N00265-0 N00004-0
1934	U00194	11/15/2025 06:54:00 PM	N00223 N00056 N00026 N00096 N00265	N00264-0 N00105-1 N00203-0 N00013-0 N00198-0 N00274-0
1935	U00194	11/11/2025 06:07:00 AM	N00223 N00056 N00026 N00096 N00265	N00185-1 N00061-0 N00195-1 N00229-0 N00016-0 N00179-0 N00147-0 N00044-1
1936	U00194	11/12/2025 01:11:00 PM	N00223 N00056 N00026 N00096 N00265	N00226-0 N00099-1 N00294-0 N00044-1 N00141-0 N00212-0 N00286-0 N00252-1
1937	U00194	11/10/2025 07:35:00 PM	N00223 N00056 N00026 N00096 N00265	N00161-1 N00300-0 N00084-1 N00254-0
1938	U00194	11/12/2025 09:16:00 AM	N00223 N00056 N00026 N00096 N00265	N00239-0 N00062-1 N00217-1 N00058-1 N00286-0 N00232-1 N00098-0
1939	U00194	11/15/2025 05:26:00 AM	N00223 N00056 N00026 N00096 N00265	N00059-0 N00018-0 N00210-1 N00111-0 N00163-0 N00103-1 N00237-1
1940	U00194	11/14/2025 01:04:00 AM	N00223 N00056 N00026 N00096 N00265	N00019-0 N00164-0 N00254-0 N00175-1 N00063-0 N00279-1
1941	U00195	11/15/2025 10:22:00 PM	N00224 N00178 N00004 N00038	N00004-0 N00153-0 N00279-0 N00188-1
1942	U00195	11/13/2025 11:30:00 PM	N00224 N00178 N00004 N00038	N00224-0 N00056-0 N00112-1 N00144-0 N00178-1 N00101-0 N00080-0
1943	U00195	11/14/2025 01:14:00 AM	N00224 N00178 N00004 N00038	N00208-0 N00097-0 N00061-0 N00027-0 N00033-0 N00206-0 N00109-1
1944	U00195	11/15/2025 01:21:00 PM	N00224 N00178 N00004 N00038	N00088-1 N00266-0 N00247-0 N00028-0 N00010-0 N00058-0
1945	U00195	11/11/2025 07:41:00 AM	N00224 N00178 N00004 N00038	N00222-0 N00028-1 N00211-1 N00090-0 N00208-1 N00202-0
1946	U00195	11/13/2025 01:55:00 AM	N00224 N00178 N00004 N00038	N00225-0 N00065-1 N00158-0 N00028-1 N00216-0 N00149-0
1947	U00195	11/10/2025 08:39:00 PM	N00224 N00178 N00004 N00038	N00293-0 N00127-0 N00208-0 N00274-0 N00188-1
1948	U00195	11/13/2025 01:18:00 AM	N00224 N00178 N00004 N00038	N00003-0 N00282-1 N00255-0 N00091-0 N00037-0 N00090-1 N00168-0 N00009-1
1949	U00195	11/14/2025 03:03:00 AM	N00224 N00178 N00004 N00038	N00277-0 N00289-1 N00077-0 N00028-1 N00010-0 N00095-0 N00091-0 N00274-1
1950	U00195	11/15/2025 01:59:00 AM	N00224 N00178 N00004 N00038	N00300-0 N00001-0 N00172-0 N00102-1 N00130-0 N00113-1 N00214-0 N00115-0
1951	U00196	11/11/2025 06:10:00 PM	N00242 N00300 N00270 N00032 N00082	N00068-0 N00218-0 N00173-0 N00187-1 N00267-0 N00266-0 N00063-1 N00200-1
1952	U00196	11/15/2025 08:31:00 AM	N00242 N00300 N00270 N00032 N00082	N00132-0 N00270-0 N00204-1 N00229-0 N00028-0
1953	U00196	11/14/2025 04:28:00 PM	N00242 N00300 N00270 N00032 N00082	N00266-0 N00019-0 N00223-0 N00300-1 N00061-1 N00139-0 N00081-0
1954	U00196	11/11/2025 11:13:00 PM	N00242 N00300 N00270 N00032 N00082	N00212-0 N00068-0 N00139-1 N00109-0 N00122-0 N00028-0 N00223-0 N00171-1
1955	U00196	11/14/2025 04:23:00 PM	N00242 N00300 N00270 N00032 N00082	N00214-0 N00227-0 N00013-0 N00270-1 N00236-1
1956	U00196	11/15/2025 02:30:00 AM	N00242 N00300 N00270 N00032 N00082	N00020-0 N00052-0 N00077-0 N00189-0 N00237-1 N00167-0
1957	U00196	11/10/2025 12:20:00 PM	N00242 N00300 N00270 N00032 N00082	N00047-0 N00004-0 N00015-0 N00006-1 N00099-0
1958	U00196	11/11/2025 08:02:00 PM	N00242 N00300 N00270 N00032 N00082	N00042-0 N00198-0 N00240-0 N00039-0 N00164-0 N00242-0 N00228-1
1959	U00196	11/11/2025 09:36:00 AM	N00242 N00300 N00270 N00032 N00082	N00068-1 N00226-0 N00213-0 N00267-1 N00138-0
1960	U00196	11/11/2025 11:00:00 AM	N00242 N00300 N00270 N00032 N00082	N00287-0 N00258-0 N00274-0 N00300-1 N00037-0 N00198-0 N00208-0 N00070-0 N00131-1
1961	U00197	11/14/2025 10:43:00 AM	N00144 N00140 N00227 N00213 N00293 N00251 N00089 N00023 N00019	N00195-1 N00219-0 N00142-1 N00234-0 N00040-0 N00253-0
1962	U00197	11/13/2025 07:16:00 AM	N00144 N00140 N00227 N00213 N00293 N00251 N00089 N00023 N00019	N00148-0 N00164-0 N00094-0 N00102-0 N00201-0 N00030-0 N00097-0 N00076-1
1963	U00197	11/15/2025 09:47:00 PM	N00144 N00140 N00227 N00213 N00293 N00251 N00089 N00023 N00019	N00044-0 N00177-0 N00245-1 N00242-0 N00259-0 N00232-1 N00216-0 N00205-1 N00233-1
1964	U00197	11/14/2025 07:56:00 AM	N00144 N00140 N00227 N00213 N00293 N00251 N00089 N00023 N00019	N00300-0 N00023-1 N00056-0 N00242-0 N00203-0 N00180-0 N00118-0 N00262-1 N00219-0
1965	U00197	11/15/2025 04:15:00 PM	N00144 N00140 N00227 N00213 N00293 N00251 N00089 N00023 N00019	N00167-0 N00084-0 N00064-0 N00140-1
1966	U00197	11/11/2025 12:19:00 AM	N00144 N00140 N00227 N00213 N00293 N00251 N00089 N00023 N00019	N00291-0 N00004-0 N00217-0 N00095-0 N00146-0 N00273-0 N00104-1
1967	U00197	11/15/2025 12:20:00 PM	N00144 N00140 N00227 N00213 N00293 N00251 N00089 N00023 N00019	N00146-0 N00130-1 N00262-0 N00156-0 N00300-0 N00212-1 N00209-0
1968	U00197	11/10/2025 06:49:00 PM	N00144 N00140 N00227 N00213 N00293 N00251 N00089 N00023 N00019	N00273-0 N00193-0 N00142-0 N00162-0 N00104-0
1969	U00197	11/15/2025 12:24:00 AM	N00144 N00140 N00227 N00213 N00293 N00251 N00089 N00023 N00019	N00095-0 N00220-0 N00278-1 N00156-0 N00247-0
1970	U00197	11/13/2025 04:35:00 AM	N00144 N00140 N00227 N00213 N00293 N00251 N00089 N00023 N00019	N00247-0 N00114-0 N00166-0 N00034-1 N00077-0 N00270-0
1971	U00198	11/11/2025 02:58:00 AM	N00187 N00258 N00173 N00034 N00136 N00294 N00007 N00064 N00149 N00277	N00057-1 N00041-0 N00148-0 N00169-0
1972	U00198	11/10/2025 11:30:00 AM	N00187 N00258 N00173 N00034 N00136 N00294 N00007 N00064 N00149 N00277	N00248-1 N00285-0 N00194-0 N00098-0 N00299-0 N00280-0 N00117-1 N00182-1
1973	U00198	11/11/2025 01:06:00 PM	N00187 N00258 N00173 N00034 N00136 N00294 N00007 N00064 N00149 N00277	N00280-1 N00275-0 N00292-0 N00177-0 N00224-0 N00041-0 N00020-0 N00252-1
1974	U00198	11/13/2025 09:58:00 PM	N00187 N00258 N00173 N00034 N00136 N00294 N00007 N00064 N00149 N00277	N00202-1 N00300-0 N00266-1 N00110-1 N00174-1 N00120-0
1975	U00198	11/10/2025 10:26:00 AM	N00187 N00258 N00173 N00034 N00136 N00294 N00007 N00064 N00149 N00277	N00055-0 N00276-0 N00138-0 N00226-0 N00252-0
1976	U00198	11/11/2025 09:16:00 AM	N00187 N00258 N00173 N00034 N00136 N00294 N00007 N00064 N00149 N00277	N00218-0 N00210-0 N00112-1 N00195-0 N00287-0 N00241-0
1977	U00198	11/12/2025 03:31:00 AM	N00187 N00258 N00173 N00034 N00136 N00294 N00007 N00064 N00149 N00277	N00200-1 N00174-0 N00114-0 N00054-0 N00275-0 N00282-0 N00090-1
1978	U00198	11/13/2025 10:08:00 PM	N00187 N00258 N00173 N00034 N00136 N00294 N00007 N00064 N00149 N00277	N00164-1 N00288-0 N00183-1 N00191-0 N00203-0 N00082-0 N00227-1 N00056-0
1979	U00198	11/10/2025 08:40:00 PM	N00187 N00258 N00173 N00034 N00136 N00294 N00007 N00064 N00149 N00277	N00098-1 N00139-0 N00094-1 N00047-0 N00053-1 N00167-0
1980	U00198	11/10/2025 07:49:00 PM	N00187 N00258 N00173 N00034 N00136 N00294 N00007 N00064 N00149 N00277	N00151-1 N00146-0 N00241-0 N00134-0 N00255-1 N00175-0 N00043-0 N00195-0
1981	U00199	11/12/2025 06:46:00 AM	N00262 N00185 N00221 N00230 N00197 N00251 N00049 N00140 N00289 N00213 N00192 N00023 N00071	N00040-0 N00031-0 N00243-0 N00142-1 N00104-1
1982	U00199	11/14/2025 01:32:00 AM	N00262 N00185 N00221 N00230 N00197 N00251 N00049 N00140 N00289 N00213 N00192 N00023 N00071	N00180-0 N00205-0 N00053-0 N00024-0 N00033-1 N00055-1 N00134-0
1983	U00199	11/11/2025 04:45:00 PM	N00262 N00185 N00221 N00230 N00197 N00251 N00049 N00140 N00289 N00213 N00192 N00023 N00071	N00292-1 N00262-1 N00019-0 N00115-0 N00001-0 N00063-0 N00049-0
1984	U00199	11/13/2025 11:42:00 PM	N00262 N00185 N00221 N00230 N00197 N00251 N00049 N00140 N00289 N00213 N00192 N00023 N00071	N00224-0 N00256-1 N00159-1 N00239-0 N00221-0 N00237-0
1985	U00199	11/15/2025 03:32:00 PM	N00262 N00185 N00221 N00230 N00197 N00251 N00049 N00140 N00289 N00213 N00192 N00023 N00071	N00146-0 N00066-0 N00161-1 N00060-0 N00130-0 N00199-0 N00284-0 N00263-1
1986	U00199	11/13/2025 07:14:00 AM	N00262 N00185 N00221 N00230 N00197 N00251 N00049 N00140 N00289 N00213 N00192 N00023 N00071	N00297-0 N00215-0 N00165-0 N00052-1 N00220-1
1987	U00199	11/14/2025 07:06:00 AM	N00262 N00185 N00221 N00230 N00197 N00251 N00049 N00140 N00289 N00213 N00192 N00023 N00071	N00279-0 N00195-0 N00006-0 N00018-0 N00300-0 N00043-0 N00059-1 N00033-1
1988	U00199	11/11/2025 06:14:00 PM	N00262 N00185 N00221 N00230 N00197 N00251 N00049 N00140 N00289 N00213 N00192 N00023 N00071	N00269-0 N00236-0 N00070-0 N00017-1 N00159-0 N00221-0
1989	U00199	11/12/2025 06:55:00 AM	N00262 N00185 N00221 N00230 N00197 N00251 N00049 N00140 N00289 N00213 N00192 N00023 N00071	N00189-0 N00257-0 N00227-0 N00007-0 N00154-1 N00069-0 N00145-0
1990	U00199	11/10/2025 10:20:00 PM	N00262 N00185 N00221 N00230 N00197 N00251 N00049 N00140 N00289 N00213 N00192 N00023 N00071	N00247-0 N00070-1 N00275-0 N00238-0 N00112-0 N00095-0
1991	U00200	11/16/2025 04:26:00 AM	N00212 N00225 N00166 N00148 N00217 N00015 N00164 N00263 N00126 N00084 N00049 N00052 N00278 N00193	N00220-0 N00043-0 N00044-1 N00119-1 N00255-0 N00015-1 N00203-0 N00046-0
1992	U00200	11/13/2025 09:58:00 PM	N00212 N00225 N00166 N00148 N00217 N00015 N00164 N00263 N00126 N00084 N00049 N00052 N00278 N00193	N00259-0 N00275-0 N00137-1 N00038-0 N00014-0 N00169-0 N00003-0
1993	U00200	11/12/2025 10:23:00 PM	N00212 N00225 N00166 N00148 N00217 N00015 N00164 N00263 N00126 N00084 N00049 N00052 N00278 N00193	N00058-0 N00224-0 N00289-1 N00276-0 N00279-0 N00053-1 N00076-1 N00244-0
1994	U00200	11/14/2025 06:11:00 AM	N00212 N00225 N00166 N00148 N00217 N00015 N00164 N00263 N00126 N00084 N00049 N00052 N00278 N00193	N00155-0 N00256-0 N00040-0 N00077-0 N00242-0 N00006-0
1995	U00200	11/14/2025 08:31:00 AM	N00212 N00225 N00166 N00148 N00217 N00015 N00164 N00263 N00126 N00084 N00049 N00052 N00278 N00193	N00130-1 N00025-0 N00017-1 N00205-1 N00172-1 N00079-0
1996	U00200	11/13/2025 10:03:00 PM	N00212 N00225 N00166 N00148 N00217 N00015 N00164 N00263 N00126 N00084 N00049 N00052 N00278 N00193	N00213-0 N00101-1 N00053-0 N00215-0 N00250-0
1997	U00200	11/15/2025 03:24:00 AM	N00212 N00225 N00166 N00148 N00217 N00015 N00164 N00263 N00126 N00084 N00049 N00052 N00278 N00193	N00213-1 N00185-1 N00148-1 N00155-0 N00028-0 N00055-0
1998	U00200	11/11/2025 04:49:00 PM	N00212 N00225 N00166 N00148 N00217 N00015 N00164 N00263 N00126 N00084 N00049 N00052 N00278 N00193	N00147-0 N00268-1 N00283-0 N00202-0 N00192-0 N00200-0 N00143-0
1999	U00200	11/12/2025 11:52:00 PM	N00212 N00225 N00166 N00148 N00217 N00015 N00164 N00263 N00126 N00084 N00049 N00052 N00278 N00193	N00290-0 N00159-0 N00139-0 N00083-0 N00023-1 N00096-0 N00167-0
2000	U00200	11/12/2025 08:19:00 PM	N00212 N00225 N00166 N00148 N00217 N00015 N00164 N00263 N00126 N00084 N00049 N00052 N00278 N00193	N00197-0 N00120-0 N00056-0 N00049-1 N00155-0 N00220-0
2001	U00201	11/15/2025 03:24:00 PM	N00069 N00289 N00147 N00094 N00182 N00161 N00061 N00247 N00083 N00055 N00235 N00064	N00027-1 N00183-1 N00118-0 N00021-1 N00008-1 N00148-0
2002	U00201	11/14/2025 04:58:00 PM	N00069 N00289 N00147 N00094 N00182 N00161 N00061 N00247 N00083 N00055 N00235 N00064	N00037-0 N00245-1 N00246-0 N00103-0 N00278-1 N00104-0 N00029-0
2003	U00201	11/10/2025 09:57:00 PM	N00069 N00289 N00147 N00094 N00182 N00161 N00061 N00247 N00083 N00055 N00235 N00064	N00258-1 N00056-0 N00270-0 N00186-0 N00299-0 N00083-0 N00227-1 N00081-0 N00190-0
2004	U00201	11/16/2025 02:44:00 AM	N00069 N00289 N00147 N00094 N00182 N00161 N00061 N00247 N00083 N00055 N00235 N00064	N00002-1 N00187-0 N00075-0 N00012-0 N00091-0 N00032-0 N00124-0 N00025-0
2005	U00201	11/13/2025 04:06:00 AM	N00069 N00289 N00147 N00094 N00182 N00161 N00061 N00247 N00083 N00055 N00235 N00064	N00068-0 N00053-0 N00141-1 N00145-1 N00241-0 N00030-0 N00236-0 N00140-1
2006	U00201	11/13/2025 02:19:00 AM	N00069 N00289 N00147 N00094 N00182 N00161 N00061 N00247 N00083 N00055 N00235 N00064	N00153-1 N00053-0 N00297-1 N00242-0 N00291-1 N00260-1 N00124-0
2007	U00201	11/12/2025 11:25:00 PM	N00069 N00289 N00147 N00094 N00182 N00161 N00061 N00247 N00083 N00055 N00235 N00064	N00275-1 N00245-0 N00252-0 N00040-0 N00214-0 N00081-0 N00195-0 N00080-1
2008	U00201	11/15/2025 03:09:00 PM	N00069 N00289 N00147 N00094 N00182 N00161 N00061 N00247 N00083 N00055 N00235 N00064	N00156-1 N00221-1 N00079-0 N00038-0 N00106-0 N00288-0
2009	U00201	11/10/2025 09:45:00 PM	N00069 N00289 N00147 N00094 N00182 N00161 N00061 N00247 N00083 N00055 N00235 N00064	N00120-0 N00208-1 N00207-0 N00265-1 N00227-0 N00020-0 N00218-0
2010	U00201	11/15/2025 10:01:00 PM	N00069 N00289 N00147 N00094 N00182 N00161 N00061 N00247 N00083 N00055 N00235 N00064	N00284-0 N00184-0 N00247-0 N00172-1 N00199-1 N00173-1
2011	U00202	11/15/2025 08:49:00 AM	N00208 N00143 N00009 N00031 N00038 N00288 N00085 N00065 N00107 N00090	N00262-0 N00100-0 N00040-0 N00281-0 N00202-0 N00228-0
2012	U00202	11/15/2025 06:15:00 PM	N00208 N00143 N00009 N00031 N00038 N00288 N00085 N00065 N00107 N00090	N00266-0 N00138-0 N00288-1 N00274-0 N00031-1 N00112-0 N00093-0
2013	U00202	11/15/2025 06:59:00 PM	N00208 N00143 N00009 N00031 N00038 N00288 N00085 N00065 N00107 N00090	N00074-1 N00128-0 N00171-0 N00067-0 N00242-0 N00004-1
2014	U00202	11/15/2025 09:36:00 PM	N00208 N00143 N00009 N00031 N00038 N00288 N00085 N00065 N00107 N00090	N00113-1 N00031-0 N00299-0 N00125-0 N00095-1 N00230-0 N00022-0
2015	U00202	11/15/2025 11:50:00 PM	N00208 N00143 N00009 N00031 N00038 N00288 N00085 N00065 N00107 N00090	N00091-0 N00008-0 N00170-1 N00120-0
2016	U00202	11/15/2025 09:43:00 AM	N00208 N00143 N00009 N00031 N00038 N00288 N00085 N00065 N00107 N00090	N00065-0 N00193-0 N00230-0 N00108-0 N00088-0 N00001-0 N00102-1 N00031-1 N00018-0
2017	U00202	11/14/2025 05:16:00 PM	N00208 N00143 N00009 N00031 N00038 N00288 N00085 N00065 N00107 N00090	N00048-0 N00224-0 N00065-1 N00110-0 N00124-0 N00255-1
2018	U00202	11/14/2025 09:51:00 AM	N00208 N00143 N00009 N00031 N00038 N00288 N00085 N00065 N00107 N00090	N00102-0 N00277-0 N00226-0 N00287-1 N00027-0 N00091-0
2019	U00202	11/12/2025 10:10:00 PM	N00208 N00143 N00009 N00031 N00038 N00288 N00085 N00065 N00107 N00090	N00213-0 N00090-1 N00040-1 N00048-1 N00074-1 N00231-1
2020	U00202	11/10/2025 05:11:00 PM	N00208 N00143 N00009 N00031 N00038 N00288 N00085 N00065 N00107 N00090	N00049-0 N00107-1 N00192-0 N00246-0 N00065-1 N00224-1 N00056-0
2021	U00203	11/10/2025 08:57:00 AM	N00282 N00134 N00090 N00040	N00237-0 N00195-0 N00039-0 N00299-0 N00139-0 N00108-0 N00075-0
2022	U00203	11/14/2025 05:00:00 PM	N00282 N00134 N00090 N00040	N00022-0 N00145-0 N00158-1 N00275-0 N00038-0 N00240-1
2023	U00203	11/15/2025 02:44:00 PM	N00282 N00134 N00090 N00040	N00143-1 N00068-1 N00118-0 N00016-0 N00090-1 N00088-1 N00091-0 N00239-0
2024	U00203	11/11/2025 03:42:00 PM	N00282 N00134 N00090 N00040	N00165-1 N00126-1 N00261-0 N00288-0
2025	U00203	11/11/2025 06:36:00 PM	N00282 N00134 N00090 N00040	N00282-0 N00137-1 N00091-1 N00170-0 N00217-0 N00230-0 N00113-0 N00030-0 N00139-1
2026	U00203	11/15/2025 05:27:00 PM	N00282 N00134 N00090 N00040	N00048-1 N00097-0 N00143-0 N00139-0 N00012-0 N00165-0 N00003-0
2027	U00203	11/10/2025 12:13:00 PM	N00282 N00134 N00090 N00040	N00209-0 N00062-0 N00158-1 N00040-1
2028	U00203	11/13/2025 06:07:00 PM	N00282 N00134 N00090 N00040	N00239-0 N00171-0 N00214-0 N00013-0 N00208-1 N00134-0 N00158-0
2029	U00203	11/15/2025 11:50:00 PM	N00282 N00134 N00090 N00040	N00004-1 N00156-0 N00286-0 N00067-1
2030	U00203	11/12/2025 10:16:00 AM	N00282 N00134 N00090 N00040	N00180-0 N00259-0 N00202-0 N00288-1 N00214-0 N00048-0
2031	U00204	11/15/2025 10:02:00 AM	N00136 N00241 N00202 N00019 N00135 N00206 N00297 N00156 N00099 N00296 N00014 N00220 N00140 N00137 N00290	N00175-0 N00112-1 N00071-1 N00104-1 N00125-1 N00023-0
2032	U00204	11/13/2025 09:50:00 AM	N00136 N00241 N00202 N00019 N00135 N00206 N00297 N00156 N00099 N00296 N00014 N00220 N00140 N00137 N00290	N00065-1 N00119-0 N00128-0 N00124-1 N00247-1
2033	U00204	11/11/2025 02:22:00 AM	N00136 N00241 N00202 N00019 N00135 N00206 N00297 N00156 N00099 N00296 N00014 N00220 N00140 N00137 N00290	N00179-0 N00252-1 N00012-0 N00268-0 N00046-0
2034	U00204	11/13/2025 02:39:00 PM	N00136 N00241 N00202 N00019 N00135 N00206 N00297 N00156 N00099 N00296 N00014 N00220 N00140 N00137 N00290	N00161-0 N00160-0 N00291-0 N00243-0 N00261-0
2035	U00204	11/11/2025 09:50:00 AM	N00136 N00241 N00202 N00019 N00135 N00206 N00297 N00156 N00099 N00296 N00014 N00220 N00140 N00137 N00290	N00146-0 N00183-0 N00258-0 N00101-1 N00227-0 N00190-0 N00162-0
2036	U00204	11/12/2025 03:50:00 PM	N00136 N00241 N00202 N00019 N00135 N00206 N00297 N00156 N00099 N00296 N00014 N00220 N00140 N00137 N00290	N00229-0 N00204-0 N00018-1 N00017-1 N00065-0 N00244-1 N00136-0
2037	U00204	11/11/2025 08:15:00 AM	N00136 N00241 N00202 N00019 N00135 N00206 N00297 N00156 N00099 N00296 N00014 N00220 N00140 N00137 N00290	N00104-0 N00212-0 N00045-0 N00044-0 N00240-1 N00300-1 N00222-0
2038	U00204	11/11/2025 08:46:00 AM	N00136 N00241 N00202 N00019 N00135 N00206 N00297 N00156 N00099 N00296 N00014 N00220 N00140 N00137 N00290	N00006-0 N00151-0 N00057-0 N00209-0 N00103-0 N00115-0 N00296-1
2039	U00204	11/13/2025 11:37:00 AM	N00136 N00241 N00202 N00019 N00135 N00206 N00297 N00156 N00099 N00296 N00014 N00220 N00140 N00137 N00290	N00149-1 N00244-1 N00116-0 N00299-0 N00046-0
2040	U00204	11/12/2025 12:29:00 AM	N00136 N00241 N00202 N00019 N00135 N00206 N00297 N00156 N00099 N00296 N00014 N00220 N00140 N00137 N00290	N00137-0 N00273-0 N00089-1 N00095-0 N00120-0 N00174-1 N00250-0 N00043-0
2041	U00205	11/11/2025 02:42:00 AM	N00045 N00236 N00022 N00131 N00189 N00168 N00139	N00044-0 N00271-0 N00100-0 N00126-0 N00287-0 N00291-0
2042	U00205	11/13/2025 08:51:00 PM	N00045 N00236 N00022 N00131 N00189 N00168 N00139	N00234-1 N00005-1 N00168-0 N00017-0 N00171-1 N00140-0
2043	U00205	11/15/2025 02:29:00 PM	N00045 N00236 N00022 N00131 N00189 N00168 N00139	N00206-1 N00157-1 N00043-0 N00030-0
2044	U00205	11/14/2025 07:35:00 AM	N00045 N00236 N00022 N00131 N00189 N00168 N00139	N00182-0 N00044-0 N00107-0 N00149-0 N00296-0 N00092-1 N00043-0
2045	U00205	11/12/2025 09:55:00 PM	N00045 N00236 N00022 N00131 N00189 N00168 N00139	N00154-1 N00131-0 N00130-0 N00201-0 N00043-1 N00210-0 N00038-0 N00180-1
2046	U00205	11/12/2025 11:32:00 PM	N00045 N00236 N00022 N00131 N00189 N00168 N00139	N00270-0 N00003-0 N00202-0 N00208-0 N00005-0 N00287-1
2047	U00205	11/14/2025 01:27:00 PM	N00045 N00236 N00022 N00131 N00189 N00168 N00139	N00277-0 N00214-0 N00017-0 N00152-0 N00179-0 N00148-0 N00184-1
2048	U00205	11/15/2025 08:19:00 AM	N00045 N00236 N00022 N00131 N00189 N00168 N00139	N00206-0 N00180-1 N00256-0 N00001-1 N00163-1
2049	U00205	11/13/2025 02:35:00 PM	N00045 N00236 N00022 N00131 N00189 N00168 N00139	N00272-1 N00152-0 N00053-0 N00105-1 N00091-0 N00293-0 N00187-1 N00258-1 N00073-1
2050	U00205	11/13/2025 10:26:00 AM	N00045 N00236 N00022 N00131 N00189 N00168 N00139	N00119-1 N00169-1 N00051-0 N00290-1 N00029-0
2051	U00206	11/10/2025 01:33:00 PM	N00058 N00054 N00001 N00253 N00199 N00012 N00169 N00127 N00068 N00292 N00042 N00078	N00160-0 N00213-0 N00010-0 N00139-0 N00238-0 N00257-0 N00168-0
2052	U00206	11/12/2025 02:20:00 AM	N00058 N00054 N00001 N00253 N00199 N00012 N00169 N00127 N00068 N00292 N00042 N00078	N00070-0 N00095-0 N00127-0 N00019-0 N00293-0 N00059-1 N00061-1
2053	U00206	11/15/2025 08:31:00 PM	N00058 N00054 N00001 N00253 N00199 N00012 N00169 N00127 N00068 N00292 N00042 N00078	N00189-0 N00150-0 N00204-0 N00120-1 N00192-0 N00043-0
2054	U00206	11/11/2025 09:35:00 AM	N00058 N00054 N00001 N00253 N00199 N00012 N00169 N00127 N00068 N00292 N00042 N00078	N00108-0 N00115-0 N00217-0 N00132-0 N00197-0 N00207-1 N00175-0
2055	U00206	11/15/2025 09:48:00 PM	N00058 N00054 N00001 N00253 N00199 N00012 N00169 N00127 N00068 N00292 N00042 N00078	N00094-0 N00280-0 N00043-0 N00168-0 N00219-0 N00158-0
2056	U00206	11/13/2025 08:59:00 PM	N00058 N00054 N00001 N00253 N00199 N00012 N00169 N00127 N00068 N00292 N00042 N00078	N00229-1 N00169-1 N00189-1 N00161-0 N00041-0 N00147-0 N00033-0
2057	U00206	11/13/2025 12:14:00 AM	N00058 N00054 N00001 N00253 N00199 N00012 N00169 N00127 N00068 N00292 N00042 N00078	N00078-1 N00267-0 N00278-0 N00201-0 N00196-0
2058	U00206	11/13/2025 09:18:00 AM	N00058 N00054 N00001 N00253 N00199 N00012 N00169 N00127 N00068 N00292 N00042 N00078	N00004-0 N00151-1 N00137-0 N00243-0 N00194-0 N00072-0
2059	U00206	11/13/2025 11:46:00 AM	N00058 N00054 N00001 N00253 N00199 N00012 N00169 N00127 N00068 N00292 N00042 N00078	N00222-0 N00084-0 N00010-0 N00159-0 N00065-0
2060	U00206	11/13/2025 04:05:00 PM	N00058 N00054 N00001 N00253 N00199 N00012 N00169 N00127 N00068 N00292 N00042 N00078	N00007-0 N00139-1 N00294-0 N00005-1 N00201-0 N00281-0 N00087-0
2061	U00207	11/11/2025 07:57:00 PM	N00176 N00227 N00056 N00197 N00115 N00192 N00232 N00029 N00144 N00071 N00279 N00173 N00230	N00014-1 N00133-0 N00285-0 N00165-0
2062	U00207	11/11/2025 05:58:00 AM	N00176 N00227 N00056 N00197 N00115 N00192 N00232 N00029 N00144 N00071 N00279 N00173 N00230	N00124-1 N00143-1 N00015-1 N00225-1 N00294-1 N00299-0 N00289-0 N00025-0 N00125-0
2063	U00207	11/11/2025 10:28:00 AM	N00176 N00227 N00056 N00197 N00115 N00192 N00232 N00029 N00144 N00071 N00279 N00173 N00230	N00144-1 N00111-0 N00248-0 N00135-0 N00023-0 N00109-0 N00266-0 N00137-0
2064	U00207	11/12/2025 04:25:00 PM	N00176 N00227 N00056 N00197 N00115 N00192 N00232 N00029 N00144 N00071 N00279 N00173 N00230	N00149-0 N00297-0 N00006-0 N00073-0 N00153-0 N00159-1 N00100-0
2065	U00207	11/16/2025 05:07:00 AM	N00176 N00227 N00056 N00197 N00115 N00192 N00232 N00029 N00144 N00071 N00279 N00173 N00230	N00243-0 N00012-0 N00108-0 N00042-0 N00104-0 N00245-0 N00109-0 N00149-0 N00294-1
2066	U00207	11/16/2025 03:13:00 AM	N00176 N00227 N00056 N00197 N00115 N00192 N00232 N00029 N00144 N00071 N00279 N00173 N00230	N00230-0 N00259-0 N00036-0 N00065-0 N00028-0 N00190-1
2067	U00207	11/14/2025 11:08:00 PM	N00176 N00227 N00056 N00197 N00115 N00192 N00232 N00029 N00144 N00071 N00279 N00173 N00230	N00155-0 N00293-1 N00220-0 N00081-1
2068	U00207	11/10/2025 05:06:00 PM	N00176 N00227 N00056 N00197 N00115 N00192 N00232 N00029 N00144 N00071 N00279 N00173 N00230	N00138-0 N00077-0 N00179-0 N00233-0 N00053-0 N00180-0 N00132-0
2069	U00207	11/14/2025 02:07:00 AM	N00176 N00227 N00056 N00197 N00115 N00192 N00232 N00029 N00144 N00071 N00279 N00173 N00230	N00123-0 N00238-1 N00099-0 N00182-1
2070	U00207	11/14/2025 02:28:00 AM	N00176 N00227 N00056 N00197 N00115 N00192 N00232 N00029 N00144 N00071 N00279 N00173 N00230	N00197-1 N00101-1 N00227-1 N00102-0 N00141-0 N00292-0 N00180-0
2071	U00208	11/12/2025 05:16:00 PM	N00172 N00029 N00289 N00265 N00192 N00219 N00185 N00033 N00235	N00154-1 N00058-0 N00132-0 N00167-0 N00053-1 N00112-0 N00033-0
2072	U00208	11/13/2025 06:05:00 PM	N00172 N00029 N00289 N00265 N00192 N00219 N00185 N00033 N00235	N00210-1 N00091-0 N00293-0 N00185-1 N00165-0 N00101-0 N00002-0
2073	U00208	11/14/2025 11:30:00 PM	N00172 N00029 N00289 N00265 N00192 N00219 N00185 N00033 N00235	N00010-0 N00265-1 N00278-0 N00042-0 N00071-0
2074	U00208	11/14/2025 06:49:00 AM	N00172 N00029 N00289 N00265 N00192 N00219 N00185 N00033 N00235	N00198-1 N00194-0 N00296-0 N00298-0 N00179-0 N00178-0 N00062-1 N00028-1
2075	U00208	11/11/2025 12:47:00 PM	N00172 N00029 N00289 N00265 N00192 N00219 N00185 N00033 N00235	N00113-0 N00194-0 N00235-0 N00185-1 N00155-0 N00232-1
2076	U00208	11/12/2025 04:51:00 PM	N00172 N00029 N00289 N00265 N00192 N00219 N00185 N00033 N00235	N00221-0 N00124-0 N00054-0 N00041-0 N00108-0 N00161-0
2077	U00208	11/13/2025 12:10:00 AM	N00172 N00029 N00289 N00265 N00192 N00219 N00185 N00033 N00235	N00005-0 N00129-0 N00026-1 N00173-1 N00142-1 N00227-0
2078	U00208	11/14/2025 01:56:00 PM	N00172 N00029 N00289 N00265 N00192 N00219 N00185 N00033 N00235	N00112-0 N00004-0 N00245-0 N00062-1 N00057-0
2079	U00208	11/13/2025 10:41:00 AM	N00172 N00029 N00289 N00265 N00192 N00219 N00185 N00033 N00235	N00086-1 N00078-0 N00049-0 N00091-0 N00284-0 N00215-0 N00275-0
2080	U00208	11/16/2025 05:11:00 AM	N00172 N00029 N00289 N00265 N00192 N00219 N00185 N00033 N00235	N00032-0 N00082-0 N00017-1 N00275-1 N00219-0 N00004-0 N00033-0 N00027-0
2081	U00209	11/12/2025 05:43:00 PM	N00061 N00098 N00185 N00294 N00060 N00147 N00263 N00084 N00183 N00248 N00290 N00016 N00195 N00124 N00007	N00243-0 N00149-0 N00204-0 N00261-0
2082	U00209	11/13/2025 04:16:00 AM	N00061 N00098 N00185 N00294 N00060 N00147 N00263 N00084 N00183 N00248 N00290 N00016 N00195 N00124 N00007	N00225-0 N00211-0 N00169-0 N00266-0 N00172-0 N00047-0
2083	U00209	11/12/2025 10:15:00 AM	N00061 N00098 N00185 N00294 N00060 N00147 N00263 N00084 N00183 N00248 N00290 N00016 N00195 N00124 N00007	N00033-1 N00195-1 N00198-0 N00036-0 N00107-0 N00017-1 N00275-1 N00243-0
2084	U00209	11/11/2025 05:40:00 AM	N00061 N00098 N00185 N00294 N00060 N00147 N00263 N00084 N00183 N00248 N00290 N00016 N00195 N00124 N00007	N00232-0 N00277-1 N00283-0 N00134-0 N00083-0 N00081-1 N00085-0 N00164-1 N00180-1
2085	U00209	11/12/2025 04:43:00 PM	N00061 N00098 N00185 N00294 N00060 N00147 N00263 N00084 N00183 N00248 N00290 N00016 N00195 N00124 N00007	N00286-0 N00298-1 N00136-1 N00119-1
2086	U00209	11/10/2025 06:43:00 PM	N00061 N00098 N00185 N00294 N00060 N00147 N00263 N00084 N00183 N00248 N00290 N00016 N00195 N00124 N00007	N00107-0 N00299-1 N00034-0 N00153-0
2087	U00209	11/15/2025 07:45:00 PM	N00061 N00098 N00185 N00294 N00060 N00147 N00263 N00084 N00183 N00248 N00290 N00016 N00195 N00124 N00007	N00238-0 N00106-0 N00201-1 N00152-1 N00053-0 N00144-1 N00197-0 N00131-0
2088	U00209	11/14/2025 01:28:00 AM	N00061 N00098 N00185 N00294 N00060 N00147 N00263 N00084 N00183 N00248 N00290 N00016 N00195 N00124 N00007	N00277-1 N00195-1 N00018-0 N00191-0 N00222-0 N00130-0 N00072-0
2089	U00209	11/15/2025 05:33:00 AM	N00061 N00098 N00185 N00294 N00060 N00147 N00263 N00084 N00183 N00248 N00290 N00016 N00195 N00124 N00007	N00261-0 N00293-1 N00006-0 N00178-1 N00289-1 N00273-0 N00173-0 N00286-0
2090	U00209	11/14/2025 10:52:00 PM	N00061 N00098 N00185 N00294 N00060 N00147 N00263 N00084 N00183 N00248 N00290 N00016 N00195 N00124 N00007	N00012-0 N00089-0 N00264-1 N00289-1 N00136-0
2091	U00210	11/10/2025 12:19:00 PM	N00100 N00088 N00009 N00165 N00095 N00266 N00214 N00224 N00040 N00102 N00038	N00060-0 N00214-0 N00091-0 N00285-0 N00050-0 N00001-0 N00097-1 N00004-1
2092	U00210	11/13/2025 10:40:00 AM	N00100 N00088 N00009 N00165 N00095 N00266 N00214 N00224 N00040 N00102 N00038	N00097-1 N00017-0 N00170-0 N00289-0 N00136-0 N00207-1 N00041-1 N00214-0
2093	U00210	11/11/2025 04:55:00 AM	N00100 N00088 N00009 N00165 N00095 N00266 N00214 N00224 N00040 N00102 N00038	N00036-0 N00038-1 N00291-0 N00027-0 N00074-1 N00075-0 N00113-1
2094	U00210	11/13/2025 11:08:00 PM	N00100 N00088 N00009 N00165 N00095 N00266 N00214 N00224 N00040 N00102 N00038	N00154-0 N00171-0 N00158-1 N00279-0 N00102-1
2095	U00210	11/14/2025 12:34:00 AM	N00100 N00088 N00009 N00165 N00095 N00266 N00214 N00224 N00040 N00102 N00038	N00036-0 N00024-0 N00048-0 N00031-0 N00071-0 N00095-0 N00266-1
2096	U00210	11/15/2025 07:49:00 PM	N00100 N00088 N00009 N00165 N00095 N00266 N00214 N00224 N00040 N00102 N00038	N00218-0 N00113-1 N00221-0 N00265-0 N00178-1 N00208-1 N00268-0
2097	U00210	11/10/2025 08:52:00 AM	N00100 N00088 N00009 N00165 N00095 N00266 N00214 N00224 N00040 N00102 N00038	N00266-0 N00100-1 N00104-0 N00191-1 N00239-0 N00214-1 N00246-1
2098	U00210	11/13/2025 09:00:00 AM	N00100 N00088 N00009 N00165 N00095 N00266 N00214 N00224 N00040 N00102 N00038	N00160-0 N00208-0 N00165-1 N00209-0 N00202-0
2099	U00210	11/12/2025 10:06:00 AM	N00100 N00088 N00009 N00165 N00095 N00266 N00214 N00224 N00040 N00102 N00038	N00104-0 N00134-1 N00085-0 N00054-0 N00028-0 N00298-0
2100	U00210	11/16/2025 04:00:00 AM	N00100 N00088 N00009 N00165 N00095 N00266 N00214 N00224 N00040 N00102 N00038	N00040-1 N00184-0 N00142-0 N00296-0 N00143-1 N00013-0 N00074-1 N00183-0 N00038-0
2101	U00211	11/15/2025 10:07:00 PM	N00297 N00151 N00252 N00098 N00069 N00233 N00111 N00295 N00035 N00135	N00014-1 N00263-0 N00003-0 N00158-1
2102	U00211	11/13/2025 03:22:00 PM	N00297 N00151 N00252 N00098 N00069 N00233 N00111 N00295 N00035 N00135	N00297-1 N00074-0 N00250-0 N00233-1 N00186-0 N00089-0 N00115-0 N00104-0
2103	U00211	11/10/2025 08:40:00 PM	N00297 N00151 N00252 N00098 N00069 N00233 N00111 N00295 N00035 N00135	N00255-1 N00147-0 N00112-1 N00266-0 N00227-0
2104	U00211	11/11/2025 05:28:00 AM	N00297 N00151 N00252 N00098 N00069 N00233 N00111 N00295 N00035 N00135	N00239-0 N00265-1 N00241-1 N00243-0 N00174-0 N00081-1
2105	U00211	11/10/2025 07:40:00 PM	N00297 N00151 N00252 N00098 N00069 N00233 N00111 N00295 N00035 N00135	N00157-0 N00294-0 N00172-1 N00205-0 N00199-0 N00115-0 N00037-0 N00151-0
2106	U00211	11/11/2025 08:59:00 AM	N00297 N00151 N00252 N00098 N00069 N00233 N00111 N00295 N00035 N00135	N00085-0 N00241-1 N00071-0 N00102-0 N00173-1 N00069-0
2107	U00211	11/11/2025 05:31:00 PM	N00297 N00151 N00252 N00098 N00069 N00233 N00111 N00295 N00035 N00135	N00184-0 N00167-0 N00038-0 N00221-1 N00175-1 N00278-0
2108	U00211	11/11/2025 12:25:00 PM	N00297 N00151 N00252 N00098 N00069 N00233 N00111 N00295 N00035 N00135	N00035-0 N00283-0 N00235-0 N00071-0 N00010-0 N00201-1 N00237-1
2109	U00211	11/11/2025 10:30:00 PM	N00297 N00151 N00252 N00098 N00069 N00233 N00111 N00295 N00035 N00135	N00083-1 N00129-1 N00038-0 N00208-0 N00132-0
2110	U00211	11/15/2025 04:16:00 PM	N00297 N00151 N00252 N00098 N00069 N00233 N00111 N00295 N00035 N00135	N00132-1 N00118-0 N00207-0 N00225-0 N00048-1 N00240-0 N00239-0 N00159-0
2111	U00212	11/12/2025 11:14:00 AM	N00107 N00004 N00009 N00134 N00188 N00095 N00113 N00020 N00091 N00088 N00208 N00067 N00097 N00090 N00246	N00145-0 N00048-0 N00178-1 N00292-0 N00027-1 N00208-0 N00075-0
2112	U00212	11/15/2025 01:07:00 AM	N00107 N00004 N00009 N00134 N00188 N00095 N00113 N00020 N00091 N00088 N00208 N00067 N00097 N00090 N00246	N00085-1 N00143-1 N00091-1 N00064-1 N00187-0
2113	U00212	11/15/2025 11:02:00 AM	N00107 N00004 N00009 N00134 N00188 N00095 N00113 N00020 N00091 N00088 N00208 N00067 N00097 N00090 N00246	N00100-1 N00090-0 N00282-0 N00208-0 N00108-1 N00049-0
2114	U00212	11/11/2025 10:31:00 PM	N00107 N00004 N00009 N00134 N00188 N00095 N00113 N00020 N00091 N00088 N00208 N00067 N00097 N00090 N00246	N00003-0 N00226-0 N00158-1 N00113-0 N00107-1 N00122-0
2115	U00212	11/15/2025 03:46:00 AM	N00107 N00004 N00009 N00134 N00188 N00095 N00113 N00020 N00091 N00088 N00208 N00067 N00097 N00090 N00246	N00282-1 N00240-0 N00020-1 N00159-0 N00058-0
2116	U00212	11/14/2025 04:20:00 AM	N00107 N00004 N00009 N00134 N00188 N00095 N00113 N00020 N00091 N00088 N00208 N00067 N00097 N00090 N00246	N00246-0 N00231-1 N00074-1 N00004-0 N00114-1 N00146-0 N00249-1 N00065-1 N00193-0
2117	U00212	11/14/2025 12:34:00 PM	N00107 N00004 N00009 N00134 N00188 N00095 N00113 N00020 N00091 N00088 N00208 N00067 N00097 N00090 N00246	N00268-0 N00028-0 N00074-1 N00037-0 N00007-0 N00120-0 N00044-0 N00067-0
2118	U00212	11/15/2025 10:37:00 AM	N00107 N00004 N00009 N00134 N00188 N00095 N00113 N00020 N00091 N00088 N00208 N00067 N00097 N00090 N00246	N00208-1 N00004-1 N00188-0 N00065-1 N00081-1 N00106-0
2119	U00212	11/12/2025 01:37:00 AM	N00107 N00004 N00009 N00134 N00188 N00095 N00113 N00020 N00091 N00088 N00208 N00067 N00097 N00090 N00246	N00299-0 N00097-0 N00107-1 N00134-0 N00141-0 N00054-0 N00086-1 N00147-0 N00033-0
2120	U00212	11/10/2025 07:20:00 PM	N00107 N00004 N00009 N00134 N00188 N00095 N00113 N00020 N00091 N00088 N00208 N00067 N00097 N00090 N00246	N00035-0 N00143-0 N00053-0 N00181-0 N00009-0 N00243-1 N00067-1 N00166-0 N00088-1
2121	U00213	11/11/2025 02:55:00 AM	N00048 N00214 N00074 N00226 N00097 N00113 N00102 N00288 N00065 N00100 N00224 N00009	N00207-0 N00237-0 N00274-0 N00291-0 N00014-0 N00117-0 N00075-0
2122	U00213	11/12/2025 10:20:00 PM	N00048 N00214 N00074 N00226 N00097 N00113 N00102 N00288 N00065 N00100 N00224 N00009	N00143-1 N00065-1 N00113-0 N00134-1 N00250-0 N00015-0 N00295-1
2123	U00213	11/15/2025 01:18:00 PM	N00048 N00214 N00074 N00226 N00097 N00113 N00102 N00288 N00065 N00100 N00224 N00009	N00206-0 N00024-0 N00214-1 N00065-1 N00070-0 N00004-1 N00020-1 N00235-0
2124	U00213	11/11/2025 05:34:00 AM	N00048 N00214 N00074 N00226 N00097 N00113 N00102 N00288 N00065 N00100 N00224 N00009	N00188-1 N00018-0 N00035-0 N00065-1 N00057-0 N00022-0
2125	U00213	11/11/2025 05:09:00 AM	N00048 N00214 N00074 N00226 N00097 N00113 N00102 N00288 N00065 N00100 N00224 N00009	N00281-0 N00004-0 N00206-0 N00269-0 N00107-1
2126	U00213	11/12/2025 07:08:00 PM	N00048 N00214 N00074 N00226 N00097 N00113 N00102 N00288 N00065 N00100 N00224 N00009	N00274-1 N00253-1 N00230-0 N00158-1 N00216-0 N00107-0 N00015-0 N00162-0
2127	U00213	11/12/2025 10:39:00 PM	N00048 N00214 N00074 N00226 N00097 N00113 N00102 N00288 N00065 N00100 N00224 N00009	N00226-0 N00288-1 N00175-0 N00005-0 N00095-1 N00065-0 N00269-0 N00174-0
2128	U00213	11/14/2025 11:37:00 AM	N00048 N00214 N00074 N00226 N00097 N00113 N00102 N00288 N00065 N00100 N00224 N00009	N00266-0 N00218-0 N00085-0 N00209-0 N00188-0
2129	U00213	11/11/2025 05:04:00 PM	N00048 N00214 N00074 N00226 N00097 N00113 N00102 N00288 N00065 N00100 N00224 N00009	N00179-0 N00038-1 N00227-0 N00271-0 N00064-0 N00246-0 N00208-1 N00261-0 N00004-1
2130	U00213	11/15/2025 05:49:00 PM	N00048 N00214 N00074 N00226 N00097 N00113 N00102 N00288 N00065 N00100 N00224 N00009	N00246-0 N00288-1 N00234-0 N00050-0 N00131-1 N00297-0 N00248-0 N00266-1
2131	U00214	11/10/2025 12:58:00 PM	N00188 N00282 N00020 N00009 N00107 N00085 N00031 N00065 N00088 N00004 N00075 N00074 N00134 N00091 N00067	N00057-0 N00223-0 N00194-0 N00143-0 N00113-0 N00251-0 N00188-0 N00266-1
2132	U00214	11/12/2025 07:15:00 AM	N00188 N00282 N00020 N00009 N00107 N00085 N00031 N00065 N00088 N00004 N00075 N00074 N00134 N00091 N00067	N00221-0 N00288-0 N00115-0 N00107-0 N00085-1 N00034-0 N00075-1 N00112-1
2133	U00214	11/13/2025 02:08:00 PM	N00188 N00282 N00020 N00009 N00107 N00085 N00031 N00065 N00088 N00004 N00075 N00074 N00134 N00091 N00067	N00273-1 N00156-0 N00040-0 N00088-0 N00067-1
2134	U00214	11/12/2025 04:13:00 PM	N00188 N00282 N00020 N00009 N00107 N00085 N00031 N00065 N00088 N00004 N00075 N00074 N00134 N00091 N00067	N00129-0 N00170-0 N00004-0 N00225-0 N00115-0 N00150-1
2135	U00214	11/11/2025 06:09:00 PM	N00188 N00282 N00020 N00009 N00107 N00085 N00031 N00065 N00088 N00004 N00075 N00074 N00134 N00091 N00067	N00038-1 N00057-0 N00140-0 N00210-0 N00280-0 N00097-1
2136	U00214	11/15/2025 12:52:00 PM	N00188 N00282 N00020 N00009 N00107 N00085 N00031 N00065 N00088 N00004 N00075 N00074 N00134 N00091 N00067	N00108-0 N00067-0 N00113-0 N00100-0 N00022-1 N00156-0 N00214-1
2137	U00214	11/14/2025 12:30:00 PM	N00188 N00282 N00020 N00009 N00107 N00085 N00031 N00065 N00088 N00004 N00075 N00074 N00134 N00091 N00067	N00022-0 N00290-0 N00085-1 N00097-1 N00298-0 N00028-1
2138	U00214	11/12/2025 01:16:00 AM	N00188 N00282 N00020 N00009 N00107 N00085 N00031 N00065 N00088 N00004 N00075 N00074 N00134 N00091 N00067	N00216-0 N00102-0 N00233-0 N00026-0 N00246-1 N00206-0 N00025-0
2139	U00214	11/12/2025 04:29:00 PM	N00188 N00282 N00020 N00009 N00107 N00085 N00031 N00065 N00088 N00004 N00075 N00074 N00134 N00091 N00067	N00040-1 N00107-0 N00208-0 N00200-0 N00010-0
2140	U00214	11/13/2025 01:59:00 AM	N00188 N00282 N00020 N00009 N00107 N00085 N00031 N00065 N00088 N00004 N00075 N00074 N00134 N00091 N00067	N00176-0 N00116-0 N00085-0 N00074-0 N00154-0 N00025-0 N00065-0 N00108-0
2141	U00215	11/12/2025 01:25:00 AM	N00173 N00056 N00296 N00225 N00062 N00232 N00263 N00126 N00033	N00190-0 N00207-0 N00152-0 N00064-1 N00126-0
2142	U00215	11/11/2025 01:18:00 PM	N00173 N00056 N00296 N00225 N00062 N00232 N00263 N00126 N00033	N00193-1 N00260-0 N00054-0 N00130-0
2143	U00215	11/15/2025 05:43:00 AM	N00173 N00056 N00296 N00225 N00062 N00232 N00263 N00126 N00033	N00197-1 N00224-0 N00123-0 N00223-0 N00244-1 N00025-0
2144	U00215	11/13/2025 01:37:00 PM	N00173 N00056 N00296 N00225 N00062 N00232 N00263 N00126 N00033	N00016-1 N00277-1 N00077-1 N00024-0 N00137-1 N00292-0 N00108-0
2145	U00215	11/13/2025 03:57:00 PM	N00173 N00056 N00296 N00225 N00062 N00232 N00263 N00126 N00033	N00180-0 N00048-0 N00044-1 N00274-0 N00115-1 N00123-0 N00075-0
2146	U00215	11/15/2025 02:30:00 AM	N00173 N00056 N00296 N00225 N00062 N00232 N00263 N00126 N00033	N00283-0 N00260-0 N00073-0 N00166-0 N00265-1 N00112-0 N00053-1 N00140-1 N00076-0
2147	U00215	11/12/2025 07:10:00 AM	N00173 N00056 N00296 N00225 N00062 N00232 N00263 N00126 N00033	N00026-0 N00060-0 N00258-1 N00139-0 N00180-0 N00174-0
2148	U00215	11/11/2025 04:51:00 PM	N00173 N00056 N00296 N00225 N00062 N00232 N00263 N00126 N00033	N00085-0 N00253-0 N00227-0 N00046-1 N00026-0 N00246-0 N00214-0 N00196-0
2149	U00215	11/13/2025 01:52:00 AM	N00173 N00056 N00296 N00225 N00062 N00232 N00263 N00126 N00033	N00222-0 N00049-0 N00263-0 N00244-0 N00176-1 N00188-0 N00104-1
2150	U00215	11/15/2025 01:22:00 PM	N00173 N00056 N00296 N00225 N00062 N00232 N00263 N00126 N00033	N00277-0 N00154-1 N00258-0 N00267-0 N00075-0 N00191-1
2151	U00216	11/10/2025 04:35:00 PM	N00017 N00227 N00172 N00261 N00241 N00119 N00256 N00164	N00251-0 N00174-0 N00141-0 N00257-1 N00217-1 N00015-0
2152	U00216	11/16/2025 05:23:00 AM	N00017 N00227 N00172 N00261 N00241 N00119 N00256 N00164	N00172-0 N00291-1 N00025-0 N00083-1 N00086-0 N00293-0 N00289-0 N00264-0
2153	U00216	11/12/2025 09:47:00 AM	N00017 N00227 N00172 N00261 N00241 N00119 N00256 N00164	N00167-0 N00096-0 N00201-0 N00065-1 N00035-1 N00034-1 N00105-0 N00078-0
2154	U00216	11/11/2025 06:42:00 AM	N00017 N00227 N00172 N00261 N00241 N00119 N00256 N00164	N00073-0 N00241-0 N00281-1 N00056-0 N00044-0 N00105-0 N00064-0
2155	U00216	11/11/2025 07:11:00 AM	N00017 N00227 N00172 N00261 N00241 N00119 N00256 N00164	N00176-0 N00248-0 N00112-1 N00231-0 N00108-0 N00159-0
2156	U00216	11/11/2025 09:29:00 AM	N00017 N00227 N00172 N00261 N00241 N00119 N00256 N00164	N00069-0 N00072-0 N00248-1 N00015-1 N00286-0 N00016-0
2157	U00216	11/11/2025 11:07:00 AM	N00017 N00227 N00172 N00261 N00241 N00119 N00256 N00164	N00230-0 N00140-0 N00009-0 N00182-0 N00100-1 N00109-1 N00010-0 N00202-1 N00225-0
2158	U00216	11/13/2025 05:03:00 PM	N00017 N00227 N00172 N00261 N00241 N00119 N00256 N00164	N00181-0 N00015-0 N00098-1 N00064-1 N00060-0
2159	U00216	11/14/2025 10:35:00 PM	N00017 N00227 N00172 N00261 N00241 N00119 N00256 N00164	N00176-0 N00169-0 N00295-0 N00258-1 N00018-1
2160	U00216	11/12/2025 11:17:00 AM	N00017 N00227 N00172 N00261 N00241 N00119 N00256 N00164	N00026-0 N00057-1 N00016-1 N00205-0 N00058-1 N00019-0 N00130-0
2161	U00217	11/13/2025 11:41:00 AM	N00236 N00270 N00139 N00131 N00184 N00082 N00013	N00124-0 N00278-0 N00074-0 N00195-0 N00003-1 N00162-1 N00177-0
2162	U00217	11/12/2025 06:52:00 PM	N00236 N00270 N00139 N00131 N00184 N00082 N00013	N00087-0 N00216-1 N00017-0 N00006-1 N00059-0 N00172-0 N00289-0
2163	U00217	11/11/2025 10:53:00 AM	N00236 N00270 N00139 N00131 N00184 N00082 N00013	N00300-0 N00209-1 N00194-0 N00239-1 N00015-0 N00026-0
2164	U00217	11/12/2025 12:33:00 AM	N00236 N00270 N00139 N00131 N00184 N00082 N00013	N00228-0 N00232-0 N00282-0 N00246-0 N00098-0 N00249-1 N00054-0
2165	U00217	11/16/2025 03:54:00 AM	N00236 N00270 N00139 N00131 N00184 N00082 N00013	N00018-0 N00028-0 N00204-1 N00069-0 N00087-0 N00033-0 N00133-0 N00043-1
2166	U00217	11/11/2025 12:44:00 AM	N00236 N00270 N00139 N00131 N00184 N00082 N00013	N00089-0 N00142-0 N00241-1 N00251-0 N00051-0 N00025-0
2167	U00217	11/13/2025 10:53:00 AM	N00236 N00270 N00139 N00131 N00184 N00082 N00013	N00175-0 N00294-0 N00130-0 N00171-1 N00230-0 N00061-0 N00063-1 N00006-1 N00118-1
2168	U00217	11/14/2025 01:42:00 PM	N00236 N00270 N00139 N00131 N00184 N00082 N00013	N00161-0 N00042-1 N00284-0 N00157-1 N00014-0 N00159-0 N00208-1 N00090-0 N00236-0
2169	U00217	11/12/2025 09:43:00 AM	N00236 N00270 N00139 N00131 N00184 N00082 N00013	N00246-0 N00292-0 N00247-0 N00087-1 N00022-1 N00157-0
2170	U00217	11/15/2025 02:47:00 AM	N00236 N00270 N00139 N00131 N00184 N00082 N00013	N00157-0 N00027-0 N00184-0 N00108-0 N00161-0
2171	U00218	11/14/2025 02:26:00 PM	N00076 N00136 N00094 N00263 N00172 N00053 N00086 N00248 N00202 N00161	N00050-0 N00176-0 N00018-0 N00178-0 N00161-0 N00037-0 N00153-0
2172	U00218	11/13/2025 04:55:00 AM	N00076 N00136 N00094 N00263 N00172 N00053 N00086 N00248 N00202 N00161	N00138-1 N00254-0 N00233-0 N00014-1
2173	U00218	11/12/2025 02:03:00 AM	N00076 N00136 N00094 N00263 N00172 N00053 N00086 N00248 N00202 N00161	N00158-0 N00176-0 N00049-0 N00141-0 N00200-1 N00217-0 N00168-0
2174	U00218	11/14/2025 11:10:00 AM	N00076 N00136 N00094 N00263 N00172 N00053 N00086 N00248 N00202 N00161	N00036-0 N00300-0 N00282-1 N00196-1 N00080-0 N00084-0 N00010-0
2175	U00218	11/13/2025 08:38:00 AM	N00076 N00136 N00094 N00263 N00172 N00053 N00086 N00248 N00202 N00161	N00046-1 N00208-1 N00017-0 N00110-1 N00241-1 N00278-0
2176	U00218	11/12/2025 03:50:00 PM	N00076 N00136 N00094 N00263 N00172 N00053 N00086 N00248 N00202 N00161	N00256-1 N00282-1 N00254-0 N00280-0 N00170-0 N00030-0 N00192-1 N00223-1
2177	U00218	11/15/2025 01:33:00 PM	N00076 N00136 N00094 N00263 N00172 N00053 N00086 N00248 N00202 N00161	N00244-0 N00289-0 N00290-1 N00052-0 N00037-1 N00127-0 N00227-1 N00230-1
2178	U00218	11/12/2025 01:18:00 AM	N00076 N00136 N00094 N00263 N00172 N00053 N00086 N00248 N00202 N00161	N00100-0 N00088-0 N00277-0 N00118-0 N00290-1 N00282-0 N00069-1 N00286-0 N00173-0
2179	U00218	11/12/2025 06:36:00 AM	N00076 N00136 N00094 N00263 N00172 N00053 N00086 N00248 N00202 N00161	N00112-1 N00187-1 N00232-0 N00063-0
2180	U00218	11/10/2025 06:04:00 PM	N00076 N00136 N00094 N00263 N00172 N00053 N00086 N00248 N00202 N00161	N00160-1 N00297-1 N00194-0 N00261-1
2181	U00219	11/14/2025 12:48:00 PM	N00146 N00011 N00051 N00189 N00118 N00209 N00231 N00108 N00229 N00270 N00292 N00269	N00105-1 N00276-1 N00177-0 N00279-0 N00249-1 N00019-0 N00252-0
2182	U00219	11/13/2025 08:38:00 PM	N00146 N00011 N00051 N00189 N00118 N00209 N00231 N00108 N00229 N00270 N00292 N00269	N00211-0 N00240-0 N00177-1 N00208-0
2183	U00219	11/16/2025 01:45:00 AM	N00146 N00011 N00051 N00189 N00118 N00209 N00231 N00108 N00229 N00270 N00292 N00269	N00081-0 N00181-0 N00254-1 N00014-1
2184	U00219	11/13/2025 06:33:00 AM	N00146 N00011 N00051 N00189 N00118 N00209 N00231 N00108 N00229 N00270 N00292 N00269	N00282-0 N00142-0 N00026-0 N00298-1 N00059-1 N00201-0 N00006-0 N00252-0 N00054-1
2185	U00219	11/15/2025 11:48:00 PM	N00146 N00011 N00051 N00189 N00118 N00209 N00231 N00108 N00229 N00270 N00292 N00269	N00088-0 N00055-0 N00037-1 N00012-1 N00115-0 N00254-1 N00206-1 N00116-0
2186	U00219	11/12/2025 07:20:00 AM	N00146 N00011 N00051 N00189 N00118 N00209 N00231 N00108 N00229 N00270 N00292 N00269	N00086-1 N00088-0 N00153-0 N00176-0 N00032-0 N00180-1 N00215-1 N00084-0
2187	U00219	11/11/2025 04:17:00 AM	N00146 N00011 N00051 N00189 N00118 N00209 N00231 N00108 N00229 N00270 N00292 N00269	N00113-0 N00161-0 N00214-0 N00184-1 N00167-1 N00203-1 N00180-0
2188	U00219	11/10/2025 10:31:00 AM	N00146 N00011 N00051 N00189 N00118 N00209 N00231 N00108 N00229 N00270 N00292 N00269	N00026-0 N00129-0 N00273-0 N00068-0 N00115-0 N00015-0 N00290-0 N00239-1
2189	U00219	11/14/2025 03:40:00 PM	N00146 N00011 N00051 N00189 N00118 N00209 N00231 N00108 N00229 N00270 N00292 N00269	N00089-0 N00055-0 N00112-0 N00184-1 N00185-0 N00042-0 N00249-0 N00002-0 N00273-1
2190	U00219	11/12/2025 05:24:00 AM	N00146 N00011 N00051 N00189 N00118 N00209 N00231 N00108 N00229 N00270 N00292 N00269	N00135-0 N00097-0 N00145-0 N00123-1 N00283-0 N00037-0 N00266-0
2191	U00220	11/12/2025 03:42:00 AM	N00095 N00188 N00020 N00113 N00299 N00266 N00224 N00165 N00075 N00246 N00288 N00134 N00178	N00263-0 N00158-1 N00105-0 N00274-1 N00208-0 N00031-1
2192	U00220	11/16/2025 12:14:00 AM	N00095 N00188 N00020 N00113 N00299 N00266 N00224 N00165 N00075 N00246 N00288 N00134 N00178	N00147-0 N00192-0 N00275-1 N00090-0 N00189-0 N00009-1 N00065-0
2193	U00220	11/16/2025 03:45:00 AM	N00095 N00188 N00020 N00113 N00299 N00266 N00224 N00165 N00075 N00246 N00288 N00134 N00178	N00266-1 N00111-0 N00155-0 N00165-1 N00188-0 N00085-1
2194	U00220	11/12/2025 09:07:00 PM	N00095 N00188 N00020 N00113 N00299 N00266 N00224 N00165 N00075 N00246 N00288 N00134 N00178	N00052-0 N00088-0 N00031-0 N00227-0 N00279-0 N00224-0
2195	U00220	11/13/2025 09:26:00 PM	N00095 N00188 N00020 N00113 N00299 N00266 N00224 N00165 N00075 N00246 N00288 N00134 N00178	N00255-1 N00283-0 N00102-0 N00178-0 N00074-1 N00165-1
2196	U00220	11/16/2025 01:27:00 AM	N00095 N00188 N00020 N00113 N00299 N00266 N00224 N00165 N00075 N00246 N00288 N00134 N00178	N00261-0 N00208-1 N00040-0 N00056-0 N00165-1
2197	U00220	11/12/2025 03:32:00 AM	N00095 N00188 N00020 N00113 N00299 N00266 N00224 N00165 N00075 N00246 N00288 N00134 N00178	N00043-0 N00100-1 N00085-1 N00138-0
2198	U00220	11/10/2025 10:22:00 AM	N00095 N00188 N00020 N00113 N00299 N00266 N00224 N00165 N00075 N00246 N00288 N00134 N00178	N00274-1 N00052-0 N00031-1 N00200-0 N00075-1 N00068-0
2199	U00220	11/11/2025 11:50:00 AM	N00095 N00188 N00020 N00113 N00299 N00266 N00224 N00165 N00075 N00246 N00288 N00134 N00178	N00121-0 N00180-0 N00123-0 N00107-0 N00238-0 N00274-0 N00091-1
2200	U00220	11/11/2025 06:19:00 PM	N00095 N00188 N00020 N00113 N00299 N00266 N00224 N00165 N00075 N00246 N00288 N00134 N00178	N00264-0 N00177-1 N00278-1 N00299-0 N00188-0 N00025-0 N00215-0 N00107-1 N00031-0
2201	U00221	11/13/2025 05:19:00 AM	N00071 N00185 N00103 N00235 N00193 N00035 N00089 N00197 N00017 N00195	N00252-0 N00172-1 N00287-0 N00089-1 N00147-1 N00026-0 N00076-0 N00096-0
2202	U00221	11/11/2025 10:05:00 AM	N00071 N00185 N00103 N00235 N00193 N00035 N00089 N00197 N00017 N00195	N00049-1 N00290-0 N00241-0 N00244-0 N00190-0 N00213-1 N00212-0
2203	U00221	11/12/2025 12:09:00 AM	N00071 N00185 N00103 N00235 N00193 N00035 N00089 N00197 N00017 N00195	N00173-0 N00030-1 N00294-0 N00041-0 N00174-0 N00134-0 N00001-0
2204	U00221	11/11/2025 09:19:00 AM	N00071 N00185 N00103 N00235 N00193 N00035 N00089 N00197 N00017 N00195	N00251-1 N00256-0 N00235-1 N00155-0 N00015-1 N00102-0
2205	U00221	11/13/2025 04:12:00 PM	N00071 N00185 N00103 N00235 N00193 N00035 N00089 N00197 N00017 N00195	N00277-0 N00093-0 N00127-0 N00047-0
2206	U00221	11/11/2025 05:30:00 AM	N00071 N00185 N00103 N00235 N00193 N00035 N00089 N00197 N00017 N00195	N00192-1 N00231-0 N00020-0 N00223-0 N00293-1 N00174-0
2207	U00221	11/13/2025 02:19:00 AM	N00071 N00185 N00103 N00235 N00193 N00035 N00089 N00197 N00017 N00195	N00196-1 N00052-1 N00155-0 N00026-1 N00161-0 N00004-0 N00008-0
2208	U00221	11/14/2025 11:13:00 PM	N00071 N00185 N00103 N00235 N00193 N00035 N00089 N00197 N00017 N00195	N00152-0 N00011-0 N00172-0 N00015-0
2209	U00221	11/12/2025 03:11:00 PM	N00071 N00185 N00103 N00235 N00193 N00035 N00089 N00197 N00017 N00195	N00204-0 N00150-0 N00246-0 N00257-0 N00209-0 N00238-1 N00283-0 N00289-0
2210	U00221	11/12/2025 06:18:00 AM	N00071 N00185 N00103 N00235 N00193 N00035 N00089 N00197 N00017 N00195	N00205-1 N00288-0 N00299-0 N00255-0 N00296-0 N00167-0
2211	U00222	11/13/2025 05:32:00 AM	N00049 N00008 N00205 N00027 N00164 N00195 N00247 N00111 N00064 N00053	N00101-0 N00133-0 N00238-0 N00175-0 N00220-1
2212	U00222	11/12/2025 03:45:00 AM	N00049 N00008 N00205 N00027 N00164 N00195 N00247 N00111 N00064 N00053	N00027-0 N00145-0 N00178-0 N00188-0 N00133-1 N00035-1
2213	U00222	11/15/2025 09:29:00 AM	N00049 N00008 N00205 N00027 N00164 N00195 N00247 N00111 N00064 N00053	N00073-1 N00064-1 N00100-1 N00294-0 N00089-0 N00284-1 N00232-0 N00009-1
2214	U00222	11/13/2025 12:52:00 AM	N00049 N00008 N00205 N00027 N00164 N00195 N00247 N00111 N00064 N00053	N00288-0 N00269-1 N00284-0 N00235-1 N00083-0 N00050-1 N00185-0
2215	U00222	11/13/2025 10:17:00 AM	N00049 N00008 N00205 N00027 N00164 N00195 N00247 N00111 N00064 N00053	N00185-0 N00225-1 N00111-1 N00300-1 N00273-0
2216	U00222	11/14/2025 04:06:00 PM	N00049 N00008 N00205 N00027 N00164 N00195 N00247 N00111 N00064 N00053	N00293-0 N00059-1 N00097-0 N00081-0 N00202-0 N00204-0 N00091-0 N00086-0
2217	U00222	11/15/2025 09:00:00 AM	N00049 N00008 N00205 N00027 N00164 N00195 N00247 N00111 N00064 N00053	N00080-0 N00223-0 N00087-0 N00119-1
2218	U00222	11/14/2025 04:29:00 AM	N00049 N00008 N00205 N00027 N00164 N00195 N00247 N00111 N00064 N00053	N00074-0 N00089-1 N00147-0 N00285-1 N00254-0
2219	U00222	11/15/2025 11:16:00 PM	N00049 N00008 N00205 N00027 N00164 N00195 N00247 N00111 N00064 N00053	N00285-1 N00135-0 N00195-0 N00055-0 N00206-1 N00226-0
2220	U00222	11/14/2025 01:14:00 AM	N00049 N00008 N00205 N00027 N00164 N00195 N00247 N00111 N00064 N00053	N00046-1 N00014-0 N00233-0 N00067-0 N00032-0 N00010-1
2221	U00223	11/12/2025 01:39:00 PM	N00037 N00120 N00058 N00234 N00300 N00063 N00270 N00253 N00068 N00087 N00231 N00127 N00255 N00215 N00260	N00169-0 N00190-0 N00056-0 N00077-0 N00242-1 N00036-0 N00162-0
2222	U00223	11/15/2025 10:11:00 PM	N00037 N00120 N00058 N00234 N00300 N00063 N00270 N00253 N00068 N00087 N00231 N00127 N00255 N00215 N00260	N00257-0 N00289-0 N00100-0 N00095-0 N00180-0 N00250-1 N00079-1
2223	U00223	11/10/2025 02:03:00 PM	N00037 N00120 N00058 N00234 N00300 N00063 N00270 N00253 N00068 N00087 N00231 N00127 N00255 N00215 N00260	N00048-0 N00008-0 N00046-0 N00009-0 N00043-1 N00160-0
2224	U00223	11/15/2025 08:54:00 AM	N00037 N00120 N00058 N00234 N00300 N00063 N00270 N00253 N00068 N00087 N00231 N00127 N00255 N00215 N00260	N00109-0 N00055-0 N00187-0 N00296-0 N00139-0 N00188-0 N00181-0
2225	U00223	11/15/2025 01:22:00 PM	N00037 N00120 N00058 N00234 N00300 N00063 N00270 N00253 N00068 N00087 N00231 N00127 N00255 N00215 N00260	N00027-0 N00171-0 N00250-1 N00137-0 N00231-1 N00030-0 N00085-0 N00008-0
2226	U00223	11/14/2025 05:31:00 PM	N00037 N00120 N00058 N00234 N00300 N00063 N00270 N00253 N00068 N00087 N00231 N00127 N00255 N00215 N00260	N00074-0 N00255-0 N00251-0 N00181-0 N00250-0
2227	U00223	11/15/2025 05:09:00 PM	N00037 N00120 N00058 N00234 N00300 N00063 N00270 N00253 N00068 N00087 N00231 N00127 N00255 N00215 N00260	N00089-0 N00093-0 N00258-0 N00114-1 N00288-0 N00222-0
2228	U00223	11/15/2025 05:30:00 AM	N00037 N00120 N00058 N00234 N00300 N00063 N00270 N00253 N00068 N00087 N00231 N00127 N00255 N00215 N00260	N00125-1 N00019-0 N00291-0 N00045-1 N00048-0 N00046-0 N00191-0
2229	U00223	11/13/2025 04:23:00 AM	N00037 N00120 N00058 N00234 N00300 N00063 N00270 N00253 N00068 N00087 N00231 N00127 N00255 N00215 N00260	N00003-0 N00128-0 N00216-1 N00287-0 N00071-0 N00290-0 N00156-0 N00084-1 N00053-0
2230	U00223	11/13/2025 04:44:00 AM	N00037 N00120 N00058 N00234 N00300 N00063 N00270 N00253 N00068 N00087 N00231 N00127 N00255 N00215 N00260	N00276-1 N00208-0 N00043-1 N00099-0 N00047-1
2231	U00224	11/10/2025 05:19:00 PM	N00163 N00010 N00138 N00281 N00152 N00287 N00283 N00298	N00259-1 N00030-0 N00049-0 N00158-0 N00206-0 N00082-0 N00212-0 N00037-1 N00229-0
2232	U00224	11/16/2025 04:40:00 AM	N00163 N00010 N00138 N00281 N00152 N00287 N00283 N00298	N00292-0 N00130-0 N00242-0 N00193-0
2233	U00224	11/13/2025 05:28:00 AM	N00163 N00010 N00138 N00281 N00152 N00287 N00283 N00298	N00272-0 N00222-1 N00187-1 N00179-0 N00235-0 N00012-1 N00289-0 N00168-1 N00026-0
2234	U00224	11/15/2025 01:36:00 PM	N00163 N00010 N00138 N00281 N00152 N00287 N00283 N00298	N00023-0 N00144-0 N00011-0 N00099-0 N00108-1 N00273-0 N00135-0 N00199-1
2235	U00224	11/12/2025 12:47:00 AM	N00163 N00010 N00138 N00281 N00152 N00287 N00283 N00298	N00023-0 N00052-0 N00128-1 N00103-0 N00012-1
2236	U00224	11/11/2025 05:06:00 AM	N00163 N00010 N00138 N00281 N00152 N00287 N00283 N00298	N00176-0 N00025-0 N00159-0 N00246-0 N00058-0 N00292-0 N00039-1 N00091-0
2237	U00224	11/13/2025 07:00:00 AM	N00163 N00010 N00138 N00281 N00152 N00287 N00283 N00298	N00022-1 N00151-0 N00284-0 N00266-0 N00247-1 N00114-0 N00048-0
2238	U00224	11/15/2025 01:02:00 PM	N00163 N00010 N00138 N00281 N00152 N00287 N00283 N00298	N00024-0 N00112-0 N00057-0 N00013-0 N00045-1 N00095-0 N00159-0 N00287-1 N00234-0
2239	U00224	11/15/2025 02:17:00 PM	N00163 N00010 N00138 N00281 N00152 N00287 N00283 N00298	N00107-0 N00020-0 N00047-1 N00086-0 N00013-0
2240	U00224	11/13/2025 12:36:00 AM	N00163 N00010 N00138 N00281 N00152 N00287 N00283 N00298	N00017-0 N00211-0 N00067-0 N00293-0 N00154-0 N00213-0 N00045-1
2241	U00225	11/12/2025 01:09:00 PM	N00196 N00125 N00117 N00152 N00066 N00160	N00047-0 N00020-0 N00016-0 N00107-0 N00249-1 N00206-1 N00102-0
2242	U00225	11/11/2025 09:06:00 PM	N00196 N00125 N00117 N00152 N00066 N00160	N00096-0 N00231-0 N00243-0 N00053-0 N00183-0 N00227-0 N00162-0
2243	U00225	11/12/2025 11:42:00 PM	N00196 N00125 N00117 N00152 N00066 N00160	N00166-0 N00025-1 N00117-0 N00263-0 N00139-1
2244	U00225	11/10/2025 01:39:00 PM	N00196 N00125 N00117 N00152 N00066 N00160	N00037-1 N00083-0 N00013-0 N00126-0 N00003-1 N00093-0 N00159-1 N00249-1 N00069-0
2245	U00225	11/15/2025 03:11:00 PM	N00196 N00125 N00117 N00152 N00066 N00160	N00030-0 N00192-0 N00048-0 N00200-1 N00138-0 N00045-0 N00029-0
2246	U00225	11/12/2025 03:09:00 AM	N00196 N00125 N00117 N00152 N00066 N00160	N00174-0 N00054-1 N00177-1 N00080-1 N00132-0 N00218-0
2247	U00225	11/15/2025 12:55:00 AM	N00196 N00125 N00117 N00152 N00066 N00160	N00227-0 N00220-0 N00093-0 N00003-1 N00005-0 N00195-0 N00086-0
2248	U00225	11/14/2025 12:25:00 AM	N00196 N00125 N00117 N00152 N00066 N00160	N00006-1 N00145-1 N00080-1 N00042-0 N00230-1
2249	U00225	11/12/2025 06:26:00 AM	N00196 N00125 N00117 N00152 N00066 N00160	N00001-1 N00220-0 N00146-1 N00062-0 N00041-1 N00204-1
2250	U00225	11/14/2025 03:37:00 PM	N00196 N00125 N00117 N00152 N00066 N00160	N00196-1 N00291-1 N00280-0 N00290-0 N00197-0
2251	U00226	11/12/2025 12:05:00 AM	N00275 N00164 N00103 N00190 N00126 N00294 N00238 N00026 N00227 N00071	N00093-0 N00195-1 N00089-0 N00153-0 N00186-0 N00032-0 N00253-0 N00185-1
2252	U00226	11/13/2025 07:38:00 PM	N00275 N00164 N00103 N00190 N00126 N00294 N00238 N00026 N00227 N00071	N00260-0 N00193-1 N00007-1 N00077-1 N00057-1 N00270-0
2253	U00226	11/15/2025 02:12:00 AM	N00275 N00164 N00103 N00190 N00126 N00294 N00238 N00026 N00227 N00071	N00145-1 N00279-0 N00270-0 N00036-0 N00210-0 N00253-0 N00039-0
2254	U00226	11/14/2025 07:00:00 AM	N00275 N00164 N00103 N00190 N00126 N00294 N00238 N00026 N00227 N00071	N00251-0 N00130-1 N00145-1 N00284-0 N00147-0 N00055-1 N00220-1 N00216-0
2255	U00226	11/12/2025 09:49:00 AM	N00275 N00164 N00103 N00190 N00126 N00294 N00238 N00026 N00227 N00071	N00125-0 N00172-1 N00248-0 N00188-0 N00253-0 N00035-0
2256	U00226	11/14/2025 08:52:00 PM	N00275 N00164 N00103 N00190 N00126 N00294 N00238 N00026 N00227 N00071	N00044-0 N00014-1 N00074-0 N00277-0 N00137-1 N00078-0 N00105-0 N00058-0
2257	U00226	11/10/2025 09:09:00 PM	N00275 N00164 N00103 N00190 N00126 N00294 N00238 N00026 N00227 N00071	N00175-1 N00291-0 N00101-1 N00084-0 N00055-1 N00102-0
2258	U00226	11/14/2025 11:12:00 PM	N00275 N00164 N00103 N00190 N00126 N00294 N00238 N00026 N00227 N00071	N00088-0 N00010-1 N00225-1 N00275-0 N00164-1 N00235-0
2259	U00226	11/12/2025 08:32:00 AM	N00275 N00164 N00103 N00190 N00126 N00294 N00238 N00026 N00227 N00071	N00009-0 N00117-0 N00070-0 N00197-0 N00071-0 N00112-1 N00144-1
2260	U00226	11/11/2025 03:43:00 AM	N00275 N00164 N00103 N00190 N00126 N00294 N00238 N00026 N00227 N00071	N00098-0 N00128-0 N00193-1 N00166-0 N00293-1 N00296-1
2261	U00227	11/12/2025 06:49:00 PM	N00110 N00106 N00220 N00195 N00034 N00271 N00084 N00099 N00104 N00174 N00140 N00227	N00055-0 N00124-0 N00201-1 N00241-1 N00181-0 N00044-0
2262	U00227	11/13/2025 03:38:00 AM	N00110 N00106 N00220 N00195 N00034 N00271 N00084 N00099 N00104 N00174 N00140 N00227	N00096-0 N00201-0 N00218-0 N00285-1
2263	U00227	11/11/2025 09:29:00 PM	N00110 N00106 N00220 N00195 N00034 N00271 N00084 N00099 N00104 N00174 N00140 N00227	N00123-0 N00168-1 N00007-1 N00004-0 N00258-1 N00107-0 N00069-0 N00081-1
2264	U00227	11/11/2025 10:11:00 AM	N00110 N00106 N00220 N00195 N00034 N00271 N00084 N00099 N00104 N00174 N00140 N00227	N00289-1 N00262-1 N00234-1 N00072-1 N00270-0 N00001-0 N00118-1
2265	U00227	11/11/2025 04:24:00 AM	N00110 N00106 N00220 N00195 N00034 N00271 N00084 N00099 N00104 N00174 N00140 N00227	N00272-0 N00217-0 N00220-1 N00256-1 N00194-0 N00101-0 N00206-0 N00152-0
2266	U00227	11/13/2025 06:14:00 AM	N00110 N00106 N00220 N00195 N00034 N00271 N00084 N00099 N00104 N00174 N00140 N00227	N00129-1 N00151-1 N00190-0 N00057-0 N00146-0 N00017-1 N00149-1 N00047-0
2267	U00227	11/12/2025 12:21:00 AM	N00110 N00106 N00220 N00195 N00034 N00271 N00084 N00099 N00104 N00174 N00140 N00227	N00053-0 N00112-0 N00080-0 N00073-0 N00071-0 N00043-0 N00070-0 N00261-1
2268	U00227	11/14/2025 10:56:00 PM	N00110 N00106 N00220 N00195 N00034 N00271 N00084 N00099 N00104 N00174 N00140 N00227	N00155-1 N00157-0 N00204-0 N00260-1 N00278-0 N00228-1 N00055-0 N00247-1
2269	U00227	11/12/2025 04:21:00 AM	N00110 N00106 N00220 N00195 N00034 N00271 N00084 N00099 N00104 N00174 N00140 N00227	N00241-1 N00167-0 N00179-0 N00149-0 N00133-0 N00264-0 N00143-0 N00021-0
2270	U00227	11/10/2025 10:37:00 PM	N00110 N00106 N00220 N00195 N00034 N00271 N00084 N00099 N00104 N00174 N00140 N00227	N00222-0 N00044-0 N00278-0 N00147-0 N00069-1 N00121-0
2271	U00228	11/10/2025 07:10:00 PM	N00087 N00269 N00047 N00184 N00013 N00231	N00014-0 N00081-0 N00039-1 N00260-0 N00168-1 N00199-1 N00097-0 N00182-0 N00145-0
2272	U00228	11/11/2025 03:54:00 AM	N00087 N00269 N00047 N00184 N00013 N00231	N00281-1 N00104-0 N00121-1 N00045-1 N00090-0
2273	U00228	11/11/2025 12:03:00 PM	N00087 N00269 N00047 N00184 N00013 N00231	N00279-0 N00236-1 N00084-0 N00068-0 N00242-0 N00245-0 N00281-0
2274	U00228	11/11/2025 06:22:00 AM	N00087 N00269 N00047 N00184 N00013 N00231	N00245-0 N00277-0 N00167-1 N00198-0 N00075-0 N00042-0 N00108-1
2275	U00228	11/11/2025 03:49:00 PM	N00087 N00269 N00047 N00184 N00013 N00231	N00253-1 N00084-0 N00043-0 N00019-0 N00228-0 N00292-1 N00285-0 N00224-0
2276	U00228	11/14/2025 09:12:00 AM	N00087 N00269 N00047 N00184 N00013 N00231	N00045-0 N00211-0 N00271-1 N00190-0 N00092-0 N00296-0
2277	U00228	11/11/2025 01:46:00 AM	N00087 N00269 N00047 N00184 N00013 N00231	N00078-0 N00162-0 N00064-0 N00035-0
2278	U00228	11/11/2025 12:59:00 AM	N00087 N00269 N00047 N00184 N00013 N00231	N00015-0 N00059-0 N00048-0 N00033-0 N00266-0 N00263-0 N00186-0 N00168-1
2279	U00228	11/12/2025 09:19:00 PM	N00087 N00269 N00047 N00184 N00013 N00231	N00271-0 N00043-1 N00138-0 N00075-0 N00180-1
2280	U00228	11/11/2025 05:10:00 AM	N00087 N00269 N00047 N00184 N00013 N00231	N00089-1 N00029-1 N00116-0 N00146-0 N00024-0 N00187-0
2281	U00229	11/15/2025 10:01:00 AM	N00071 N00257 N00161 N00153 N00240 N00110	N00123-0 N00070-0 N00071-0 N00145-0 N00147-1 N00152-0 N00085-0 N00176-0
2282	U00229	11/15/2025 01:01:00 PM	N00071 N00257 N00161 N00153 N00240 N00110	N00205-1 N00086-1 N00276-0 N00250-0
2283	U00229	11/11/2025 08:28:00 AM	N00071 N00257 N00161 N00153 N00240 N00110	N00083-0 N00294-1 N00247-0 N00285-0 N00272-0
2284	U00229	11/14/2025 09:08:00 AM	N00071 N00257 N00161 N00153 N00240 N00110	N00210-1 N00093-1 N00148-0 N00030-1 N00226-0 N00172-1 N00256-1
2285	U00229	11/14/2025 10:11:00 PM	N00071 N00257 N00161 N00153 N00240 N00110	N00218-1 N00082-1 N00244-1 N00058-0 N00086-1 N00184-0 N00169-0 N00014-0
2286	U00229	11/11/2025 11:57:00 AM	N00071 N00257 N00161 N00153 N00240 N00110	N00187-0 N00039-0 N00082-0 N00295-1 N00118-0 N00080-0 N00062-0
2287	U00229	11/14/2025 09:37:00 AM	N00071 N00257 N00161 N00153 N00240 N00110	N00201-0 N00261-0 N00142-0 N00080-0 N00049-1 N00064-1 N00171-0 N00299-0
2288	U00229	11/15/2025 06:43:00 PM	N00071 N00257 N00161 N00153 N00240 N00110	N00227-1 N00218-1 N00002-0 N00022-0 N00162-1 N00219-0 N00044-0 N00142-0
2289	U00229	11/10/2025 05:55:00 PM	N00071 N00257 N00161 N00153 N00240 N00110	N00197-0 N00239-1 N00257-0 N00175-1 N00243-0 N00139-0 N00020-0
2290	U00229	11/14/2025 07:02:00 PM	N00071 N00257 N00161 N00153 N00240 N00110	N00249-1 N00263-1 N00001-0 N00295-1 N00184-1 N00127-0 N00083-0 N00106-1
2291	U00230	11/13/2025 12:29:00 AM	N00049 N00257 N00155 N00218 N00227 N00081	N00172-1 N00266-0 N00234-0 N00076-1 N00038-0 N00267-0 N00206-0 N00048-0
2292	U00230	11/16/2025 03:53:00 AM	N00049 N00257 N00155 N00218 N00227 N00081	N00140-0 N00134-0 N00236-1 N00300-1 N00241-0 N00088-1 N00254-1
2293	U00230	11/15/2025 05:48:00 PM	N00049 N00257 N00155 N00218 N00227 N00081	N00061-0 N00265-1 N00093-0 N00114-0 N00031-0 N00155-0 N00167-1 N00238-0 N00094-0
2294	U00230	11/12/2025 09:01:00 AM	N00049 N00257 N00155 N00218 N00227 N00081	N00275-0 N00080-1 N00161-0 N00046-0 N00102-0 N00267-0 N00247-1 N00208-0
2295	U00230	11/13/2025 06:17:00 PM	N00049 N00257 N00155 N00218 N00227 N00081	N00124-0 N00089-1 N00127-1 N00126-0 N00008-1 N00017-1
2296	U00230	11/13/2025 08:53:00 AM	N00049 N00257 N00155 N00218 N00227 N00081	N00231-0 N00266-0 N00159-0 N00167-0 N00205-0 N00027-0 N00185-0 N00037-0
2297	U00230	11/11/2025 11:29:00 PM	N00049 N00257 N00155 N00218 N00227 N00081	N00050-0 N00136-0 N00290-1 N00220-1 N00048-0 N00164-0
2298	U00230	11/15/2025 01:31:00 PM	N00049 N00257 N00155 N00218 N00227 N00081	N00018-1 N00281-0 N00088-0 N00024-1 N00119-0
2299	U00230	11/14/2025 02:07:00 AM	N00049 N00257 N00155 N00218 N00227 N00081	N00137-0 N00074-1 N00101-0 N00175-0 N00236-0 N00131-0 N00223-0 N00219-1
2300	U00230	11/14/2025 10:40:00 AM	N00049 N00257 N00155 N00218 N00227 N00081	N00289-1 N00239-1 N00094-1 N00189-0 N00227-1 N00151-1
2301	U00231	11/16/2025 12:31:00 AM	N00224 N00226 N00299 N00170 N00091 N00266	N00085-1 N00075-1 N00226-0 N00030-0 N00031-1 N00110-0
2302	U00231	11/15/2025 01:06:00 AM	N00224 N00226 N00299 N00170 N00091 N00266	N00134-1 N00086-1 N00068-0 N00288-1 N00021-1 N00214-1 N00176-0
2303	U00231	11/15/2025 03:54:00 PM	N00224 N00226 N00299 N00170 N00091 N00266	N00156-0 N00021-0 N00088-0 N00097-1 N00091-1 N00224-1
2304	U00231	11/13/2025 12:07:00 AM	N00224 N00226 N00299 N00170 N00091 N00266	N00226-0 N00074-1 N00104-0 N00098-0 N00029-0 N00201-0 N00050-0
2305	U00231	11/11/2025 12:08:00 AM	N00224 N00226 N00299 N00170 N00091 N00266	N00004-1 N00097-0 N00227-0 N00256-0 N00270-0
2306	U00231	11/15/2025 06:02:00 PM	N00224 N00226 N00299 N00170 N00091 N00266	N00095-0 N00197-0 N00097-1 N00091-0 N00227-0 N00040-1
2307	U00231	11/16/2025 07:37:00 AM	N00224 N00226 N00299 N00170 N00091 N00266	N00275-0 N00034-0 N00289-0 N00067-0 N00134-0 N00100-1 N00175-0 N00092-0
2308	U00231	11/12/2025 09:44:00 PM	N00224 N00226 N00299 N00170 N00091 N00266	N00101-0 N00081-1 N00235-0 N00246-1 N00102-1 N00031-0 N00177-1 N00192-0
2309	U00231	11/16/2025 03:39:00 AM	N00224 N00226 N00299 N00170 N00091 N00266	N00287-0 N00090-1 N00285-0 N00095-0 N00132-0 N00286-0 N00246-1
2310	U00231	11/12/2025 12:43:00 AM	N00224 N00226 N00299 N00170 N00091 N00266	N00175-0 N00083-1 N00040-1 N00115-0 N00280-0 N00075-0
2311	U00232	11/11/2025 11:00:00 AM	N00091 N00074 N00299 N00274 N00224 N00208 N00088 N00090 N00214 N00075	N00143-0 N00247-0 N00085-1 N00139-0 N00114-0 N00213-0 N00246-0 N00208-0
2312	U00232	11/14/2025 11:58:00 AM	N00091 N00074 N00299 N00274 N00224 N00208 N00088 N00090 N00214 N00075	N00072-0 N00145-0 N00174-0 N00293-0 N00075-1 N00274-1
2313	U00232	11/12/2025 02:12:00 PM	N00091 N00074 N00299 N00274 N00224 N00208 N00088 N00090 N00214 N00075	N00078-0 N00040-0 N00008-0 N00164-0 N00030-0 N00299-1 N00133-0 N00188-1
2314	U00232	11/13/2025 04:14:00 AM	N00091 N00074 N00299 N00274 N00224 N00208 N00088 N00090 N00214 N00075	N00155-0 N00296-0 N00017-0 N00147-0 N00102-0 N00074-1 N00283-1
2315	U00232	11/11/2025 02:32:00 AM	N00091 N00074 N00299 N00274 N00224 N00208 N00088 N00090 N00214 N00075	N00097-0 N00112-0 N00074-1 N00214-0 N00216-0 N00023-0 N00100-0
2316	U00232	11/10/2025 09:25:00 PM	N00091 N00074 N00299 N00274 N00224 N00208 N00088 N00090 N00214 N00075	N00266-1 N00032-0 N00040-1 N00222-0 N00028-1
2317	U00232	11/13/2025 12:21:00 PM	N00091 N00074 N00299 N00274 N00224 N00208 N00088 N00090 N00214 N00075	N00231-0 N00038-0 N00009-1 N00012-0 N00020-1 N00133-0 N00244-0
2318	U00232	11/15/2025 10:47:00 AM	N00091 N00074 N00299 N00274 N00224 N00208 N00088 N00090 N00214 N00075	N00063-1 N00158-0 N00029-0 N00226-1 N00112-1 N00143-1 N00140-0 N00031-0
2319	U00232	11/15/2025 02:48:00 PM	N00091 N00074 N00299 N00274 N00224 N00208 N00088 N00090 N00214 N00075	N00260-0 N00015-0 N00067-0 N00090-1 N00028-0 N00158-0
2320	U00232	11/12/2025 05:54:00 PM	N00091 N00074 N00299 N00274 N00224 N00208 N00088 N00090 N00214 N00075	N00047-0 N00224-1 N00137-0 N00097-0 N00256-0 N00056-0 N00158-1
2321	U00233	11/15/2025 11:24:00 PM	N00035 N00019 N00049 N00007 N00289 N00115 N00144 N00016	N00106-0 N00232-1 N00224-0 N00004-0 N00220-0 N00162-0 N00131-0
2322	U00233	11/14/2025 09:24:00 AM	N00035 N00019 N00049 N00007 N00289 N00115 N00144 N00016	N00072-0 N00145-0 N00249-0 N00192-1 N00056-1 N00013-0
2323	U00233	11/12/2025 02:38:00 AM	N00035 N00019 N00049 N00007 N00289 N00115 N00144 N00016	N00281-0 N00062-1 N00243-0 N00070-1 N00258-0 N00277-0
2324	U00233	11/11/2025 06:33:00 AM	N00035 N00019 N00049 N00007 N00289 N00115 N00144 N00016	N00103-1 N00110-1 N00124-0 N00199-0 N00197-0
2325	U00233	11/14/2025 02:36:00 AM	N00035 N00019 N00049 N00007 N00289 N00115 N00144 N00016	N00246-0 N00268-1 N00065-0 N00241-0 N00218-0 N00275-1 N00122-0 N00109-0 N00212-1
2326	U00233	11/15/2025 09:58:00 PM	N00035 N00019 N00049 N00007 N00289 N00115 N00144 N00016	N00024-0 N00245-1 N00290-0 N00188-0 N00193-1 N00296-1
2327	U00233	11/14/2025 03:43:00 PM	N00035 N00019 N00049 N00007 N00289 N00115 N00144 N00016	N00016-1 N00031-0 N00246-0 N00072-0 N00244-0 N00272-0
2328	U00233	11/14/2025 07:55:00 PM	N00035 N00019 N00049 N00007 N00289 N00115 N00144 N00016	N00128-0 N00024-1 N00167-0 N00133-0 N00245-1 N00180-0 N00159-0 N00052-1 N00149-0
2329	U00233	11/15/2025 05:04:00 PM	N00035 N00019 N00049 N00007 N00289 N00115 N00144 N00016	N00084-1 N00004-0 N00190-1 N00019-0 N00200-0 N00251-0
2330	U00233	11/15/2025 11:01:00 PM	N00035 N00019 N00049 N00007 N00289 N00115 N00144 N00016	N00226-0 N00169-0 N00212-1 N00024-0 N00070-1 N00110-1 N00171-0 N00016-0 N00207-0
2331	U00234	11/13/2025 04:43:00 AM	N00200 N00057 N00002 N00148 N00220 N00017 N00060 N00061 N00055 N00145 N00098	N00064-0 N00209-1 N00256-0 N00004-0 N00257-1 N00001-1 N00038-0 N00084-0 N00146-0
2332	U00234	11/14/2025 09:20:00 AM	N00200 N00057 N00002 N00148 N00220 N00017 N00060 N00061 N00055 N00145 N00098	N00214-0 N00064-0 N00299-0 N00094-1
2333	U00234	11/13/2025 10:27:00 PM	N00200 N00057 N00002 N00148 N00220 N00017 N00060 N00061 N00055 N00145 N00098	N00187-1 N00031-1 N00242-0 N00061-0 N00167-0 N00036-0 N00120-1 N00090-0 N00086-1
2334	U00234	11/13/2025 08:55:00 AM	N00200 N00057 N00002 N00148 N00220 N00017 N00060 N00061 N00055 N00145 N00098	N00122-0 N00126-1 N00154-0 N00234-0 N00201-1 N00156-1
2335	U00234	11/13/2025 04:33:00 AM	N00200 N00057 N00002 N00148 N00220 N00017 N00060 N00061 N00055 N00145 N00098	N00127-0 N00221-1 N00243-0 N00001-0 N00131-0 N00017-0
2336	U00234	11/13/2025 12:28:00 AM	N00200 N00057 N00002 N00148 N00220 N00017 N00060 N00061 N00055 N00145 N00098	N00133-0 N00111-0 N00058-1 N00001-1 N00205-1
2337	U00234	11/13/2025 09:53:00 PM	N00200 N00057 N00002 N00148 N00220 N00017 N00060 N00061 N00055 N00145 N00098	N00119-1 N00071-0 N00291-0 N00203-0 N00216-0 N00067-0 N00202-1 N00194-0 N00183-1
2338	U00234	11/12/2025 06:38:00 AM	N00200 N00057 N00002 N00148 N00220 N00017 N00060 N00061 N00055 N00145 N00098	N00100-0 N00148-0 N00015-0 N00061-0 N00281-0 N00161-0 N00251-0
2339	U00234	11/12/2025 10:29:00 PM	N00200 N00057 N00002 N00148 N00220 N00017 N00060 N00061 N00055 N00145 N00098	N00042-0 N00155-1 N00014-0 N00131-0 N00173-1 N00220-0
2340	U00234	11/11/2025 10:49:00 PM	N00200 N00057 N00002 N00148 N00220 N00017 N00060 N00061 N00055 N00145 N00098	N00218-1 N00286-0 N00156-1 N00249-0 N00211-1 N00261-1 N00115-0 N00047-0
2341	U00235	11/11/2025 03:19:00 PM	N00017 N00251 N00294 N00161 N00230 N00278 N00166 N00148 N00150 N00190	N00190-0 N00007-1 N00065-0 N00153-1 N00189-1 N00268-0
2342	U00235	11/12/2025 06:39:00 AM	N00017 N00251 N00294 N00161 N00230 N00278 N00166 N00148 N00150 N00190	N00243-0 N00193-1 N00166-0 N00171-0 N00096-1 N00205-1
2343	U00235	11/16/2025 12:06:00 AM	N00017 N00251 N00294 N00161 N00230 N00278 N00166 N00148 N00150 N00190	N00102-0 N00130-1 N00065-0 N00234-0 N00278-0 N00092-0 N00050-1 N00206-0 N00190-0
2344	U00235	11/11/2025 11:55:00 AM	N00017 N00251 N00294 N00161 N00230 N00278 N00166 N00148 N00150 N00190	N00208-0 N00221-1 N00182-1 N00038-0 N00029-1
2345	U00235	11/11/2025 05:24:00 AM	N00017 N00251 N00294 N00161 N00230 N00278 N00166 N00148 N00150 N00190	N00126-0 N00075-0 N00165-0 N00230-1 N00244-0 N00152-0 N00240-1 N00161-1
2346	U00235	11/15/2025 09:29:00 AM	N00017 N00251 N00294 N00161 N00230 N00278 N00166 N00148 N00150 N00190	N00174-1 N00105-0 N00042-0 N00034-0 N00089-0 N00071-0
2347	U00235	11/10/2025 05:12:00 PM	N00017 N00251 N00294 N00161 N00230 N00278 N00166 N00148 N00150 N00190	N00050-1 N00275-1 N00152-0 N00289-1 N00089-0 N00112-0 N00184-0
2348	U00235	11/12/2025 12:37:00 AM	N00017 N00251 N00294 N00161 N00230 N00278 N00166 N00148 N00150 N00190	N00262-1 N00233-0 N00221-1 N00238-0 N00211-0 N00169-0
2349	U00235	11/10/2025 11:19:00 AM	N00017 N00251 N00294 N00161 N00230 N00278 N00166 N00148 N00150 N00190	N00119-0 N00106-0 N00096-1 N00165-0 N00135-0 N00296-1 N00199-0 N00101-0 N00071-0
2350	U00235	11/11/2025 07:42:00 AM	N00017 N00251 N00294 N00161 N00230 N00278 N00166 N00148 N00150 N00190	N00250-0 N00221-0 N00228-0 N00166-1 N00277-1 N00123-0 N00268-1
2351	U00236	11/10/2025 10:28:00 AM	N00094 N00147 N00081 N00248	N00192-0 N00046-0 N00079-0 N00153-1 N00142-1
2352	U00236	11/14/2025 02:19:00 AM	N00094 N00147 N00081 N00248	N00091-0 N00089-0 N00028-0 N00049-1 N00181-0 N00019-0
2353	U00236	11/11/2025 06:27:00 PM	N00094 N00147 N00081 N00248	N00161-0 N00167-0 N00075-0 N00267-0 N00109-0 N00145-0 N00078-0
2354	U00236	11/12/2025 12:42:00 PM	N00094 N00147 N00081 N00248	N00206-0 N00087-1 N00233-0 N00051-1 N00083-0 N00158-0 N00260-0 N00171-0 N00035-1
2355	U00236	11/12/2025 05:05:00 PM	N00094 N00147 N00081 N00248	N00123-1 N00110-0 N00153-1 N00137-1 N00032-0 N00033-0 N00039-0
2356	U00236	11/15/2025 03:48:00 PM	N00094 N00147 N00081 N00248	N00143-0 N00045-0 N00119-1 N00151-0 N00205-1 N00288-0
2357	U00236	11/12/2025 03:32:00 AM	N00094 N00147 N00081 N00248	N00203-1 N00174-1 N00192-1 N00115-0 N00200-0
2358	U00236	11/14/2025 07:31:00 AM	N00094 N00147 N00081 N00248	N00131-0 N00200-0 N00039-0 N00166-0 N00094-0 N00174-0 N00292-1
2359	U00236	11/12/2025 10:47:00 PM	N00094 N00147 N00081 N00248	N00257-0 N00129-0 N00053-0 N00023-1 N00070-0 N00180-0 N00160-0 N00220-0
2360	U00236	11/14/2025 12:39:00 AM	N00094 N00147 N00081 N00248	N00248-0 N00100-1 N00152-0 N00300-0 N00241-0 N00137-1 N00050-0
2361	U00237	11/11/2025 12:31:00 AM	N00172 N00007 N00033 N00015 N00050 N00148 N00223 N00235 N00130	N00200-0 N00195-1 N00207-0 N00190-1 N00048-0 N00083-1 N00226-0
2362	U00237	11/14/2025 03:08:00 AM	N00172 N00007 N00033 N00015 N00050 N00148 N00223 N00235 N00130	N00015-0 N00282-0 N00031-0 N00262-0 N00171-0 N00199-0 N00039-0
2363	U00237	11/14/2025 10:21:00 AM	N00172 N00007 N00033 N00015 N00050 N00148 N00223 N00235 N00130	N00147-0 N00160-0 N00103-0 N00144-0 N00042-0
2364	U00237	11/13/2025 02:15:00 AM	N00172 N00007 N00033 N00015 N00050 N00148 N00223 N00235 N00130	N00251-0 N00272-0 N00181-0 N00122-1 N00284-0
2365	U00237	11/14/2025 12:20:00 PM	N00172 N00007 N00033 N00015 N00050 N00148 N00223 N00235 N00130	N00264-1 N00228-0 N00043-0 N00082-0 N00168-0 N00195-1 N00139-0 N00096-1
2366	U00237	11/11/2025 05:25:00 PM	N00172 N00007 N00033 N00015 N00050 N00148 N00223 N00235 N00130	N00238-1 N00173-1 N00187-1 N00120-0 N00162-0 N00153-0 N00242-0
2367	U00237	11/15/2025 05:11:00 AM	N00172 N00007 N00033 N00015 N00050 N00148 N00223 N00235 N00130	N00181-0 N00251-0 N00262-1 N00188-0 N00204-0
2368	U00237	11/13/2025 07:03:00 PM	N00172 N00007 N00033 N00015 N00050 N00148 N00223 N00235 N00130	N00211-0 N00251-1 N00248-1 N00192-1 N00157-0 N00017-0 N00260-0 N00284-0 N00085-0
2369	U00237	11/10/2025 08:27:00 AM	N00172 N00007 N00033 N00015 N00050 N00148 N00223 N00235 N00130	N00275-0 N00237-0 N00138-0 N00155-0 N00122-1 N00185-0 N00276-0 N00165-0
2370	U00237	11/10/2025 09:55:00 AM	N00172 N00007 N00033 N00015 N00050 N00148 N00223 N00235 N00130	N00286-1 N00101-0 N00043-0 N00172-0 N00291-0 N00166-0 N00295-1 N00071-0
2371	U00238	11/12/2025 11:32:00 PM	N00275 N00122 N00033 N00190 N00056 N00225 N00021 N00035 N00008 N00219 N00256 N00279 N00070 N00089	N00263-1 N00220-1 N00189-0 N00055-1 N00192-0 N00206-0 N00199-0 N00113-0 N00128-0
2372	U00238	11/14/2025 02:45:00 AM	N00275 N00122 N00033 N00190 N00056 N00225 N00021 N00035 N00008 N00219 N00256 N00279 N00070 N00089	N00215-0 N00129-0 N00039-0 N00263-0 N00205-1
2373	U00238	11/16/2025 03:36:00 AM	N00275 N00122 N00033 N00190 N00056 N00225 N00021 N00035 N00008 N00219 N00256 N00279 N00070 N00089	N00139-0 N00244-1 N00025-0 N00121-0 N00023-1 N00193-1 N00126-0 N00154-1
2374	U00238	11/12/2025 02:18:00 AM	N00275 N00122 N00033 N00190 N00056 N00225 N00021 N00035 N00008 N00219 N00256 N00279 N00070 N00089	N00198-0 N00035-0 N00033-0 N00272-0 N00071-0 N00241-0 N00214-0 N00287-0
2375	U00238	11/14/2025 09:34:00 PM	N00275 N00122 N00033 N00190 N00056 N00225 N00021 N00035 N00008 N00219 N00256 N00279 N00070 N00089	N00165-0 N00287-0 N00214-0 N00248-1 N00181-0 N00050-1 N00126-1 N00152-0
2376	U00238	11/15/2025 04:12:00 AM	N00275 N00122 N00033 N00190 N00056 N00225 N00021 N00035 N00008 N00219 N00256 N00279 N00070 N00089	N00220-1 N00272-0 N00173-1 N00027-1 N00132-1 N00149-0 N00092-1 N00164-1
2377	U00238	11/12/2025 01:56:00 PM	N00275 N00122 N00033 N00190 N00056 N00225 N00021 N00035 N00008 N00219 N00256 N00279 N00070 N00089	N00080-0 N00242-0 N00032-0 N00112-0 N00265-1 N00083-0 N00198-0
2378	U00238	11/14/2025 03:54:00 AM	N00275 N00122 N00033 N00190 N00056 N00225 N00021 N00035 N00008 N00219 N00256 N00279 N00070 N00089	N00069-0 N00040-0 N00275-0 N00011-0 N00220-0 N00185-1 N00126-0 N00041-0
2379	U00238	11/11/2025 12:17:00 PM	N00275 N00122 N00033 N00190 N00056 N00225 N00021 N00035 N00008 N00219 N00256 N00279 N00070 N00089	N00034-0 N00275-1 N00223-1 N00217-1 N00173-0 N00141-0
2380	U00238	11/16/2025 01:57:00 AM	N00275 N00122 N00033 N00190 N00056 N00225 N00021 N00035 N00008 N00219 N00256 N00279 N00070 N00089	N00035-0 N00142-0 N00163-0 N00135-0 N00190-0 N00188-0 N00089-1 N00287-0 N00267-0
2381	U00239	11/11/2025 10:32:00 PM	N00018 N00002 N00098 N00119 N00174 N00008 N00110 N00297 N00275 N00112 N00248 N00183 N00202 N00240	N00214-0 N00018-0 N00221-0 N00002-1 N00238-0 N00087-0
2382	U00239	11/14/2025 09:34:00 PM	N00018 N00002 N00098 N00119 N00174 N00008 N00110 N00297 N00275 N00112 N00248 N00183 N00202 N00240	N00279-1 N00274-0 N00055-0 N00237-0 N00148-1 N00182-0 N00107-0 N00046-1
2383	U00239	11/15/2025 11:34:00 PM	N00018 N00002 N00098 N00119 N00174 N00008 N00110 N00297 N00275 N00112 N00248 N00183 N00202 N00240	N00082-0 N00126-1 N00273-0 N00223-1 N00035-1 N00152-0 N00218-1
2384	U00239	11/10/2025 04:04:00 PM	N00018 N00002 N00098 N00119 N00174 N00008 N00110 N00297 N00275 N00112 N00248 N00183 N00202 N00240	N00293-0 N00271-1 N00093-0 N00295-0 N00120-0
2385	U00239	11/10/2025 05:49:00 PM	N00018 N00002 N00098 N00119 N00174 N00008 N00110 N00297 N00275 N00112 N00248 N00183 N00202 N00240	N00097-0 N00260-0 N00124-1 N00297-0 N00185-1 N00194-1 N00106-1
2386	U00239	11/16/2025 12:43:00 AM	N00018 N00002 N00098 N00119 N00174 N00008 N00110 N00297 N00275 N00112 N00248 N00183 N00202 N00240	N00172-0 N00086-0 N00016-0 N00093-0 N00236-0 N00259-0 N00231-0
2387	U00239	11/12/2025 07:12:00 AM	N00018 N00002 N00098 N00119 N00174 N00008 N00110 N00297 N00275 N00112 N00248 N00183 N00202 N00240	N00159-0 N00089-1 N00283-0 N00137-1 N00297-0 N00216-0 N00208-1 N00055-0 N00229-0
2388	U00239	11/16/2025 04:39:00 AM	N00018 N00002 N00098 N00119 N00174 N00008 N00110 N00297 N00275 N00112 N00248 N00183 N00202 N00240	N00286-0 N00091-0 N00046-1 N00050-1 N00141-0 N00249-0 N00084-0
2389	U00239	11/15/2025 07:22:00 AM	N00018 N00002 N00098 N00119 N00174 N00008 N00110 N00297 N00275 N00112 N00248 N00183 N00202 N00240	N00283-0 N00262-0 N00249-0 N00017-0 N00162-0 N00111-1 N00058-0
2390	U00239	11/15/2025 03:44:00 PM	N00018 N00002 N00098 N00119 N00174 N00008 N00110 N00297 N00275 N00112 N00248 N00183 N00202 N00240	N00149-1 N00061-0 N00064-1 N00077-0 N00139-1 N00228-0 N00171-0 N00255-1 N00020-0
2391	U00240	11/15/2025 01:17:00 AM	N00149 N00248 N00071 N00084 N00159 N00007 N00268 N00093	N00294-1 N00143-0 N00185-1 N00016-1 N00034-0 N00136-1
2392	U00240	11/14/2025 07:30:00 PM	N00149 N00248 N00071 N00084 N00159 N00007 N00268 N00093	N00223-1 N00119-0 N00003-1 N00171-0 N00196-0 N00011-0 N00256-1
2393	U00240	11/16/2025 06:36:00 AM	N00149 N00248 N00071 N00084 N00159 N00007 N00268 N00093	N00005-0 N00027-0 N00245-0 N00220-1 N00120-0 N00260-0
2394	U00240	11/12/2025 03:24:00 PM	N00149 N00248 N00071 N00084 N00159 N00007 N00268 N00093	N00044-1 N00215-0 N00070-0 N00184-0 N00274-0 N00263-0 N00180-0 N00231-1
2395	U00240	11/11/2025 11:00:00 PM	N00149 N00248 N00071 N00084 N00159 N00007 N00268 N00093	N00155-0 N00279-1 N00025-0 N00277-0 N00177-0 N00234-0 N00175-1
2396	U00240	11/14/2025 12:57:00 AM	N00149 N00248 N00071 N00084 N00159 N00007 N00268 N00093	N00184-0 N00125-0 N00029-0 N00002-0 N00296-0
2397	U00240	11/15/2025 05:10:00 AM	N00149 N00248 N00071 N00084 N00159 N00007 N00268 N00093	N00131-0 N00160-0 N00210-0 N00124-0 N00073-0 N00245-0
2398	U00240	11/15/2025 02:23:00 AM	N00149 N00248 N00071 N00084 N00159 N00007 N00268 N00093	N00174-0 N00161-0 N00078-1 N00081-1 N00014-0 N00049-0
2399	U00240	11/14/2025 03:23:00 AM	N00149 N00248 N00071 N00084 N00159 N00007 N00268 N00093	N00176-0 N00247-0 N00043-0 N00016-1 N00035-1 N00021-1
2400	U00240	11/14/2025 02:50:00 AM	N00149 N00248 N00071 N00084 N00159 N00007 N00268 N00093	N00126-1 N00050-0 N00110-0 N00204-0 N00054-0 N00117-0 N00217-1
2401	U00241	11/14/2025 11:09:00 AM	N00103 N00133 N00256 N00083	N00235-1 N00175-1 N00224-0 N00057-1 N00210-0 N00214-0 N00221-0 N00138-0 N00291-0
2402	U00241	11/11/2025 11:41:00 PM	N00103 N00133 N00256 N00083	N00210-0 N00188-0 N00055-0 N00120-1 N00181-0 N00156-0
2403	U00241	11/15/2025 04:19:00 AM	N00103 N00133 N00256 N00083	N00284-0 N00051-0 N00247-0 N00018-1 N00087-0 N00038-1 N00083-1 N00267-0
2404	U00241	11/13/2025 06:29:00 AM	N00103 N00133 N00256 N00083	N00226-0 N00082-1 N00276-0 N00110-0 N00046-0 N00189-0 N00077-1
2405	U00241	11/16/2025 02:46:00 AM	N00103 N00133 N00256 N00083	N00180-0 N00140-0 N00094-1 N00027-1 N00051-0
2406	U00241	11/11/2025 10:06:00 AM	N00103 N00133 N00256 N00083	N00254-0 N00165-0 N00098-0 N00007-1
2407	U00241	11/11/2025 03:00:00 PM	N00103 N00133 N00256 N00083	N00112-0 N00194-0 N00096-1 N00252-1 N00175-0 N00081-0 N00211-0
2408	U00241	11/14/2025 01:25:00 AM	N00103 N00133 N00256 N00083	N00216-0 N00185-0 N00233-1 N00015-0 N00256-0
2409	U00241	11/14/2025 11:20:00 AM	N00103 N00133 N00256 N00083	N00076-0 N00057-1 N00087-0 N00107-0 N00206-0 N00214-0 N00270-0
2410	U00241	11/15/2025 11:51:00 AM	N00103 N00133 N00256 N00083	N00241-1 N00250-0 N00192-0 N00043-0 N00261-1
2411	U00242	11/13/2025 09:34:00 PM	N00170 N00143 N00067 N00165	N00107-1 N00100-1 N00091-1 N00252-0 N00136-0 N00238-0 N00113-0 N00293-0
2412	U00242	11/11/2025 01:24:00 PM	N00170 N00143 N00067 N00165	N00040-0 N00226-1 N00234-0 N00231-0 N00189-0 N00058-0 N00102-1
2413	U00242	11/15/2025 02:04:00 PM	N00170 N00143 N00067 N00165	N00003-0 N00178-0 N00134-0 N00104-0 N00048-1 N00262-0 N00040-0
2414	U00242	11/15/2025 11:30:00 AM	N00170 N00143 N00067 N00165	N00170-0 N00274-1 N00109-0 N00074-0 N00207-0
2415	U00242	11/15/2025 11:19:00 PM	N00170 N00143 N00067 N00165	N00122-0 N00281-0 N00167-0 N00102-0 N00017-0 N00267-0 N00188-1
2416	U00242	11/12/2025 07:18:00 AM	N00170 N00143 N00067 N00165	N00048-1 N00298-0 N00113-1 N00023-0 N00191-0 N00038-1
2417	U00242	11/10/2025 10:27:00 AM	N00170 N00143 N00067 N00165	N00185-0 N00184-0 N00028-0 N00153-0 N00071-0 N00196-0 N00158-0
2418	U00242	11/12/2025 10:22:00 AM	N00170 N00143 N00067 N00165	N00164-0 N00054-1 N00005-1 N00085-1 N00178-1 N00214-0
2419	U00242	11/15/2025 05:57:00 PM	N00170 N00143 N00067 N00165	N00059-0 N00102-0 N00288-1 N00134-1 N00171-0
2420	U00242	11/12/2025 03:25:00 AM	N00170 N00143 N00067 N00165	N00156-0 N00266-0 N00028-0 N00246-0 N00148-0
2421	U00243	11/10/2025 08:42:00 PM	N00299 N00020 N00208 N00009 N00102 N00158 N00097 N00095 N00074 N00004 N00048 N00282 N00113	N00029-0 N00142-0 N00051-0 N00283-1 N00134-0 N00048-1
2422	U00243	11/11/2025 11:14:00 PM	N00299 N00020 N00208 N00009 N00102 N00158 N00097 N00095 N00074 N00004 N00048 N00282 N00113	N00199-0 N00095-0 N00026-0 N00089-0 N00088-0 N00028-1 N00231-0
2423	U00243	11/10/2025 07:55:00 PM	N00299 N00020 N00208 N00009 N00102 N00158 N00097 N00095 N00074 N00004 N00048 N00282 N00113	N00122-0 N00207-0 N00257-0 N00085-0 N00058-0 N00102-1 N00221-0
2424	U00243	11/15/2025 06:05:00 PM	N00299 N00020 N00208 N00009 N00102 N00158 N00097 N00095 N00074 N00004 N00048 N00282 N00113	N00048-1 N00100-1 N00043-0 N00055-0 N00158-0 N00054-0
2425	U00243	11/11/2025 09:02:00 PM	N00299 N00020 N00208 N00009 N00102 N00158 N00097 N00095 N00074 N00004 N00048 N00282 N00113	N00065-0 N00157-0 N00127-0 N00266-0 N00119-1 N00106-0 N00116-0
2426	U00243	11/12/2025 11:20:00 PM	N00299 N00020 N00208 N00009 N00102 N00158 N00097 N00095 N00074 N00004 N00048 N00282 N00113	N00237-0 N00191-0 N00219-0 N00212-0 N00208-1 N00188-1
2427	U00243	11/15/2025 08:05:00 AM	N00299 N00020 N00208 N00009 N00102 N00158 N00097 N00095 N00074 N00004 N00048 N00282 N00113	N00213-0 N00291-0 N00031-1 N00138-0 N00091-1
2428	U00243	11/12/2025 10:18:00 PM	N00299 N00020 N00208 N00009 N00102 N00158 N00097 N00095 N00074 N00004 N00048 N00282 N00113	N00078-0 N00274-0 N00217-0 N00178-1 N00246-0 N00094-0 N00085-1
2429	U00243	11/15/2025 05:50:00 PM	N00299 N00020 N00208 N00009 N00102 N00158 N00097 N00095 N00074 N00004 N00048 N00282 N00113	N00178-0 N00277-0 N00155-0 N00009-0 N00094-1 N00266-0 N00061-0 N00215-0
2430	U00243	11/12/2025 07:06:00 PM	N00299 N00020 N00208 N00009 N00102 N00158 N00097 N00095 N00074 N00004 N00048 N00282 N00113	N00138-0 N00082-1 N00170-0 N00299-0
2431	U00244	11/12/2025 06:12:00 PM	N00172 N00099 N00290 N00256 N00098 N00086 N00200	N00125-0 N00034-1 N00174-1 N00105-0 N00240-1
2432	U00244	11/11/2025 04:22:00 AM	N00172 N00099 N00290 N00256 N00098 N00086 N00200	N00297-1 N00117-0 N00137-0 N00077-1 N00070-1 N00124-1
2433	U00244	11/16/2025 02:45:00 AM	N00172 N00099 N00290 N00256 N00098 N00086 N00200	N00240-1 N00176-0 N00034-1 N00032-0
2434	U00244	11/11/2025 10:35:00 PM	N00172 N00099 N00290 N00256 N00098 N00086 N00200	N00068-0 N00112-0 N00085-0 N00173-1 N00249-0 N00007-0 N00275-1 N00003-0 N00150-0
2435	U00244	11/15/2025 03:36:00 AM	N00172 N00099 N00290 N00256 N00098 N00086 N00200	N00104-1 N00174-1 N00246-0 N00045-0
2436	U00244	11/15/2025 06:42:00 AM	N00172 N00099 N00290 N00256 N00098 N00086 N00200	N00141-0 N00200-1 N00106-0 N00037-0
2437	U00244	11/13/2025 02:21:00 PM	N00172 N00099 N00290 N00256 N00098 N00086 N00200	N00119-1 N00012-0 N00019-0 N00048-0 N00199-0
2438	U00244	11/15/2025 04:13:00 PM	N00172 N00099 N00290 N00256 N00098 N00086 N00200	N00028-0 N00258-0 N00112-0 N00025-0
2439	U00244	11/14/2025 08:46:00 PM	N00172 N00099 N00290 N00256 N00098 N00086 N00200	N00171-0 N00130-0 N00069-1 N00135-0 N00138-1 N00256-0 N00006-0
2440	U00244	11/14/2025 06:35:00 PM	N00172 N00099 N00290 N00256 N00098 N00086 N00200	N00062-0 N00100-1 N00133-0 N00079-0 N00117-0 N00233-1 N00149-1 N00208-0
2441	U00245	11/12/2025 08:22:00 AM	N00226 N00040 N00274 N00020 N00097 N00028 N00048 N00107 N00246 N00165 N00067 N00143 N00214	N00148-0 N00283-0 N00004-1 N00162-0 N00038-1 N00166-0
2442	U00245	11/13/2025 06:14:00 AM	N00226 N00040 N00274 N00020 N00097 N00028 N00048 N00107 N00246 N00165 N00067 N00143 N00214	N00299-0 N00008-0 N00176-0 N00237-0 N00100-0 N00088-0 N00113-0
2443	U00245	11/14/2025 12:41:00 AM	N00226 N00040 N00274 N00020 N00097 N00028 N00048 N00107 N00246 N00165 N00067 N00143 N00214	N00178-1 N00226-0 N00112-0 N00188-1 N00059-0 N00012-1
2444	U00245	11/14/2025 09:38:00 AM	N00226 N00040 N00274 N00020 N00097 N00028 N00048 N00107 N00246 N00165 N00067 N00143 N00214	N00004-1 N00074-0 N00299-0 N00276-0 N00010-0
2445	U00245	11/10/2025 11:21:00 PM	N00226 N00040 N00274 N00020 N00097 N00028 N00048 N00107 N00246 N00165 N00067 N00143 N00214	N00188-1 N00127-0 N00091-1 N00210-0 N00082-0 N00028-0 N00048-1
2446	U00245	11/12/2025 02:29:00 PM	N00226 N00040 N00274 N00020 N00097 N00028 N00048 N00107 N00246 N00165 N00067 N00143 N00214	N00147-0 N00069-0 N00195-0 N00141-0 N00020-0 N00140-0 N00065-0
2447	U00245	11/11/2025 10:59:00 AM	N00226 N00040 N00274 N00020 N00097 N00028 N00048 N00107 N00246 N00165 N00067 N00143 N00214	N00176-0 N00296-0 N00038-1 N00299-0 N00247-1 N00140-0
2448	U00245	11/14/2025 08:13:00 AM	N00226 N00040 N00274 N00020 N00097 N00028 N00048 N00107 N00246 N00165 N00067 N00143 N00214	N00213-0 N00091-0 N00229-0 N00048-1 N00282-0 N00123-0 N00031-1 N00205-0
2449	U00245	11/11/2025 02:08:00 PM	N00226 N00040 N00274 N00020 N00097 N00028 N00048 N00107 N00246 N00165 N00067 N00143 N00214	N00102-1 N00263-0 N00226-0 N00118-0 N00107-1 N00131-0
2450	U00245	11/13/2025 08:43:00 AM	N00226 N00040 N00274 N00020 N00097 N00028 N00048 N00107 N00246 N00165 N00067 N00143 N00214	N00087-0 N00123-0 N00054-1 N00178-0 N00004-0 N00047-1 N00100-1
2451	U00246	11/11/2025 08:38:00 PM	N00205 N00023 N00159 N00221 N00213 N00164 N00096 N00210 N00093 N00227 N00268	N00166-1 N00031-0 N00144-0 N00016-0 N00074-0 N00232-0 N00063-0 N00170-0 N00280-0
2452	U00246	11/14/2025 03:32:00 AM	N00205 N00023 N00159 N00221 N00213 N00164 N00096 N00210 N00093 N00227 N00268	N00248-1 N00080-0 N00015-1 N00085-0 N00088-0 N00062-0
2453	U00246	11/10/2025 05:54:00 PM	N00205 N00023 N00159 N00221 N00213 N00164 N00096 N00210 N00093 N00227 N00268	N00140-0 N00070-1 N00047-0 N00169-0 N00282-0 N00192-1 N00278-1 N00114-0
2454	U00246	11/14/2025 10:36:00 PM	N00205 N00023 N00159 N00221 N00213 N00164 N00096 N00210 N00093 N00227 N00268	N00056-0 N00287-0 N00052-0 N00028-0 N00138-0 N00238-0 N00003-1 N00211-0
2455	U00246	11/11/2025 09:52:00 AM	N00205 N00023 N00159 N00221 N00213 N00164 N00096 N00210 N00093 N00227 N00268	N00072-1 N00289-1 N00282-0 N00277-1 N00290-0 N00219-1 N00280-0
2456	U00246	11/13/2025 04:36:00 AM	N00205 N00023 N00159 N00221 N00213 N00164 N00096 N00210 N00093 N00227 N00268	N00122-1 N00226-1 N00240-0 N00248-1 N00235-0
2457	U00246	11/11/2025 03:36:00 PM	N00205 N00023 N00159 N00221 N00213 N00164 N00096 N00210 N00093 N00227 N00268	N00050-0 N00091-0 N00256-0 N00093-1 N00101-1 N00240-0 N00291-0 N00237-0
2458	U00246	11/16/2025 01:45:00 AM	N00205 N00023 N00159 N00221 N00213 N00164 N00096 N00210 N00093 N00227 N00268	N00121-0 N00173-1 N00290-0 N00151-1 N00007-0 N00115-1
2459	U00246	11/10/2025 08:33:00 PM	N00205 N00023 N00159 N00221 N00213 N00164 N00096 N00210 N00093 N00227 N00268	N00149-1 N00242-0 N00211-0 N00112-0 N00227-0 N00236-0
2460	U00246	11/12/2025 04:13:00 AM	N00205 N00023 N00159 N00221 N00213 N00164 N00096 N00210 N00093 N00227 N00268	N00056-1 N00172-1 N00045-1 N00206-0 N00261-0 N00230-0
2461	U00247	11/11/2025 02:10:00 AM	N00207 N00167 N00121 N00010	N00258-0 N00209-0 N00059-0 N00100-0 N00204-1 N00116-1
2462	U00247	11/16/2025 12:49:00 AM	N00207 N00167 N00121 N00010	N00163-1 N00298-0 N00053-0 N00180-0 N00094-0
2463	U00247	11/10/2025 03:30:00 PM	N00207 N00167 N00121 N00010	N00235-0 N00101-0 N00133-0 N00292-1 N00228-1 N00123-0
2464	U00247	11/10/2025 09:18:00 PM	N00207 N00167 N00121 N00010	N00103-0 N00188-0 N00051-0 N00281-0 N00044-0 N00069-0 N00075-0 N00291-0
2465	U00247	11/14/2025 10:58:00 AM	N00207 N00167 N00121 N00010	N00150-0 N00020-0 N00073-0 N00207-0
2466	U00247	11/14/2025 01:32:00 PM	N00207 N00167 N00121 N00010	N00025-0 N00073-1 N00212-0 N00194-1 N00048-0 N00259-1
2467	U00247	11/15/2025 02:11:00 AM	N00207 N00167 N00121 N00010	N00214-0 N00239-1 N00274-1 N00034-0 N00058-1 N00179-0 N00039-0
2468	U00247	11/12/2025 11:14:00 PM	N00207 N00167 N00121 N00010	N00036-0 N00067-0 N00128-1 N00059-0
2469	U00247	11/11/2025 07:19:00 AM	N00207 N00167 N00121 N00010	N00223-0 N00204-1 N00006-0 N00237-0 N00149-1 N00119-1 N00211-1
2470	U00247	11/13/2025 09:33:00 PM	N00207 N00167 N00121 N00010	N00204-1 N00099-0 N00001-1 N00040-0 N00169-1 N00269-1 N00026-0
2471	U00248	11/15/2025 12:31:00 AM	N00227 N00280 N00103 N00235 N00179 N00290 N00202 N00289 N00220 N00077 N00195 N00099 N00174 N00027	N00071-1 N00265-1 N00029-0 N00211-1 N00041-0 N00204-1
2472	U00248	11/12/2025 11:48:00 PM	N00227 N00280 N00103 N00235 N00179 N00290 N00202 N00289 N00220 N00077 N00195 N00099 N00174 N00027	N00162-0 N00147-0 N00069-0 N00289-0 N00226-0 N00075-0
2473	U00248	11/14/2025 07:44:00 AM	N00227 N00280 N00103 N00235 N00179 N00290 N00202 N00289 N00220 N00077 N00195 N00099 N00174 N00027	N00171-0 N00011-0 N00164-1 N00026-0 N00061-1
2474	U00248	11/15/2025 02:13:00 AM	N00227 N00280 N00103 N00235 N00179 N00290 N00202 N00289 N00220 N00077 N00195 N00099 N00174 N00027	N00120-0 N00227-0 N00022-0 N00191-0 N00259-0 N00261-0 N00235-1
2475	U00248	11/13/2025 09:29:00 PM	N00227 N00280 N00103 N00235 N00179 N00290 N00202 N00289 N00220 N00077 N00195 N00099 N00174 N00027	N00265-0 N00042-0 N00044-0 N00051-1 N00032-0 N00016-1
2476	U00248	11/16/2025 02:51:00 AM	N00227 N00280 N00103 N00235 N00179 N00290 N00202 N00289 N00220 N00077 N00195 N00099 N00174 N00027	N00247-1 N00181-0 N00051-0 N00131-0 N00283-0 N00132-1 N00129-0
2477	U00248	11/13/2025 10:32:00 AM	N00227 N00280 N00103 N00235 N00179 N00290 N00202 N00289 N00220 N00077 N00195 N00099 N00174 N00027	N00261-1 N00054-0 N00156-1 N00079-0 N00109-1 N00018-1
2478	U00248	11/15/2025 01:36:00 AM	N00227 N00280 N00103 N00235 N00179 N00290 N00202 N00289 N00220 N00077 N00195 N00099 N00174 N00027	N00109-0 N00018-0 N00003-0 N00104-1
2479	U00248	11/16/2025 05:36:00 AM	N00227 N00280 N00103 N00235 N00179 N00290 N00202 N00289 N00220 N00077 N00195 N00099 N00174 N00027	N00169-0 N00036-1 N00240-0 N00201-0 N00083-1 N00128-0
2480	U00248	11/10/2025 12:43:00 PM	N00227 N00280 N00103 N00235 N00179 N00290 N00202 N00289 N00220 N00077 N00195 N00099 N00174 N00027	N00271-0 N00158-0 N00133-1 N00237-0 N00179-1
2481	U00249	11/10/2025 10:58:00 PM	N00173 N00017 N00056 N00016 N00256 N00159 N00007 N00046 N00225 N00071	N00258-0 N00154-1 N00016-1 N00270-0 N00112-1 N00245-1 N00273-0 N00215-0 N00174-1
2482	U00249	11/13/2025 09:23:00 AM	N00173 N00017 N00056 N00016 N00256 N00159 N00007 N00046 N00225 N00071	N00099-0 N00119-1 N00030-0 N00158-0 N00264-0 N00065-0 N00111-1
2483	U00249	11/13/2025 06:05:00 AM	N00173 N00017 N00056 N00016 N00256 N00159 N00007 N00046 N00225 N00071	N00105-0 N00023-0 N00250-0 N00070-0 N00197-1 N00239-0
2484	U00249	11/12/2025 11:34:00 PM	N00173 N00017 N00056 N00016 N00256 N00159 N00007 N00046 N00225 N00071	N00083-1 N00294-0 N00278-1 N00074-0 N00046-0 N00152-0
2485	U00249	11/16/2025 12:18:00 AM	N00173 N00017 N00056 N00016 N00256 N00159 N00007 N00046 N00225 N00071	N00050-1 N00289-1 N00119-0 N00228-0 N00013-0
2486	U00249	11/14/2025 02:59:00 AM	N00173 N00017 N00056 N00016 N00256 N00159 N00007 N00046 N00225 N00071	N00248-1 N00234-0 N00265-0 N00215-0
2487	U00249	11/10/2025 09:13:00 AM	N00173 N00017 N00056 N00016 N00256 N00159 N00007 N00046 N00225 N00071	N00057-0 N00142-0 N00245-0 N00145-0 N00179-0 N00266-1 N00014-0 N00275-0
2488	U00249	11/12/2025 04:04:00 PM	N00173 N00017 N00056 N00016 N00256 N00159 N00007 N00046 N00225 N00071	N00280-1 N00165-0 N00293-0 N00135-0 N00235-0 N00013-0 N00197-1 N00064-1
2489	U00249	11/10/2025 11:47:00 AM	N00173 N00017 N00056 N00016 N00256 N00159 N00007 N00046 N00225 N00071	N00253-0 N00283-0 N00269-0 N00010-0 N00168-0 N00261-0 N00008-1
2490	U00249	11/12/2025 09:31:00 PM	N00173 N00017 N00056 N00016 N00256 N00159 N00007 N00046 N00225 N00071	N00120-0 N00007-0 N00105-0 N00074-0 N00080-1 N00140-1 N00293-1
2491	U00250	11/12/2025 07:05:00 PM	N00260 N00254 N00066 N00253 N00189 N00234 N00010 N00087 N00270 N00284	N00114-1 N00150-0 N00204-1 N00011-0 N00109-1 N00100-0 N00094-0
2492	U00250	11/14/2025 12:25:00 AM	N00260 N00254 N00066 N00253 N00189 N00234 N00010 N00087 N00270 N00284	N00162-0 N00103-0 N00043-0 N00220-0 N00106-1 N00188-0
2493	U00250	11/10/2025 02:04:00 PM	N00260 N00254 N00066 N00253 N00189 N00234 N00010 N00087 N00270 N00284	N00191-0 N00024-1 N00250-0 N00281-1 N00123-1 N00223-0 N00047-1 N00164-0 N00158-0
2494	U00250	11/12/2025 09:21:00 PM	N00260 N00254 N00066 N00253 N00189 N00234 N00010 N00087 N00270 N00284	N00136-0 N00091-0 N00033-0 N00239-0 N00053-0 N00048-0 N00242-1
2495	U00250	11/14/2025 09:20:00 PM	N00260 N00254 N00066 N00253 N00189 N00234 N00010 N00087 N00270 N00284	N00193-0 N00023-0 N00040-0 N00300-0 N00158-0 N00005-0
2496	U00250	11/11/2025 08:19:00 PM	N00260 N00254 N00066 N00253 N00189 N00234 N00010 N00087 N00270 N00284	N00184-0 N00283-0 N00133-0 N00147-1 N00062-0
2497	U00250	11/14/2025 01:15:00 AM	N00260 N00254 N00066 N00253 N00189 N00234 N00010 N00087 N00270 N00284	N00128-0 N00064-0 N00182-0 N00276-1
2498	U00250	11/13/2025 03:33:00 AM	N00260 N00254 N00066 N00253 N00189 N00234 N00010 N00087 N00270 N00284	N00222-0 N00237-1 N00210-0 N00098-0
2499	U00250	11/13/2025 05:41:00 AM	N00260 N00254 N00066 N00253 N00189 N00234 N00010 N00087 N00270 N00284	N00240-0 N00105-0 N00090-0 N00028-0 N00128-0
2500	U00250	11/13/2025 03:33:00 AM	N00260 N00254 N00066 N00253 N00189 N00234 N00010 N00087 N00270 N00284	N00058-0 N00256-0 N00127-0 N00102-0 N00206-0 N00007-0
2501	U00251	11/11/2025 04:58:00 PM	N00174 N00133 N00017 N00057 N00172	N00183-1 N00072-1 N00213-1 N00242-0 N00134-0 N00284-0 N00222-0 N00161-0
2502	U00251	11/15/2025 01:59:00 AM	N00174 N00133 N00017 N00057 N00172	N00052-0 N00263-0 N00201-0 N00095-0 N00124-1 N00179-1 N00032-1 N00154-1 N00285-0
2503	U00251	11/13/2025 04:06:00 AM	N00174 N00133 N00017 N00057 N00172	N00203-0 N00137-1 N00109-0 N00069-1 N00012-0 N00152-0
2504	U00251	11/13/2025 11:30:00 PM	N00174 N00133 N00017 N00057 N00172	N00161-1 N00020-0 N00261-0 N00079-0 N00057-0
2505	U00251	11/11/2025 01:27:00 PM	N00174 N00133 N00017 N00057 N00172	N00107-0 N00297-0 N00087-0 N00250-0 N00202-1 N00077-1 N00030-0
2506	U00251	11/11/2025 09:47:00 AM	N00174 N00133 N00017 N00057 N00172	N00124-1 N00077-1 N00291-0 N00243-0 N00167-0 N00064-1 N00109-0
2507	U00251	11/13/2025 12:32:00 AM	N00174 N00133 N00017 N00057 N00172	N00190-0 N00161-0 N00220-1 N00009-1 N00119-1 N00248-0 N00079-0
2508	U00251	11/16/2025 04:52:00 AM	N00174 N00133 N00017 N00057 N00172	N00156-1 N00188-1 N00201-0 N00240-0 N00117-0 N00287-0 N00225-1
2509	U00251	11/11/2025 05:02:00 AM	N00174 N00133 N00017 N00057 N00172	N00112-1 N00284-0 N00236-1 N00116-1 N00258-0 N00123-1
2510	U00251	11/13/2025 01:43:00 AM	N00174 N00133 N00017 N00057 N00172	N00273-0 N00070-1 N00133-0 N00134-1 N00269-0 N00257-1 N00189-1 N00099-0
2511	U00252	11/11/2025 07:46:00 AM	N00091 N00178 N00170 N00102 N00224 N00020 N00158 N00107 N00100 N00134 N00274	N00282-0 N00206-1 N00097-0 N00147-0 N00165-0 N00090-0
2512	U00252	11/13/2025 08:43:00 AM	N00091 N00178 N00170 N00102 N00224 N00020 N00158 N00107 N00100 N00134 N00274	N00084-0 N00114-0 N00020-1 N00266-0
2513	U00252	11/15/2025 06:22:00 AM	N00091 N00178 N00170 N00102 N00224 N00020 N00158 N00107 N00100 N00134 N00274	N00009-0 N00252-1 N00282-1 N00246-1 N00177-0
2514	U00252	11/12/2025 10:52:00 PM	N00091 N00178 N00170 N00102 N00224 N00020 N00158 N00107 N00100 N00134 N00274	N00234-0 N00224-0 N00048-1 N00085-1 N00026-0
2515	U00252	11/10/2025 01:29:00 PM	N00091 N00178 N00170 N00102 N00224 N00020 N00158 N00107 N00100 N00134 N00274	N00147-0 N00009-1 N00209-0 N00178-0
2516	U00252	11/11/2025 12:47:00 PM	N00091 N00178 N00170 N00102 N00224 N00020 N00158 N00107 N00100 N00134 N00274	N00134-1 N00067-1 N00054-0 N00097-1 N00253-0
2517	U00252	11/16/2025 05:46:00 AM	N00091 N00178 N00170 N00102 N00224 N00020 N00158 N00107 N00100 N00134 N00274	N00297-1 N00097-1 N00074-1 N00048-1 N00185-0 N00011-0 N00006-0 N00170-1
2518	U00252	11/11/2025 12:20:00 PM	N00091 N00178 N00170 N00102 N00224 N00020 N00158 N00107 N00100 N00134 N00274	N00074-1 N00130-0 N00214-1 N00086-0 N00090-1 N00145-0 N00178-1
2519	U00252	11/16/2025 04:03:00 AM	N00091 N00178 N00170 N00102 N00224 N00020 N00158 N00107 N00100 N00134 N00274	N00053-0 N00299-0 N00134-0 N00073-0
2520	U00252	11/11/2025 05:32:00 PM	N00091 N00178 N00170 N00102 N00224 N00020 N00158 N00107 N00100 N00134 N00274	N00139-0 N00028-1 N00165-1 N00233-0 N00065-1 N00100-1
2521	U00253	11/12/2025 07:46:00 AM	N00199 N00157 N00082 N00058 N00237	N00045-0 N00296-0 N00131-1 N00212-0 N00186-0 N00104-0 N00025-1
2522	U00253	11/11/2025 01:19:00 AM	N00199 N00157 N00082 N00058 N00237	N00296-0 N00287-0 N00126-0 N00118-1 N00104-0
2523	U00253	11/14/2025 05:02:00 AM	N00199 N00157 N00082 N00058 N00237	N00155-0 N00076-0 N00269-1 N00298-1
2524	U00253	11/14/2025 03:05:00 PM	N00199 N00157 N00082 N00058 N00237	N00117-1 N00078-1 N00257-1 N00190-0 N00283-0 N00121-1
2525	U00253	11/12/2025 08:25:00 PM	N00199 N00157 N00082 N00058 N00237	N00074-0 N00219-0 N00276-1 N00229-1
2526	U00253	11/14/2025 03:01:00 PM	N00199 N00157 N00082 N00058 N00237	N00226-0 N00160-1 N00077-0 N00199-1 N00100-0 N00243-1 N00148-0 N00046-0 N00141-1
2527	U00253	11/15/2025 01:11:00 PM	N00199 N00157 N00082 N00058 N00237	N00224-0 N00062-0 N00272-1 N00281-0 N00264-0 N00223-0 N00134-0
2528	U00253	11/15/2025 03:16:00 PM	N00199 N00157 N00082 N00058 N00237	N00202-0 N00022-0 N00222-0 N00139-0 N00073-0 N00137-0 N00091-0 N00198-0
2529	U00253	11/14/2025 02:53:00 AM	N00199 N00157 N00082 N00058 N00237	N00051-1 N00150-0 N00063-1 N00034-1 N00263-0 N00109-0 N00105-1
2530	U00253	11/13/2025 05:20:00 PM	N00199 N00157 N00082 N00058 N00237	N00041-0 N00162-0 N00244-1 N00102-0 N00079-0 N00027-0 N00197-0
2531	U00254	11/16/2025 02:10:00 AM	N00274 N00288 N00009 N00095 N00004 N00038 N00246 N00091	N00274-0 N00275-0 N00290-0 N00031-1 N00092-0 N00093-0
2532	U00254	11/12/2025 09:35:00 PM	N00274 N00288 N00009 N00095 N00004 N00038 N00246 N00091	N00198-0 N00143-0 N00266-0 N00085-1 N00088-1 N00237-0
2533	U00254	11/11/2025 03:11:00 AM	N00274 N00288 N00009 N00095 N00004 N00038 N00246 N00091	N00225-0 N00090-1 N00246-1 N00207-0 N00226-0 N00065-1
2534	U00254	11/16/2025 02:54:00 AM	N00274 N00288 N00009 N00095 N00004 N00038 N00246 N00091	N00208-1 N00225-0 N00188-0 N00212-0 N00252-0 N00009-1 N00226-0
2535	U00254	11/16/2025 12:01:00 AM	N00274 N00288 N00009 N00095 N00004 N00038 N00246 N00091	N00107-0 N00244-0 N00081-0 N00152-0 N00121-0 N00280-0 N00020-1
2536	U00254	11/12/2025 10:03:00 PM	N00274 N00288 N00009 N00095 N00004 N00038 N00246 N00091	N00216-1 N00095-1 N00002-0 N00240-0 N00266-1 N00143-0
2537	U00254	11/12/2025 04:32:00 AM	N00274 N00288 N00009 N00095 N00004 N00038 N00246 N00091	N00237-0 N00113-0 N00134-1 N00074-0 N00288-0 N00294-0
2538	U00254	11/16/2025 03:50:00 AM	N00274 N00288 N00009 N00095 N00004 N00038 N00246 N00091	N00172-0 N00170-1 N00038-0 N00207-0 N00085-0 N00065-0
2539	U00254	11/13/2025 01:47:00 AM	N00274 N00288 N00009 N00095 N00004 N00038 N00246 N00091	N00147-0 N00188-0 N00191-0 N00227-0 N00048-0 N00074-1 N00156-1 N00179-0
2540	U00254	11/12/2025 01:42:00 AM	N00274 N00288 N00009 N00095 N00004 N00038 N00246 N00091	N00067-1 N00038-0 N00091-1 N00222-0 N00060-0
2541	U00255	11/11/2025 10:15:00 AM	N00113 N00282 N00074 N00020 N00214 N00038 N00009 N00067	N00021-0 N00107-0 N00189-0 N00120-0 N00020-1 N00231-0 N00064-0
2542	U00255	11/12/2025 05:20:00 PM	N00113 N00282 N00074 N00020 N00214 N00038 N00009 N00067	N00088-1 N00091-1 N00046-0 N00204-0 N00218-0
2543	U00255	11/12/2025 12:26:00 AM	N00113 N00282 N00074 N00020 N00214 N00038 N00009 N00067	N00263-0 N00033-0 N00160-0 N00226-1 N00179-0 N00165-1 N00113-1 N00009-0
2544	U00255	11/15/2025 11:31:00 PM	N00113 N00282 N00074 N00020 N00214 N00038 N00009 N00067	N00205-0 N00088-1 N00095-1 N00102-1 N00093-1 N00031-1
2545	U00255	11/13/2025 07:48:00 AM	N00113 N00282 N00074 N00020 N00214 N00038 N00009 N00067	N00240-1 N00096-1 N00156-0 N00158-0 N00020-0 N00129-0
2546	U00255	11/12/2025 03:33:00 PM	N00113 N00282 N00074 N00020 N00214 N00038 N00009 N00067	N00101-0 N00009-0 N00040-1 N00011-0 N00217-0 N00274-0 N00057-0 N00029-0
2547	U00255	11/10/2025 11:44:00 AM	N00113 N00282 N00074 N00020 N00214 N00038 N00009 N00067	N00131-0 N00016-0 N00040-0 N00100-1 N00002-1 N00282-1 N00065-1
2548	U00255	11/13/2025 08:07:00 PM	N00113 N00282 N00074 N00020 N00214 N00038 N00009 N00067	N00278-0 N00040-1 N00004-1 N00038-0 N00093-0 N00140-0 N00146-0 N00224-1 N00086-0
2549	U00255	11/15/2025 08:49:00 AM	N00113 N00282 N00074 N00020 N00214 N00038 N00009 N00067	N00040-1 N00263-0 N00095-1 N00282-1 N00162-0
2550	U00255	11/12/2025 08:35:00 PM	N00113 N00282 N00074 N00020 N00214 N00038 N00009 N00067	N00085-1 N00225-0 N00165-1 N00079-0
2551	U00256	11/11/2025 10:55:00 PM	N00106 N00225 N00112 N00145 N00099 N00156 N00007	N00097-0 N00069-1 N00059-0 N00055-0 N00130-0 N00256-1 N00271-0
2552	U00256	11/13/2025 09:19:00 PM	N00106 N00225 N00112 N00145 N00099 N00156 N00007	N00181-1 N00064-1 N00231-1 N00131-0 N00179-1 N00001-0
2553	U00256	11/13/2025 05:34:00 AM	N00106 N00225 N00112 N00145 N00099 N00156 N00007	N00231-0 N00143-0 N00252-1 N00228-0 N00235-1 N00044-0
2554	U00256	11/13/2025 08:58:00 AM	N00106 N00225 N00112 N00145 N00099 N00156 N00007	N00040-0 N00281-1 N00001-0 N00278-0 N00168-0 N00124-1 N00241-1 N00289-0
2555	U00256	11/11/2025 09:07:00 PM	N00106 N00225 N00112 N00145 N00099 N00156 N00007	N00092-0 N00071-0 N00003-1 N00261-1 N00268-0 N00205-0
2556	U00256	11/11/2025 03:32:00 AM	N00106 N00225 N00112 N00145 N00099 N00156 N00007	N00034-0 N00098-0 N00067-0 N00136-1 N00139-1 N00246-1 N00119-0
2557	U00256	11/14/2025 12:37:00 PM	N00106 N00225 N00112 N00145 N00099 N00156 N00007	N00005-0 N00119-0 N00076-0 N00024-0 N00267-0 N00206-0
2558	U00256	11/11/2025 06:50:00 PM	N00106 N00225 N00112 N00145 N00099 N00156 N00007	N00007-1 N00091-0 N00119-1 N00289-1 N00067-0 N00065-1 N00145-1 N00012-0
2559	U00256	11/12/2025 08:00:00 PM	N00106 N00225 N00112 N00145 N00099 N00156 N00007	N00195-1 N00110-0 N00213-0 N00057-1 N00126-0 N00139-0 N00043-0 N00112-1
2560	U00256	11/13/2025 11:23:00 AM	N00106 N00225 N00112 N00145 N00099 N00156 N00007	N00153-0 N00283-0 N00200-0 N00194-0 N00053-1 N00280-0
2561	U00257	11/15/2025 05:27:00 AM	N00183 N00071 N00220 N00137 N00179 N00263 N00151 N00221 N00099 N00104 N00205 N00008	N00070-1 N00272-0 N00233-1 N00202-0 N00064-0 N00185-0 N00224-0 N00300-0 N00286-1
2562	U00257	11/13/2025 03:57:00 PM	N00183 N00071 N00220 N00137 N00179 N00263 N00151 N00221 N00099 N00104 N00205 N00008	N00067-0 N00078-0 N00172-1 N00105-0 N00019-1 N00086-0
2563	U00257	11/11/2025 05:41:00 AM	N00183 N00071 N00220 N00137 N00179 N00263 N00151 N00221 N00099 N00104 N00205 N00008	N00146-0 N00042-0 N00084-0 N00017-0 N00026-0 N00060-1
2564	U00257	11/15/2025 11:39:00 AM	N00183 N00071 N00220 N00137 N00179 N00263 N00151 N00221 N00099 N00104 N00205 N00008	N00229-0 N00218-1 N00079-0 N00044-0 N00189-1 N00128-0 N00192-1
2565	U00257	11/11/2025 02:34:00 AM	N00183 N00071 N00220 N00137 N00179 N00263 N00151 N00221 N00099 N00104 N00205 N00008	N00162-0 N00096-0 N00083-1 N00002-0
2566	U00257	11/15/2025 07:20:00 AM	N00183 N00071 N00220 N00137 N00179 N00263 N00151 N00221 N00099 N00104 N00205 N00008	N00198-0 N00174-0 N00136-1 N00193-0
2567	U00257	11/14/2025 02:35:00 AM	N00183 N00071 N00220 N00137 N00179 N00263 N00151 N00221 N00099 N00104 N00205 N00008	N00237-0 N00281-1 N00179-1 N00247-0 N00100-1
2568	U00257	11/10/2025 09:37:00 PM	N00183 N00071 N00220 N00137 N00179 N00263 N00151 N00221 N00099 N00104 N00205 N00008	N00085-0 N00076-0 N00212-0 N00084-1 N00276-1 N00073-0 N00161-1 N00237-0
2569	U00257	11/14/2025 08:41:00 AM	N00183 N00071 N00220 N00137 N00179 N00263 N00151 N00221 N00099 N00104 N00205 N00008	N00177-0 N00071-1 N00086-0 N00025-0 N00042-1 N00146-0 N00024-1
2570	U00257	11/12/2025 02:46:00 PM	N00183 N00071 N00220 N00137 N00179 N00263 N00151 N00221 N00099 N00104 N00205 N00008	N00272-0 N00281-0 N00244-1 N00136-0 N00211-0 N00139-0 N00179-1
2571	U00258	11/16/2025 04:47:00 AM	N00083 N00289 N00106 N00265 N00290 N00071 N00089 N00055 N00235 N00094 N00002 N00019	N00025-1 N00192-0 N00172-1 N00031-0 N00067-0 N00236-1 N00184-0 N00153-0 N00223-0
2572	U00258	11/10/2025 01:47:00 PM	N00083 N00289 N00106 N00265 N00290 N00071 N00089 N00055 N00235 N00094 N00002 N00019	N00295-0 N00198-0 N00011-1 N00038-0 N00178-0 N00081-1 N00247-0 N00214-0
2573	U00258	11/13/2025 06:31:00 PM	N00083 N00289 N00106 N00265 N00290 N00071 N00089 N00055 N00235 N00094 N00002 N00019	N00240-1 N00156-1 N00214-0 N00134-0 N00117-0
2574	U00258	11/11/2025 05:45:00 AM	N00083 N00289 N00106 N00265 N00290 N00071 N00089 N00055 N00235 N00094 N00002 N00019	N00220-1 N00140-0 N00128-0 N00118-0 N00024-1
2575	U00258	11/12/2025 01:57:00 AM	N00083 N00289 N00106 N00265 N00290 N00071 N00089 N00055 N00235 N00094 N00002 N00019	N00275-1 N00230-0 N00181-0 N00267-0 N00296-0 N00248-1 N00145-0 N00160-1 N00021-0
2576	U00258	11/13/2025 01:04:00 AM	N00083 N00289 N00106 N00265 N00290 N00071 N00089 N00055 N00235 N00094 N00002 N00019	N00298-0 N00183-0 N00189-0 N00252-0 N00023-1
2577	U00258	11/11/2025 02:08:00 AM	N00083 N00289 N00106 N00265 N00290 N00071 N00089 N00055 N00235 N00094 N00002 N00019	N00065-1 N00094-0 N00165-0 N00238-1 N00166-0 N00263-1 N00079-1
2578	U00258	11/11/2025 12:50:00 PM	N00083 N00289 N00106 N00265 N00290 N00071 N00089 N00055 N00235 N00094 N00002 N00019	N00233-1 N00182-0 N00050-0 N00133-0 N00101-0
2579	U00258	11/10/2025 01:20:00 PM	N00083 N00289 N00106 N00265 N00290 N00071 N00089 N00055 N00235 N00094 N00002 N00019	N00183-1 N00286-1 N00188-0 N00227-0 N00121-0 N00280-0 N00036-1
2580	U00258	11/16/2025 01:56:00 AM	N00083 N00289 N00106 N00265 N00290 N00071 N00089 N00055 N00235 N00094 N00002 N00019	N00101-1 N00213-0 N00133-0 N00092-0 N00083-1 N00203-0 N00205-0
2581	U00259	11/15/2025 06:50:00 AM	N00133 N00182 N00161 N00137 N00225 N00057 N00098 N00112 N00081 N00007	N00017-0 N00055-0 N00002-1 N00058-1 N00081-0 N00032-0
2582	U00259	11/11/2025 11:34:00 AM	N00133 N00182 N00161 N00137 N00225 N00057 N00098 N00112 N00081 N00007	N00188-0 N00018-0 N00133-0 N00200-0 N00220-0 N00030-0 N00255-0
2583	U00259	11/12/2025 02:26:00 PM	N00133 N00182 N00161 N00137 N00225 N00057 N00098 N00112 N00081 N00007	N00050-0 N00094-1 N00292-0 N00046-0 N00083-0
2584	U00259	11/12/2025 08:22:00 PM	N00133 N00182 N00161 N00137 N00225 N00057 N00098 N00112 N00081 N00007	N00070-0 N00057-0 N00115-0 N00137-1 N00098-0 N00067-0 N00002-1
2585	U00259	11/11/2025 03:39:00 AM	N00133 N00182 N00161 N00137 N00225 N00057 N00098 N00112 N00081 N00007	N00061-1 N00028-0 N00242-0 N00256-1 N00026-0 N00172-0 N00123-0 N00050-0 N00112-1
2586	U00259	11/15/2025 03:04:00 PM	N00133 N00182 N00161 N00137 N00225 N00057 N00098 N00112 N00081 N00007	N00011-1 N00036-1 N00161-0 N00043-1
2587	U00259	11/14/2025 06:52:00 PM	N00133 N00182 N00161 N00137 N00225 N00057 N00098 N00112 N00081 N00007	N00280-0 N00077-0 N00078-0 N00131-1 N00009-0 N00279-0 N00296-1 N00033-0
2588	U00259	11/14/2025 08:31:00 AM	N00133 N00182 N00161 N00137 N00225 N00057 N00098 N00112 N00081 N00007	N00159-0 N00019-1 N00226-0 N00244-0 N00082-0 N00017-1 N00122-0 N00121-0
2589	U00259	11/15/2025 10:04:00 AM	N00133 N00182 N00161 N00137 N00225 N00057 N00098 N00112 N00081 N00007	N00055-1 N00268-0 N00175-0 N00235-0 N00186-0
2590	U00259	11/12/2025 04:29:00 PM	N00133 N00182 N00161 N00137 N00225 N00057 N00098 N00112 N00081 N00007	N00201-0 N00244-1 N00287-0 N00158-0 N00077-1 N00243-0 N00072-1 N00264-1
2591	U00260	11/14/2025 07:20:00 PM	N00056 N00213 N00193 N00136 N00115 N00046 N00014 N00219 N00223 N00008 N00096 N00190 N00275	N00126-0 N00276-0 N00298-0 N00215-0 N00123-0 N00205-0 N00277-1
2592	U00260	11/10/2025 03:54:00 PM	N00056 N00213 N00193 N00136 N00115 N00046 N00014 N00219 N00223 N00008 N00096 N00190 N00275	N00065-0 N00272-0 N00022-0 N00210-1 N00014-0 N00149-1 N00008-0
2593	U00260	11/11/2025 12:53:00 AM	N00056 N00213 N00193 N00136 N00115 N00046 N00014 N00219 N00223 N00008 N00096 N00190 N00275	N00046-1 N00251-1 N00265-1 N00239-0 N00186-0 N00090-0 N00021-0
2594	U00260	11/12/2025 08:49:00 PM	N00056 N00213 N00193 N00136 N00115 N00046 N00014 N00219 N00223 N00008 N00096 N00190 N00275	N00143-0 N00261-0 N00065-0 N00170-0 N00142-0 N00255-0 N00052-1 N00287-0 N00071-1
2595	U00260	11/12/2025 04:24:00 PM	N00056 N00213 N00193 N00136 N00115 N00046 N00014 N00219 N00223 N00008 N00096 N00190 N00275	N00251-1 N00120-0 N00212-0 N00140-0 N00107-0 N00198-1 N00123-0
2596	U00260	11/11/2025 10:08:00 AM	N00056 N00213 N00193 N00136 N00115 N00046 N00014 N00219 N00223 N00008 N00096 N00190 N00275	N00196-0 N00207-0 N00024-0 N00182-1 N00198-0 N00215-0
2597	U00260	11/10/2025 11:27:00 PM	N00056 N00213 N00193 N00136 N00115 N00046 N00014 N00219 N00223 N00008 N00096 N00190 N00275	N00064-0 N00030-1 N00235-1 N00079-0 N00206-0 N00267-0 N00200-0 N00014-0
2598	U00260	11/15/2025 05:26:00 AM	N00056 N00213 N00193 N00136 N00115 N00046 N00014 N00219 N00223 N00008 N00096 N00190 N00275	N00128-0 N00005-0 N00226-0 N00281-0 N00174-1 N00225-0
2599	U00260	11/14/2025 07:16:00 AM	N00056 N00213 N00193 N00136 N00115 N00046 N00014 N00219 N00223 N00008 N00096 N00190 N00275	N00025-0 N00157-0 N00177-0 N00191-0 N00172-1 N00121-0 N00055-0 N00242-0
2600	U00260	11/13/2025 01:01:00 PM	N00056 N00213 N00193 N00136 N00115 N00046 N00014 N00219 N00223 N00008 N00096 N00190 N00275	N00040-0 N00245-0 N00193-0 N00282-0 N00142-1 N00145-0 N00247-0
2601	U00261	11/14/2025 05:50:00 PM	N00017 N00112 N00111 N00103	N00111-1 N00136-1 N00289-0 N00211-0 N00235-0 N00219-0 N00250-0
2602	U00261	11/12/2025 05:46:00 PM	N00017 N00112 N00111 N00103	N00262-0 N00124-0 N00206-1 N00082-0
2603	U00261	11/12/2025 04:28:00 AM	N00017 N00112 N00111 N00103	N00278-0 N00112-1 N00101-0 N00011-0 N00197-0 N00051-0 N00173-1
2604	U00261	11/16/2025 01:32:00 AM	N00017 N00112 N00111 N00103	N00143-0 N00230-0 N00055-1 N00175-0
2605	U00261	11/14/2025 10:33:00 PM	N00017 N00112 N00111 N00103	N00120-0 N00083-0 N00197-0 N00265-0 N00202-1
2606	U00261	11/14/2025 03:37:00 AM	N00017 N00112 N00111 N00103	N00086-1 N00078-0 N00254-0 N00140-1 N00180-0
2607	U00261	11/14/2025 06:15:00 AM	N00017 N00112 N00111 N00103	N00229-0 N00275-0 N00164-0 N00273-0
2608	U00261	11/12/2025 12:19:00 AM	N00017 N00112 N00111 N00103	N00257-0 N00129-0 N00040-0 N00169-0 N00180-0 N00109-1 N00046-1
2609	U00261	11/13/2025 10:41:00 AM	N00017 N00112 N00111 N00103	N00071-1 N00143-0 N00081-1 N00231-0 N00280-1 N00296-0
2610	U00261	11/13/2025 07:47:00 AM	N00017 N00112 N00111 N00103	N00045-0 N00031-0 N00004-0 N00076-0 N00218-1
2611	U00262	11/13/2025 04:44:00 PM	N00038 N00065 N00020 N00208 N00102	N00058-0 N00282-1 N00178-0 N00107-1 N00167-0 N00214-1
2612	U00262	11/11/2025 12:01:00 AM	N00038 N00065 N00020 N00208 N00102	N00020-1 N00243-1 N00208-0 N00264-0 N00288-1 N00163-0 N00121-0 N00075-1 N00217-0
2613	U00262	11/11/2025 08:30:00 AM	N00038 N00065 N00020 N00208 N00102	N00067-0 N00070-0 N00259-0 N00208-1 N00065-1 N00145-0 N00282-1
2614	U00262	11/15/2025 04:01:00 AM	N00038 N00065 N00020 N00208 N00102	N00083-0 N00107-1 N00299-1 N00226-1 N00027-0 N00158-0 N00295-0
2615	U00262	11/12/2025 11:43:00 AM	N00038 N00065 N00020 N00208 N00102	N00028-0 N00208-1 N00050-0 N00197-0 N00174-0 N00095-1 N00299-1 N00269-1
2616	U00262	11/15/2025 08:00:00 AM	N00038 N00065 N00020 N00208 N00102	N00299-1 N00214-0 N00250-0 N00084-0 N00004-1 N00266-1 N00284-1
2617	U00262	11/14/2025 08:13:00 AM	N00038 N00065 N00020 N00208 N00102	N00106-1 N00087-0 N00075-1 N00292-1 N00090-1 N00067-1
2618	U00262	11/16/2025 05:05:00 AM	N00038 N00065 N00020 N00208 N00102	N00296-0 N00074-1 N00266-1 N00077-0 N00121-1 N00088-0 N00112-0
2619	U00262	11/12/2025 04:14:00 AM	N00038 N00065 N00020 N00208 N00102	N00213-0 N00095-0 N00075-0 N00156-0 N00183-0 N00038-0 N00206-0
2620	U00262	11/12/2025 01:58:00 PM	N00038 N00065 N00020 N00208 N00102	N00085-0 N00135-0 N00154-0 N00188-1 N00019-0 N00290-0
2621	U00263	11/13/2025 11:48:00 PM	N00004 N00274 N00091 N00299 N00208 N00224 N00282 N00178 N00143 N00113	N00188-1 N00288-1 N00287-0 N00056-0 N00192-0 N00246-1 N00276-0
2622	U00263	11/16/2025 02:58:00 AM	N00004 N00274 N00091 N00299 N00208 N00224 N00282 N00178 N00143 N00113	N00178-1 N00270-0 N00299-1 N00107-1 N00176-0
2623	U00263	11/10/2025 10:38:00 PM	N00004 N00274 N00091 N00299 N00208 N00224 N00282 N00178 N00143 N00113	N00211-1 N00266-0 N00081-0 N00268-0 N00097-1 N00020-1 N00067-0 N00160-0 N00101-0
2624	U00263	11/13/2025 05:30:00 PM	N00004 N00274 N00091 N00299 N00208 N00224 N00282 N00178 N00143 N00113	N00268-0 N00020-0 N00181-0 N00048-1 N00184-0 N00249-0
2625	U00263	11/14/2025 09:15:00 AM	N00004 N00274 N00091 N00299 N00208 N00224 N00282 N00178 N00143 N00113	N00082-1 N00136-0 N00001-0 N00282-1 N00100-1
2626	U00263	11/13/2025 05:01:00 AM	N00004 N00274 N00091 N00299 N00208 N00224 N00282 N00178 N00143 N00113	N00090-0 N00007-0 N00028-0 N00120-0 N00300-0
2627	U00263	11/14/2025 07:50:00 PM	N00004 N00274 N00091 N00299 N00208 N00224 N00282 N00178 N00143 N00113	N00274-0 N00064-0 N00097-1 N00266-0 N00226-1 N00294-0
2628	U00263	11/12/2025 12:15:00 AM	N00004 N00274 N00091 N00299 N00208 N00224 N00282 N00178 N00143 N00113	N00040-0 N00020-0 N00249-0 N00114-0 N00254-0 N00088-1 N00282-0 N00018-0 N00168-0
2629	U00263	11/12/2025 04:52:00 PM	N00004 N00274 N00091 N00299 N00208 N00224 N00282 N00178 N00143 N00113	N00050-0 N00025-0 N00266-1 N00134-0 N00048-1
2630	U00263	11/15/2025 11:32:00 AM	N00004 N00274 N00091 N00299 N00208 N00224 N00282 N00178 N00143 N00113	N00296-0 N00065-1 N00113-0 N00246-0 N00183-0 N00224-0
2631	U00264	11/16/2025 05:09:00 AM	N00082 N00196 N00254 N00300 N00121 N00045	N00088-0 N00203-0 N00092-1 N00101-0
2632	U00264	11/13/2025 07:50:00 PM	N00082 N00196 N00254 N00300 N00121 N00045	N00279-0 N00224-0 N00261-0 N00082-0 N00103-0 N00039-0 N00010-1 N00108-0 N00200-0
2633	U00264	11/14/2025 04:38:00 AM	N00082 N00196 N00254 N00300 N00121 N00045	N00199-0 N00155-0 N00064-0 N00073-0 N00244-0 N00221-0 N00211-1 N00052-1 N00298-0
2634	U00264	11/14/2025 01:15:00 AM	N00082 N00196 N00254 N00300 N00121 N00045	N00188-0 N00291-1 N00252-0 N00228-1 N00083-1
2635	U00264	11/14/2025 10:39:00 AM	N00082 N00196 N00254 N00300 N00121 N00045	N00146-0 N00065-0 N00189-0 N00187-0 N00061-0
2636	U00264	11/11/2025 10:33:00 PM	N00082 N00196 N00254 N00300 N00121 N00045	N00268-1 N00267-0 N00207-0 N00211-1 N00173-0 N00293-0
2637	U00264	11/11/2025 08:43:00 AM	N00082 N00196 N00254 N00300 N00121 N00045	N00157-1 N00298-0 N00240-0 N00210-0 N00041-0
2638	U00264	11/11/2025 08:34:00 AM	N00082 N00196 N00254 N00300 N00121 N00045	N00030-0 N00071-1 N00197-0 N00114-1 N00033-0 N00012-1 N00028-0 N00129-1
2639	U00264	11/11/2025 02:20:00 PM	N00082 N00196 N00254 N00300 N00121 N00045	N00267-1 N00090-0 N00051-0 N00110-0 N00239-0 N00107-0
2640	U00264	11/12/2025 03:11:00 PM	N00082 N00196 N00254 N00300 N00121 N00045	N00197-0 N00118-0 N00258-0 N00080-1
2641	U00265	11/13/2025 07:05:00 PM	N00137 N00027 N00133 N00081 N00046 N00119 N00148 N00256 N00179 N00057 N00161 N00145	N00211-0 N00210-0 N00205-1 N00101-1 N00295-1 N00118-0 N00042-0
2642	U00265	11/15/2025 09:22:00 PM	N00137 N00027 N00133 N00081 N00046 N00119 N00148 N00256 N00179 N00057 N00161 N00145	N00104-0 N00076-1 N00015-0 N00160-1 N00102-0 N00144-0
2643	U00265	11/14/2025 10:45:00 PM	N00137 N00027 N00133 N00081 N00046 N00119 N00148 N00256 N00179 N00057 N00161 N00145	N00260-0 N00019-1 N00278-0 N00119-1 N00099-0 N00285-0 N00125-0 N00021-0 N00240-1
2644	U00265	11/10/2025 03:43:00 PM	N00137 N00027 N00133 N00081 N00046 N00119 N00148 N00256 N00179 N00057 N00161 N00145	N00110-1 N00097-0 N00214-1 N00127-1 N00206-1 N00168-0 N00048-0
2645	U00265	11/14/2025 08:25:00 AM	N00137 N00027 N00133 N00081 N00046 N00119 N00148 N00256 N00179 N00057 N00161 N00145	N00035-1 N00245-1 N00261-0 N00280-0 N00005-0 N00117-0
2646	U00265	11/10/2025 02:25:00 PM	N00137 N00027 N00133 N00081 N00046 N00119 N00148 N00256 N00179 N00057 N00161 N00145	N00118-0 N00097-1 N00139-0 N00173-0 N00192-1 N00010-0
2647	U00265	11/15/2025 04:36:00 PM	N00137 N00027 N00133 N00081 N00046 N00119 N00148 N00256 N00179 N00057 N00161 N00145	N00281-0 N00126-0 N00159-1 N00147-1 N00077-1
2648	U00265	11/15/2025 04:25:00 AM	N00137 N00027 N00133 N00081 N00046 N00119 N00148 N00256 N00179 N00057 N00161 N00145	N00212-0 N00155-0 N00020-1 N00134-0 N00164-1 N00287-0 N00213-0
2649	U00265	11/10/2025 09:34:00 AM	N00137 N00027 N00133 N00081 N00046 N00119 N00148 N00256 N00179 N00057 N00161 N00145	N00030-0 N00298-0 N00177-0 N00135-1 N00174-1 N00271-0 N00218-1 N00097-0
2650	U00265	11/14/2025 10:27:00 AM	N00137 N00027 N00133 N00081 N00046 N00119 N00148 N00256 N00179 N00057 N00161 N00145	N00173-1 N00160-0 N00055-0 N00164-0 N00030-0 N00127-0 N00036-0 N00040-0 N00228-0
2651	U00266	11/13/2025 07:21:00 AM	N00071 N00265 N00173 N00289	N00202-1 N00165-0 N00289-1 N00252-0 N00293-0 N00084-1 N00113-0
2652	U00266	11/11/2025 04:22:00 AM	N00071 N00265 N00173 N00289	N00261-1 N00245-0 N00280-1 N00212-1 N00222-0 N00258-1
2653	U00266	11/10/2025 09:46:00 PM	N00071 N00265 N00173 N00289	N00222-0 N00036-1 N00121-0 N00250-0 N00078-1 N00159-0 N00280-0 N00205-1
2654	U00266	11/13/2025 12:20:00 AM	N00071 N00265 N00173 N00289	N00053-0 N00291-0 N00004-0 N00294-1 N00172-1 N00157-1 N00124-1
2655	U00266	11/10/2025 08:02:00 AM	N00071 N00265 N00173 N00289	N00256-1 N00162-0 N00166-0 N00159-0 N00119-0
2656	U00266	11/16/2025 02:57:00 AM	N00071 N00265 N00173 N00289	N00193-1 N00001-1 N00106-1 N00273-0 N00163-1 N00131-0 N00049-1
2657	U00266	11/13/2025 06:37:00 PM	N00071 N00265 N00173 N00289	N00043-0 N00064-1 N00291-0 N00157-1 N00184-0 N00140-0 N00158-1
2658	U00266	11/13/2025 10:48:00 PM	N00071 N00265 N00173 N00289	N00219-1 N00024-1 N00146-0 N00087-0 N00271-0 N00116-0 N00084-1
2659	U00266	11/13/2025 05:14:00 AM	N00071 N00265 N00173 N00289	N00251-0 N00124-0 N00114-0 N00029-0 N00257-0 N00083-0 N00011-0 N00194-1
2660	U00266	11/15/2025 10:43:00 PM	N00071 N00265 N00173 N00289	N00008-1 N00072-1 N00012-0 N00157-0 N00059-0
2661	U00267	11/12/2025 02:56:00 PM	N00031 N00282 N00038 N00095 N00134 N00065	N00287-0 N00232-0 N00004-1 N00166-0 N00218-0 N00038-1 N00091-1
2662	U00267	11/15/2025 02:32:00 PM	N00031 N00282 N00038 N00095 N00134 N00065	N00254-0 N00091-1 N00080-0 N00042-0 N00014-0 N00004-0 N00175-0 N00188-1 N00031-0
2663	U00267	11/13/2025 06:27:00 AM	N00031 N00282 N00038 N00095 N00134 N00065	N00194-0 N00057-0 N00173-0 N00271-0 N00162-0 N00028-1 N00074-0 N00067-0 N00075-1
2664	U00267	11/15/2025 04:31:00 AM	N00031 N00282 N00038 N00095 N00134 N00065	N00246-1 N00113-1 N00051-1 N00119-0 N00200-1
2665	U00267	11/11/2025 05:28:00 AM	N00031 N00282 N00038 N00095 N00134 N00065	N00208-1 N00132-0 N00074-0 N00217-0 N00091-0 N00205-0
2666	U00267	11/12/2025 09:27:00 AM	N00031 N00282 N00038 N00095 N00134 N00065	N00083-0 N00145-0 N00088-0 N00269-1 N00142-0 N00246-0
2667	U00267	11/13/2025 07:18:00 AM	N00031 N00282 N00038 N00095 N00134 N00065	N00292-0 N00062-0 N00028-1 N00131-0 N00026-0 N00074-0
2668	U00267	11/11/2025 04:02:00 PM	N00031 N00282 N00038 N00095 N00134 N00065	N00009-1 N00234-0 N00214-1 N00223-0 N00246-0 N00177-0 N00028-1 N00240-1 N00296-0
2669	U00267	11/13/2025 06:01:00 PM	N00031 N00282 N00038 N00095 N00134 N00065	N00143-0 N00242-1 N00067-1 N00260-0 N00079-0
2670	U00267	11/12/2025 01:12:00 PM	N00031 N00282 N00038 N00095 N00134 N00065	N00046-0 N00188-1 N00274-0 N00175-1 N00097-1 N00299-1
2671	U00268	11/11/2025 02:46:00 PM	N00007 N00263 N00190 N00293 N00126 N00294 N00193 N00050 N00077 N00264 N00205 N00268	N00247-0 N00072-1 N00158-0 N00171-0 N00195-1 N00232-0
2672	U00268	11/14/2025 03:37:00 AM	N00007 N00263 N00190 N00293 N00126 N00294 N00193 N00050 N00077 N00264 N00205 N00268	N00181-0 N00214-0 N00207-0 N00205-0 N00227-0 N00085-0
2673	U00268	11/16/2025 06:56:00 AM	N00007 N00263 N00190 N00293 N00126 N00294 N00193 N00050 N00077 N00264 N00205 N00268	N00151-1 N00161-1 N00115-1 N00079-0 N00271-0 N00205-1 N00110-0 N00201-1
2674	U00268	11/13/2025 03:40:00 AM	N00007 N00263 N00190 N00293 N00126 N00294 N00193 N00050 N00077 N00264 N00205 N00268	N00104-1 N00233-1 N00294-1 N00014-0 N00138-0 N00149-0
2675	U00268	11/11/2025 07:11:00 AM	N00007 N00263 N00190 N00293 N00126 N00294 N00193 N00050 N00077 N00264 N00205 N00268	N00147-1 N00290-0 N00220-0 N00096-0 N00278-1 N00067-0
2676	U00268	11/13/2025 09:39:00 PM	N00007 N00263 N00190 N00293 N00126 N00294 N00193 N00050 N00077 N00264 N00205 N00268	N00291-0 N00147-1 N00123-0 N00213-0 N00198-0 N00061-1
2677	U00268	11/15/2025 11:02:00 AM	N00007 N00263 N00190 N00293 N00126 N00294 N00193 N00050 N00077 N00264 N00205 N00268	N00073-0 N00133-0 N00239-0 N00047-0 N00264-1 N00115-1 N00058-0 N00198-0 N00049-0
2678	U00268	11/12/2025 08:13:00 PM	N00007 N00263 N00190 N00293 N00126 N00294 N00193 N00050 N00077 N00264 N00205 N00268	N00248-0 N00139-0 N00110-0 N00291-0
2679	U00268	11/11/2025 05:20:00 AM	N00007 N00263 N00190 N00293 N00126 N00294 N00193 N00050 N00077 N00264 N00205 N00268	N00206-1 N00039-0 N00279-1 N00042-0 N00085-0 N00159-0 N00192-1
2680	U00268	11/10/2025 10:57:00 PM	N00007 N00263 N00190 N00293 N00126 N00294 N00193 N00050 N00077 N00264 N00205 N00268	N00247-0 N00139-0 N00294-1 N00096-0 N00208-0 N00072-0 N00258-0
2681	U00269	11/13/2025 07:56:00 AM	N00180 N00003 N00250 N00039 N00286 N00109 N00006 N00276 N00281 N00010 N00237 N00078	N00078-1 N00249-0 N00216-1 N00071-0 N00065-0 N00053-0 N00023-0
2682	U00269	11/14/2025 02:48:00 PM	N00180 N00003 N00250 N00039 N00286 N00109 N00006 N00276 N00281 N00010 N00237 N00078	N00285-0 N00018-0 N00230-0 N00177-1 N00194-0 N00254-1 N00092-0 N00156-0
2683	U00269	11/11/2025 05:42:00 AM	N00180 N00003 N00250 N00039 N00286 N00109 N00006 N00276 N00281 N00010 N00237 N00078	N00121-1 N00136-0 N00228-1 N00102-0 N00074-0 N00010-0 N00249-0 N00090-0
2684	U00269	11/11/2025 01:10:00 PM	N00180 N00003 N00250 N00039 N00286 N00109 N00006 N00276 N00281 N00010 N00237 N00078	N00012-1 N00128-1 N00175-1 N00253-0 N00072-0 N00099-0
2685	U00269	11/14/2025 05:45:00 AM	N00180 N00003 N00250 N00039 N00286 N00109 N00006 N00276 N00281 N00010 N00237 N00078	N00033-1 N00264-0 N00128-0 N00271-0 N00109-0 N00247-0 N00118-1
2686	U00269	11/16/2025 01:30:00 AM	N00180 N00003 N00250 N00039 N00286 N00109 N00006 N00276 N00281 N00010 N00237 N00078	N00239-1 N00270-1 N00084-0 N00142-0 N00216-0 N00087-1 N00017-0
2687	U00269	11/14/2025 08:46:00 PM	N00180 N00003 N00250 N00039 N00286 N00109 N00006 N00276 N00281 N00010 N00237 N00078	N00139-1 N00120-1 N00213-0 N00188-0 N00138-1 N00126-0 N00277-0 N00054-0
2688	U00269	11/14/2025 02:05:00 PM	N00180 N00003 N00250 N00039 N00286 N00109 N00006 N00276 N00281 N00010 N00237 N00078	N00090-0 N00287-0 N00074-0 N00112-0 N00095-0 N00292-1 N00201-0 N00284-1 N00079-0
2689	U00269	11/15/2025 04:56:00 PM	N00180 N00003 N00250 N00039 N00286 N00109 N00006 N00276 N00281 N00010 N00237 N00078	N00036-0 N00270-0 N00154-0 N00102-0 N00140-0 N00193-0 N00171-1
2690	U00269	11/14/2025 02:14:00 PM	N00180 N00003 N00250 N00039 N00286 N00109 N00006 N00276 N00281 N00010 N00237 N00078	N00133-0 N00277-1 N00079-0 N00298-1 N00062-0 N00210-0 N00249-0
2691	U00270	11/11/2025 03:49:00 PM	N00119 N00179 N00104 N00089 N00205	N00257-0 N00081-1 N00193-0 N00286-0 N00229-0 N00202-0 N00152-0
2692	U00270	11/16/2025 04:42:00 AM	N00119 N00179 N00104 N00089 N00205	N00299-0 N00147-1 N00032-0 N00071-1
2693	U00270	11/12/2025 10:33:00 PM	N00119 N00179 N00104 N00089 N00205	N00098-1 N00181-0 N00038-0 N00135-0 N00211-0 N00002-0 N00026-0 N00033-0
2694	U00270	11/12/2025 03:46:00 PM	N00119 N00179 N00104 N00089 N00205	N00241-1 N00230-0 N00024-1 N00261-1 N00228-1 N00179-1 N00026-0 N00030-0 N00107-0
2695	U00270	11/13/2025 12:36:00 AM	N00119 N00179 N00104 N00089 N00205	N00291-0 N00043-0 N00182-1 N00021-0 N00103-0 N00027-0 N00016-1
2696	U00270	11/10/2025 11:56:00 AM	N00119 N00179 N00104 N00089 N00205	N00259-1 N00175-1 N00228-0 N00192-1 N00224-0 N00284-0
2697	U00270	11/10/2025 04:59:00 PM	N00119 N00179 N00104 N00089 N00205	N00205-1 N00177-0 N00006-1 N00248-0 N00236-0 N00244-1 N00136-0
2698	U00270	11/14/2025 11:25:00 PM	N00119 N00179 N00104 N00089 N00205	N00225-1 N00300-0 N00295-1 N00077-1 N00294-0 N00113-0
2699	U00270	11/13/2025 09:45:00 AM	N00119 N00179 N00104 N00089 N00205	N00051-0 N00157-0 N00017-1 N00128-0 N00106-1 N00147-0
2700	U00270	11/13/2025 11:57:00 AM	N00119 N00179 N00104 N00089 N00205	N00053-0 N00144-0 N00164-1 N00197-0 N00286-0 N00183-1
2701	U00271	11/13/2025 10:50:00 PM	N00222 N00022 N00092 N00005 N00272 N00298 N00051 N00253 N00087 N00237	N00115-0 N00109-0 N00163-0 N00176-0 N00245-0 N00228-1 N00134-1
2702	U00271	11/15/2025 06:47:00 AM	N00222 N00022 N00092 N00005 N00272 N00298 N00051 N00253 N00087 N00237	N00173-0 N00162-1 N00256-0 N00270-1 N00222-0
2703	U00271	11/13/2025 10:29:00 AM	N00222 N00022 N00092 N00005 N00272 N00298 N00051 N00253 N00087 N00237	N00014-0 N00214-0 N00178-0 N00106-0 N00078-0 N00243-0 N00156-0
2704	U00271	11/12/2025 06:35:00 AM	N00222 N00022 N00092 N00005 N00272 N00298 N00051 N00253 N00087 N00237	N00116-1 N00260-1 N00262-0 N00152-0 N00056-0 N00146-0
2705	U00271	11/10/2025 05:41:00 PM	N00222 N00022 N00092 N00005 N00272 N00298 N00051 N00253 N00087 N00237	N00114-0 N00290-0 N00020-0 N00215-1 N00195-0 N00035-0 N00229-0 N00070-0 N00157-0
2706	U00271	11/10/2025 10:14:00 AM	N00222 N00022 N00092 N00005 N00272 N00298 N00051 N00253 N00087 N00237	N00126-0 N00234-0 N00285-0 N00107-0 N00187-0 N00101-0 N00003-1
2707	U00271	11/11/2025 09:37:00 PM	N00222 N00022 N00092 N00005 N00272 N00298 N00051 N00253 N00087 N00237	N00220-0 N00060-0 N00080-1 N00089-0 N00170-0 N00167-1 N00146-1
2708	U00271	11/12/2025 06:25:00 AM	N00222 N00022 N00092 N00005 N00272 N00298 N00051 N00253 N00087 N00237	N00159-0 N00195-0 N00032-1 N00106-1 N00266-0 N00222-1
2709	U00271	11/14/2025 06:39:00 AM	N00222 N00022 N00092 N00005 N00272 N00298 N00051 N00253 N00087 N00237	N00093-0 N00181-1 N00067-0 N00267-0 N00260-0 N00226-0 N00074-0 N00117-0
2710	U00271	11/10/2025 11:10:00 PM	N00222 N00022 N00092 N00005 N00272 N00298 N00051 N00253 N00087 N00237	N00228-1 N00267-0 N00266-0 N00057-0 N00261-0
2711	U00272	11/12/2025 04:09:00 PM	N00226 N00266 N00088 N00102	N00224-1 N00100-1 N00056-0 N00065-0 N00182-0 N00162-0
2712	U00272	11/10/2025 09:38:00 AM	N00226 N00266 N00088 N00102	N00031-0 N00188-1 N00056-0 N00007-0 N00177-0 N00147-0
2713	U00272	11/12/2025 12:22:00 PM	N00226 N00266 N00088 N00102	N00034-0 N00299-1 N00225-0 N00127-0 N00063-0 N00158-0
2714	U00272	11/14/2025 09:05:00 PM	N00226 N00266 N00088 N00102	N00266-0 N00188-0 N00075-1 N00178-0 N00248-0 N00109-0 N00013-0 N00077-0 N00183-1
2715	U00272	11/10/2025 08:22:00 PM	N00226 N00266 N00088 N00102	N00103-0 N00196-0 N00170-1 N00214-0
2716	U00272	11/13/2025 03:58:00 AM	N00226 N00266 N00088 N00102	N00223-0 N00097-1 N00015-0 N00170-1 N00143-1
2717	U00272	11/10/2025 05:30:00 PM	N00226 N00266 N00088 N00102	N00260-0 N00246-0 N00199-0 N00188-1
2718	U00272	11/10/2025 03:14:00 PM	N00226 N00266 N00088 N00102	N00274-1 N00028-1 N00045-0 N00107-1 N00133-0 N00036-0 N00075-1
2719	U00272	11/13/2025 05:42:00 PM	N00226 N00266 N00088 N00102	N00298-1 N00028-1 N00106-0 N00300-0 N00214-0 N00126-0
2720	U00272	11/11/2025 06:48:00 AM	N00226 N00266 N00088 N00102	N00107-0 N00188-1 N00102-0 N00174-0 N00180-0 N00134-0 N00250-0
2721	U00273	11/15/2025 05:02:00 AM	N00048 N00143 N00226 N00134 N00091 N00113 N00004 N00178 N00031 N00102 N00214 N00075	N00031-1 N00123-0 N00095-1 N00091-0 N00146-0 N00261-0 N00132-1 N00282-1
2722	U00273	11/12/2025 02:34:00 PM	N00048 N00143 N00226 N00134 N00091 N00113 N00004 N00178 N00031 N00102 N00214 N00075	N00117-0 N00131-0 N00041-0 N00282-1 N00224-1 N00067-1 N00188-1 N00221-0
2723	U00273	11/15/2025 12:59:00 AM	N00048 N00143 N00226 N00134 N00091 N00113 N00004 N00178 N00031 N00102 N00214 N00075	N00004-0 N00262-0 N00265-0 N00046-0 N00009-0 N00250-0
2724	U00273	11/13/2025 03:46:00 AM	N00048 N00143 N00226 N00134 N00091 N00113 N00004 N00178 N00031 N00102 N00214 N00075	N00216-0 N00137-1 N00085-0 N00148-0 N00273-0 N00040-1 N00194-1 N00075-0 N00143-1
2725	U00273	11/15/2025 06:54:00 PM	N00048 N00143 N00226 N00134 N00091 N00113 N00004 N00178 N00031 N00102 N00214 N00075	N00266-1 N00117-0 N00113-0 N00020-1 N00027-0 N00090-0
2726	U00273	11/15/2025 07:16:00 AM	N00048 N00143 N00226 N00134 N00091 N00113 N00004 N00178 N00031 N00102 N00214 N00075	N00257-0 N00101-0 N00134-0 N00038-1 N00023-0
2727	U00273	11/12/2025 06:17:00 AM	N00048 N00143 N00226 N00134 N00091 N00113 N00004 N00178 N00031 N00102 N00214 N00075	N00248-0 N00288-0 N00003-1 N00286-0 N00094-1 N00208-1 N00075-0 N00124-0
2728	U00273	11/13/2025 02:35:00 AM	N00048 N00143 N00226 N00134 N00091 N00113 N00004 N00178 N00031 N00102 N00214 N00075	N00214-1 N00147-1 N00177-0 N00158-1 N00246-1 N00100-0 N00136-1
2729	U00273	11/14/2025 10:04:00 AM	N00048 N00143 N00226 N00134 N00091 N00113 N00004 N00178 N00031 N00102 N00214 N00075	N00206-0 N00258-0 N00276-0 N00223-0 N00004-1 N00224-1
2730	U00273	11/13/2025 04:57:00 AM	N00048 N00143 N00226 N00134 N00091 N00113 N00004 N00178 N00031 N00102 N00214 N00075	N00141-0 N00089-0 N00226-1 N00058-0 N00009-1 N00134-1 N00092-0
2731	U00274	11/13/2025 02:48:00 PM	N00101 N00238 N00293 N00191 N00268 N00264 N00230 N00126 N00136 N00035 N00104	N00033-1 N00144-0 N00086-1 N00199-0 N00079-0 N00063-0 N00150-1 N00291-0 N00176-0
2732	U00274	11/11/2025 03:46:00 PM	N00101 N00238 N00293 N00191 N00268 N00264 N00230 N00126 N00136 N00035 N00104	N00246-0 N00070-0 N00026-1 N00101-1 N00187-0 N00129-0 N00089-0
2733	U00274	11/14/2025 09:37:00 AM	N00101 N00238 N00293 N00191 N00268 N00264 N00230 N00126 N00136 N00035 N00104	N00201-0 N00027-0 N00244-0 N00223-1 N00084-1 N00217-1 N00297-1 N00062-0
2734	U00274	11/13/2025 09:10:00 AM	N00101 N00238 N00293 N00191 N00268 N00264 N00230 N00126 N00136 N00035 N00104	N00143-0 N00294-1 N00241-1 N00109-0 N00248-0 N00268-0 N00075-0
2735	U00274	11/12/2025 05:41:00 AM	N00101 N00238 N00293 N00191 N00268 N00264 N00230 N00126 N00136 N00035 N00104	N00279-1 N00201-0 N00242-0 N00269-0 N00057-0 N00133-0 N00017-1
2736	U00274	11/13/2025 07:54:00 PM	N00101 N00238 N00293 N00191 N00268 N00264 N00230 N00126 N00136 N00035 N00104	N00077-1 N00285-0 N00075-0 N00019-1 N00023-1 N00087-0 N00177-0
2737	U00274	11/15/2025 09:38:00 AM	N00101 N00238 N00293 N00191 N00268 N00264 N00230 N00126 N00136 N00035 N00104	N00203-1 N00144-1 N00023-0 N00287-0 N00210-1 N00295-0
2738	U00274	11/15/2025 05:38:00 PM	N00101 N00238 N00293 N00191 N00268 N00264 N00230 N00126 N00136 N00035 N00104	N00040-0 N00120-0 N00146-0 N00087-0 N00077-1 N00059-0 N00008-0
2739	U00274	11/14/2025 02:17:00 PM	N00101 N00238 N00293 N00191 N00268 N00264 N00230 N00126 N00136 N00035 N00104	N00166-1 N00071-1 N00085-0 N00133-0 N00271-0 N00217-0 N00124-0 N00174-0 N00237-0
2740	U00274	11/10/2025 10:13:00 AM	N00101 N00238 N00293 N00191 N00268 N00264 N00230 N00126 N00136 N00035 N00104	N00141-0 N00016-0 N00172-0 N00162-0 N00062-0
2741	U00275	11/11/2025 08:49:00 AM	N00216 N00184 N00045 N00042 N00229	N00235-0 N00228-0 N00230-0 N00010-1 N00151-0 N00178-0 N00160-1
2742	U00275	11/10/2025 10:37:00 PM	N00216 N00184 N00045 N00042 N00229	N00157-0 N00209-1 N00226-0 N00219-0 N00293-0 N00168-0 N00152-0
2743	U00275	11/15/2025 08:09:00 PM	N00216 N00184 N00045 N00042 N00229	N00010-0 N00021-1 N00266-0 N00296-0 N00048-0 N00249-1 N00160-0 N00140-0
2744	U00275	11/12/2025 02:14:00 AM	N00216 N00184 N00045 N00042 N00229	N00241-0 N00062-0 N00073-1 N00283-0 N00294-0 N00180-1 N00159-0 N00279-0 N00250-0
2745	U00275	11/11/2025 11:15:00 PM	N00216 N00184 N00045 N00042 N00229	N00143-0 N00176-0 N00260-0 N00006-0 N00267-1
2746	U00275	11/15/2025 02:03:00 AM	N00216 N00184 N00045 N00042 N00229	N00061-0 N00214-0 N00037-1 N00242-0
2747	U00275	11/15/2025 05:32:00 AM	N00216 N00184 N00045 N00042 N00229	N00270-1 N00028-0 N00166-0 N00059-1 N00099-0 N00280-0 N00161-0 N00123-1 N00092-1
2748	U00275	11/15/2025 07:35:00 PM	N00216 N00184 N00045 N00042 N00229	N00291-1 N00086-0 N00287-1 N00023-0 N00112-0 N00195-0 N00128-1 N00140-0
2749	U00275	11/14/2025 07:28:00 PM	N00216 N00184 N00045 N00042 N00229	N00223-0 N00010-1 N00152-0 N00100-0 N00122-0 N00218-0 N00121-0
2750	U00275	11/12/2025 02:26:00 AM	N00216 N00184 N00045 N00042 N00229	N00082-0 N00051-1 N00279-0 N00166-0 N00041-0 N00030-0 N00238-0
2751	U00276	11/15/2025 03:44:00 PM	N00075 N00074 N00004 N00009	N00082-0 N00065-0 N00226-1 N00152-0 N00205-0 N00106-0 N00102-0 N00193-0 N00088-1
2752	U00276	11/15/2025 08:36:00 AM	N00075 N00074 N00004 N00009	N00240-0 N00085-1 N00038-0 N00200-0 N00282-0
2753	U00276	11/14/2025 03:26:00 PM	N00075 N00074 N00004 N00009	N00092-0 N00221-0 N00075-0 N00009-0 N00299-1 N00242-0 N00284-0
2754	U00276	11/15/2025 12:23:00 AM	N00075 N00074 N00004 N00009	N00247-0 N00299-1 N00020-0 N00013-0 N00188-1 N00078-0 N00069-0 N00288-1
2755	U00276	11/14/2025 06:34:00 AM	N00075 N00074 N00004 N00009	N00266-0 N00285-0 N00086-0 N00009-1 N00119-0 N00271-0 N00107-1 N00060-0 N00226-1
2756	U00276	11/10/2025 03:36:00 PM	N00075 N00074 N00004 N00009	N00224-1 N00085-1 N00002-0 N00055-0 N00156-0 N00154-0 N00018-1 N00090-0 N00226-0
2757	U00276	11/16/2025 01:24:00 AM	N00075 N00074 N00004 N00009	N00042-0 N00085-1 N00286-0 N00157-0 N00181-0 N00141-1 N00075-0 N00090-1
2758	U00276	11/13/2025 10:29:00 AM	N00075 N00074 N00004 N00009	N00093-0 N00097-1 N00139-0 N00075-0
2759	U00276	11/15/2025 08:07:00 PM	N00075 N00074 N00004 N00009	N00024-0 N00200-0 N00090-1 N00028-0 N00107-1 N00023-0 N00127-0
2760	U00276	11/11/2025 08:12:00 PM	N00075 N00074 N00004 N00009	N00274-0 N00028-1 N00080-0 N00297-0 N00040-1 N00107-0
2761	U00277	11/10/2025 12:36:00 PM	N00103 N00016 N00023 N00084 N00144 N00192 N00232 N00159 N00029 N00122 N00089 N00053 N00217 N00262	N00185-1 N00259-0 N00046-1 N00227-0 N00060-1
2762	U00277	11/11/2025 11:32:00 PM	N00103 N00016 N00023 N00084 N00144 N00192 N00232 N00159 N00029 N00122 N00089 N00053 N00217 N00262	N00263-0 N00155-0 N00162-0 N00275-0 N00201-0 N00230-0
2763	U00277	11/11/2025 11:06:00 AM	N00103 N00016 N00023 N00084 N00144 N00192 N00232 N00159 N00029 N00122 N00089 N00053 N00217 N00262	N00190-0 N00056-1 N00123-0 N00145-0 N00138-0 N00043-0
2764	U00277	11/16/2025 01:43:00 AM	N00103 N00016 N00023 N00084 N00144 N00192 N00232 N00159 N00029 N00122 N00089 N00053 N00217 N00262	N00021-0 N00207-0 N00190-0 N00213-1 N00144-1 N00241-0
2765	U00277	11/12/2025 06:16:00 PM	N00103 N00016 N00023 N00084 N00144 N00192 N00232 N00159 N00029 N00122 N00089 N00053 N00217 N00262	N00174-0 N00215-0 N00195-0 N00248-1 N00141-0 N00020-1 N00103-1 N00018-0
2766	U00277	11/14/2025 09:36:00 AM	N00103 N00016 N00023 N00084 N00144 N00192 N00232 N00159 N00029 N00122 N00089 N00053 N00217 N00262	N00033-1 N00244-0 N00054-0 N00257-1 N00268-1 N00041-0 N00238-0 N00174-1
2767	U00277	11/13/2025 10:28:00 PM	N00103 N00016 N00023 N00084 N00144 N00192 N00232 N00159 N00029 N00122 N00089 N00053 N00217 N00262	N00129-0 N00218-0 N00126-0 N00183-1 N00057-0 N00161-1
2768	U00277	11/11/2025 12:44:00 PM	N00103 N00016 N00023 N00084 N00144 N00192 N00232 N00159 N00029 N00122 N00089 N00053 N00217 N00262	N00034-1 N00290-0 N00220-1 N00156-0 N00023-0 N00113-0 N00248-0
2769	U00277	11/13/2025 04:58:00 AM	N00103 N00016 N00023 N00084 N00144 N00192 N00232 N00159 N00029 N00122 N00089 N00053 N00217 N00262	N00126-0 N00288-0 N00227-1 N00232-1 N00031-0 N00267-0 N00151-0 N00021-1
2770	U00277	11/15/2025 04:40:00 AM	N00103 N00016 N00023 N00084 N00144 N00192 N00232 N00159 N00029 N00122 N00089 N00053 N00217 N00262	N00205-1 N00232-1 N00143-0 N00300-0 N00261-0
2771	U00278	11/11/2025 10:28:00 AM	N00207 N00216 N00006 N00079	N00155-0 N00261-0 N00152-1 N00298-1 N00119-0 N00081-0 N00168-1 N00209-1
2772	U00278	11/12/2025 08:18:00 PM	N00207 N00216 N00006 N00079	N00061-1 N00223-0 N00167-0 N00273-0 N00017-1 N00152-1
2773	U00278	11/10/2025 10:48:00 AM	N00207 N00216 N00006 N00079	N00065-0 N00082-0 N00280-0 N00187-0 N00041-1 N00058-1 N00247-0 N00024-0
2774	U00278	11/11/2025 12:49:00 PM	N00207 N00216 N00006 N00079	N00146-1 N00291-1 N00170-0 N00224-0 N00286-0 N00247-0
2775	U00278	11/12/2025 03:10:00 AM	N00207 N00216 N00006 N00079	N00153-0 N00163-1 N00109-0 N00231-0 N00004-0 N00169-1
2776	U00278	11/12/2025 08:59:00 AM	N00207 N00216 N00006 N00079	N00149-0 N00067-1 N00206-0 N00146-1 N00033-0 N00186-1 N00166-0 N00255-1
2777	U00278	11/15/2025 05:03:00 PM	N00207 N00216 N00006 N00079	N00277-0 N00079-1 N00194-1 N00268-0 N00207-1 N00060-0
2778	U00278	11/13/2025 01:19:00 PM	N00207 N00216 N00006 N00079	N00283-1 N00003-0 N00086-0 N00142-0 N00199-1 N00288-0 N00029-0 N00244-0
2779	U00278	11/15/2025 01:57:00 PM	N00207 N00216 N00006 N00079	N00058-0 N00231-1 N00042-1 N00071-0 N00277-0 N00029-0
2780	U00278	11/15/2025 01:29:00 AM	N00207 N00216 N00006 N00079	N00300-1 N00286-0 N00029-0 N00119-0 N00198-1 N00181-1 N00227-0
2781	U00279	11/10/2025 08:54:00 PM	N00251 N00104 N00008 N00089 N00213 N00052	N00141-0 N00053-1 N00236-0 N00127-0 N00143-0 N00052-1
2782	U00279	11/14/2025 12:26:00 AM	N00251 N00104 N00008 N00089 N00213 N00052	N00005-0 N00218-0 N00072-0 N00155-0 N00058-0 N00015-0 N00137-0 N00096-1
2783	U00279	11/14/2025 06:08:00 AM	N00251 N00104 N00008 N00089 N00213 N00052	N00065-0 N00247-0 N00191-0 N00133-0 N00230-1 N00028-0
2784	U00279	11/10/2025 06:54:00 PM	N00251 N00104 N00008 N00089 N00213 N00052	N00037-0 N00245-0 N00300-1 N00217-0
2785	U00279	11/11/2025 02:20:00 AM	N00251 N00104 N00008 N00089 N00213 N00052	N00172-0 N00249-0 N00186-0 N00212-1 N00243-0 N00190-0 N00220-1
2786	U00279	11/15/2025 09:10:00 AM	N00251 N00104 N00008 N00089 N00213 N00052	N00233-0 N00062-0 N00143-0 N00110-0 N00187-0 N00185-0 N00210-0
2787	U00279	11/11/2025 08:51:00 PM	N00251 N00104 N00008 N00089 N00213 N00052	N00245-0 N00208-0 N00085-0 N00197-0
2788	U00279	11/12/2025 10:44:00 PM	N00251 N00104 N00008 N00089 N00213 N00052	N00033-1 N00158-0 N00193-1 N00230-0 N00059-0 N00244-0
2789	U00279	11/15/2025 10:57:00 AM	N00251 N00104 N00008 N00089 N00213 N00052	N00174-0 N00007-1 N00024-0 N00254-0 N00238-1
2790	U00279	11/14/2025 01:43:00 PM	N00251 N00104 N00008 N00089 N00213 N00052	N00005-0 N00167-0 N00289-1 N00087-0 N00175-0 N00195-0 N00219-0 N00070-0 N00109-0
2791	U00280	11/13/2025 01:37:00 AM	N00079 N00041 N00211 N00270 N00180 N00284	N00113-0 N00267-0 N00089-0 N00087-1 N00220-0 N00298-0 N00111-0 N00141-1
2792	U00280	11/14/2025 10:21:00 AM	N00079 N00041 N00211 N00270 N00180 N00284	N00129-0 N00185-0 N00120-0 N00031-0 N00208-0 N00011-1 N00215-0 N00053-0 N00256-0
2793	U00280	11/14/2025 11:13:00 PM	N00079 N00041 N00211 N00270 N00180 N00284	N00039-1 N00150-0 N00059-1 N00196-0 N00144-0 N00158-0 N00284-0 N00227-0 N00277-0
2794	U00280	11/13/2025 06:26:00 PM	N00079 N00041 N00211 N00270 N00180 N00284	N00024-0 N00159-0 N00204-0 N00021-0 N00062-0 N00281-0
2795	U00280	11/15/2025 06:53:00 AM	N00079 N00041 N00211 N00270 N00180 N00284	N00071-0 N00084-0 N00123-1 N00272-0 N00149-0
2796	U00280	11/11/2025 09:02:00 AM	N00079 N00041 N00211 N00270 N00180 N00284	N00049-0 N00199-1 N00179-1 N00139-0 N00105-1 N00064-0 N00175-0 N00165-0
2797	U00280	11/13/2025 05:22:00 AM	N00079 N00041 N00211 N00270 N00180 N00284	N00204-1 N00015-0 N00273-0 N00259-1 N00150-0
2798	U00280	11/12/2025 02:03:00 PM	N00079 N00041 N00211 N00270 N00180 N00284	N00270-1 N00243-0 N00200-0 N00185-0 N00261-1 N00277-0
2799	U00280	11/13/2025 07:43:00 AM	N00079 N00041 N00211 N00270 N00180 N00284	N00082-0 N00112-0 N00102-0 N00252-0 N00055-0 N00231-1 N00024-0 N00171-0 N00011-1
2800	U00280	11/14/2025 04:50:00 AM	N00079 N00041 N00211 N00270 N00180 N00284	N00151-0 N00241-0 N00267-1 N00045-1
2801	U00281	11/15/2025 09:22:00 PM	N00240 N00053 N00147 N00271 N00296 N00247 N00149 N00084 N00002 N00256 N00195 N00172 N00227 N00081 N00290	N00290-0 N00276-0 N00294-1 N00147-1 N00062-1 N00297-0
2802	U00281	11/11/2025 02:59:00 AM	N00240 N00053 N00147 N00271 N00296 N00247 N00149 N00084 N00002 N00256 N00195 N00172 N00227 N00081 N00290	N00193-0 N00110-0 N00074-0 N00149-0 N00215-0 N00175-1
2803	U00281	11/11/2025 07:29:00 AM	N00240 N00053 N00147 N00271 N00296 N00247 N00149 N00084 N00002 N00256 N00195 N00172 N00227 N00081 N00290	N00202-1 N00187-0 N00042-0 N00266-0 N00137-0 N00143-1 N00294-0 N00186-0
2804	U00281	11/14/2025 11:51:00 PM	N00240 N00053 N00147 N00271 N00296 N00247 N00149 N00084 N00002 N00256 N00195 N00172 N00227 N00081 N00290	N00263-0 N00036-1 N00040-0 N00133-1 N00050-1
2805	U00281	11/15/2025 06:42:00 PM	N00240 N00053 N00147 N00271 N00296 N00247 N00149 N00084 N00002 N00256 N00195 N00172 N00227 N00081 N00290	N00212-0 N00164-1 N00209-0 N00147-1
2806	U00281	11/15/2025 11:53:00 PM	N00240 N00053 N00147 N00271 N00296 N00247 N00149 N00084 N00002 N00256 N00195 N00172 N00227 N00081 N00290	N00107-0 N00004-0 N00148-1 N00155-1
2807	U00281	11/13/2025 03:07:00 PM	N00240 N00053 N00147 N00271 N00296 N00247 N00149 N00084 N00002 N00256 N00195 N00172 N00227 N00081 N00290	N00041-0 N00271-0 N00108-0 N00163-1 N00194-1 N00070-0 N00241-1
2808	U00281	11/15/2025 03:40:00 AM	N00240 N00053 N00147 N00271 N00296 N00247 N00149 N00084 N00002 N00256 N00195 N00172 N00227 N00081 N00290	N00272-0 N00067-0 N00132-1 N00136-1 N00112-1 N00107-0 N00175-0
2809	U00281	11/16/2025 05:17:00 AM	N00240 N00053 N00147 N00271 N00296 N00247 N00149 N00084 N00002 N00256 N00195 N00172 N00227 N00081 N00290	N00256-1 N00065-0 N00133-0 N00129-0 N00061-1 N00134-1 N00272-0 N00219-1 N00089-1
2810	U00281	11/14/2025 12:00:00 AM	N00240 N00053 N00147 N00271 N00296 N00247 N00149 N00084 N00002 N00256 N00195 N00172 N00227 N00081 N00290	N00120-0 N00176-0 N00282-0 N00147-1 N00075-0 N00086-1 N00135-1 N00207-0 N00240-0
2811	U00282	11/13/2025 12:58:00 PM	N00015 N00256 N00212 N00261 N00035 N00289 N00164 N00185 N00136 N00294 N00052 N00050 N00275	N00073-0 N00158-0 N00033-1 N00269-0 N00072-1
2812	U00282	11/15/2025 05:05:00 PM	N00015 N00256 N00212 N00261 N00035 N00289 N00164 N00185 N00136 N00294 N00052 N00050 N00275	N00201-0 N00005-1 N00039-0 N00017-0 N00142-1
2813	U00282	11/15/2025 03:40:00 PM	N00015 N00256 N00212 N00261 N00035 N00289 N00164 N00185 N00136 N00294 N00052 N00050 N00275	N00121-0 N00299-0 N00028-0 N00136-1 N00210-0
2814	U00282	11/10/2025 03:37:00 PM	N00015 N00256 N00212 N00261 N00035 N00289 N00164 N00185 N00136 N00294 N00052 N00050 N00275	N00140-1 N00104-0 N00069-0 N00161-0 N00200-0 N00175-1
2815	U00282	11/14/2025 08:00:00 AM	N00015 N00256 N00212 N00261 N00035 N00289 N00164 N00185 N00136 N00294 N00052 N00050 N00275	N00107-0 N00277-0 N00169-0 N00053-0 N00064-1 N00185-1 N00157-0 N00227-0 N00273-0
2816	U00282	11/15/2025 10:40:00 PM	N00015 N00256 N00212 N00261 N00035 N00289 N00164 N00185 N00136 N00294 N00052 N00050 N00275	N00222-0 N00220-1 N00210-0 N00123-0 N00136-0 N00048-0 N00227-0 N00267-1
2817	U00282	11/15/2025 03:09:00 AM	N00015 N00256 N00212 N00261 N00035 N00289 N00164 N00185 N00136 N00294 N00052 N00050 N00275	N00070-1 N00104-0 N00046-0 N00167-0 N00253-0 N00015-1
2818	U00282	11/14/2025 06:00:00 AM	N00015 N00256 N00212 N00261 N00035 N00289 N00164 N00185 N00136 N00294 N00052 N00050 N00275	N00264-1 N00235-1 N00184-0 N00090-0 N00121-0 N00210-0 N00183-0 N00122-1 N00188-0
2819	U00282	11/11/2025 03:33:00 AM	N00015 N00256 N00212 N00261 N00035 N00289 N00164 N00185 N00136 N00294 N00052 N00050 N00275	N00017-0 N00292-1 N00209-1 N00172-1 N00210-1 N00038-0 N00155-0 N00079-0 N00219-0
2820	U00282	11/11/2025 03:47:00 PM	N00015 N00256 N00212 N00261 N00035 N00289 N00164 N00185 N00136 N00294 N00052 N00050 N00275	N00236-0 N00019-0 N00248-0 N00178-0 N00004-0 N00027-0 N00045-0
2821	U00283	11/16/2025 02:35:00 AM	N00141 N00199 N00125 N00012 N00239 N00066 N00042 N00255 N00131 N00253 N00078	N00194-1 N00132-1 N00222-0 N00084-0 N00264-0
2822	U00283	11/12/2025 02:08:00 PM	N00141 N00199 N00125 N00012 N00239 N00066 N00042 N00255 N00131 N00253 N00078	N00088-0 N00137-0 N00292-0 N00204-1 N00223-0
2823	U00283	11/13/2025 01:48:00 PM	N00141 N00199 N00125 N00012 N00239 N00066 N00042 N00255 N00131 N00253 N00078	N00201-0 N00163-0 N00049-0 N00114-1 N00195-0 N00197-0
2824	U00283	11/12/2025 03:54:00 AM	N00141 N00199 N00125 N00012 N00239 N00066 N00042 N00255 N00131 N00253 N00078	N00006-0 N00152-1 N00235-0 N00170-0 N00101-0 N00191-0
2825	U00283	11/11/2025 06:13:00 PM	N00141 N00199 N00125 N00012 N00239 N00066 N00042 N00255 N00131 N00253 N00078	N00125-0 N00091-0 N00004-0 N00284-1 N00247-1
2826	U00283	11/15/2025 07:12:00 AM	N00141 N00199 N00125 N00012 N00239 N00066 N00042 N00255 N00131 N00253 N00078	N00013-1 N00140-0 N00121-1 N00012-1 N00199-1 N00166-0
2827	U00283	11/14/2025 11:56:00 AM	N00141 N00199 N00125 N00012 N00239 N00066 N00042 N00255 N00131 N00253 N00078	N00275-1 N00194-0 N00133-0 N00232-0 N00026-1 N00189-0 N00159-0
2828	U00283	11/14/2025 05:37:00 PM	N00141 N00199 N00125 N00012 N00239 N00066 N00042 N00255 N00131 N00253 N00078	N00043-0 N00122-0 N00206-1 N00067-0 N00283-1 N00072-0 N00160-0
2829	U00283	11/15/2025 10:31:00 AM	N00141 N00199 N00125 N00012 N00239 N00066 N00042 N00255 N00131 N00253 N00078	N00028-0 N00210-0 N00123-1 N00224-0 N00105-1 N00079-1 N00092-0
2830	U00283	11/14/2025 09:42:00 PM	N00141 N00199 N00125 N00012 N00239 N00066 N00042 N00255 N00131 N00253 N00078	N00273-0 N00232-0 N00109-0 N00018-0 N00086-0 N00095-0
2831	U00284	11/10/2025 08:42:00 PM	N00251 N00212 N00014 N00176 N00072 N00198 N00191 N00021 N00030 N00275 N00015 N00213 N00053	N00219-0 N00221-1 N00069-1 N00133-1 N00197-0 N00094-1
2832	U00284	11/14/2025 05:46:00 AM	N00251 N00212 N00014 N00176 N00072 N00198 N00191 N00021 N00030 N00275 N00015 N00213 N00053	N00136-0 N00109-0 N00084-1 N00040-0 N00223-0 N00275-1
2833	U00284	11/15/2025 11:12:00 PM	N00251 N00212 N00014 N00176 N00072 N00198 N00191 N00021 N00030 N00275 N00015 N00213 N00053	N00091-0 N00128-0 N00056-1 N00210-0 N00135-0 N00197-1 N00119-0
2834	U00284	11/13/2025 02:00:00 AM	N00251 N00212 N00014 N00176 N00072 N00198 N00191 N00021 N00030 N00275 N00015 N00213 N00053	N00086-0 N00093-1 N00130-0 N00220-0 N00233-0 N00293-1
2835	U00284	11/13/2025 12:38:00 AM	N00251 N00212 N00014 N00176 N00072 N00198 N00191 N00021 N00030 N00275 N00015 N00213 N00053	N00035-0 N00095-0 N00015-1 N00139-0 N00134-0 N00211-0 N00148-1
2836	U00284	11/11/2025 06:20:00 AM	N00251 N00212 N00014 N00176 N00072 N00198 N00191 N00021 N00030 N00275 N00015 N00213 N00053	N00009-0 N00026-0 N00241-0 N00111-1 N00185-1
2837	U00284	11/15/2025 11:29:00 AM	N00251 N00212 N00014 N00176 N00072 N00198 N00191 N00021 N00030 N00275 N00015 N00213 N00053	N00085-0 N00112-0 N00030-1 N00097-0 N00173-0
2838	U00284	11/13/2025 10:46:00 PM	N00251 N00212 N00014 N00176 N00072 N00198 N00191 N00021 N00030 N00275 N00015 N00213 N00053	N00165-0 N00273-0 N00091-0 N00081-0 N00225-1 N00096-0 N00219-0 N00061-0 N00190-0
2839	U00284	11/15/2025 07:58:00 PM	N00251 N00212 N00014 N00176 N00072 N00198 N00191 N00021 N00030 N00275 N00015 N00213 N00053	N00118-0 N00245-0 N00136-1 N00094-0 N00119-0 N00242-0
2840	U00284	11/11/2025 05:15:00 PM	N00251 N00212 N00014 N00176 N00072 N00198 N00191 N00021 N00030 N00275 N00015 N00213 N00053	N00281-0 N00011-0 N00294-0 N00157-0 N00149-0 N00147-0
2841	U00285	11/14/2025 08:55:00 AM	N00262 N00256 N00077 N00164 N00235 N00033 N00070 N00251 N00278 N00023 N00110	N00264-0 N00123-0 N00108-0 N00102-0 N00164-0 N00104-0
2842	U00285	11/13/2025 09:46:00 PM	N00262 N00256 N00077 N00164 N00235 N00033 N00070 N00251 N00278 N00023 N00110	N00148-1 N00008-0 N00206-1 N00090-0 N00182-1 N00278-1
2843	U00285	11/10/2025 11:58:00 AM	N00262 N00256 N00077 N00164 N00235 N00033 N00070 N00251 N00278 N00023 N00110	N00023-1 N00173-1 N00079-0 N00264-1 N00241-0 N00091-0
2844	U00285	11/14/2025 09:40:00 AM	N00262 N00256 N00077 N00164 N00235 N00033 N00070 N00251 N00278 N00023 N00110	N00008-1 N00242-0 N00026-1 N00114-0 N00218-0 N00075-0 N00007-0 N00279-0
2845	U00285	11/14/2025 09:16:00 AM	N00262 N00256 N00077 N00164 N00235 N00033 N00070 N00251 N00278 N00023 N00110	N00085-0 N00153-0 N00159-0 N00076-1 N00230-0 N00074-1 N00205-1
2846	U00285	11/13/2025 02:59:00 PM	N00262 N00256 N00077 N00164 N00235 N00033 N00070 N00251 N00278 N00023 N00110	N00084-0 N00049-0 N00277-0 N00029-0 N00209-0 N00299-0
2847	U00285	11/14/2025 12:42:00 AM	N00262 N00256 N00077 N00164 N00235 N00033 N00070 N00251 N00278 N00023 N00110	N00035-0 N00203-1 N00228-0 N00082-0 N00062-1 N00166-1 N00011-0 N00251-1
2848	U00285	11/15/2025 12:38:00 AM	N00262 N00256 N00077 N00164 N00235 N00033 N00070 N00251 N00278 N00023 N00110	N00107-0 N00072-0 N00094-0 N00198-0 N00223-1 N00118-0 N00226-0 N00103-0
2849	U00285	11/10/2025 02:11:00 PM	N00262 N00256 N00077 N00164 N00235 N00033 N00070 N00251 N00278 N00023 N00110	N00142-1 N00043-0 N00274-0 N00021-1
2850	U00285	11/15/2025 07:23:00 PM	N00262 N00256 N00077 N00164 N00235 N00033 N00070 N00251 N00278 N00023 N00110	N00195-1 N00070-0 N00268-1 N00038-0 N00204-0
2851	U00286	11/10/2025 02:59:00 PM	N00002 N00156 N00172 N00265 N00221 N00076 N00024 N00053 N00036 N00057 N00124 N00174 N00271 N00183 N00164	N00051-0 N00105-0 N00160-1 N00175-0 N00072-1 N00144-0 N00139-0 N00140-1
2852	U00286	11/11/2025 11:12:00 PM	N00002 N00156 N00172 N00265 N00221 N00076 N00024 N00053 N00036 N00057 N00124 N00174 N00271 N00183 N00164	N00084-1 N00089-1 N00238-0 N00029-0 N00243-0 N00202-1
2853	U00286	11/10/2025 08:25:00 PM	N00002 N00156 N00172 N00265 N00221 N00076 N00024 N00053 N00036 N00057 N00124 N00174 N00271 N00183 N00164	N00136-1 N00214-0 N00192-1 N00188-1 N00143-0 N00299-0
2854	U00286	11/13/2025 04:49:00 PM	N00002 N00156 N00172 N00265 N00221 N00076 N00024 N00053 N00036 N00057 N00124 N00174 N00271 N00183 N00164	N00288-0 N00223-1 N00260-0 N00064-1 N00023-0 N00156-0 N00164-0
2855	U00286	11/16/2025 07:57:00 AM	N00002 N00156 N00172 N00265 N00221 N00076 N00024 N00053 N00036 N00057 N00124 N00174 N00271 N00183 N00164	N00173-1 N00272-0 N00258-0 N00153-1 N00111-0 N00210-0
2856	U00286	11/11/2025 02:57:00 PM	N00002 N00156 N00172 N00265 N00221 N00076 N00024 N00053 N00036 N00057 N00124 N00174 N00271 N00183 N00164	N00108-0 N00036-1 N00062-0 N00147-1 N00204-0 N00065-0 N00278-0
2857	U00286	11/12/2025 05:18:00 AM	N00002 N00156 N00172 N00265 N00221 N00076 N00024 N00053 N00036 N00057 N00124 N00174 N00271 N00183 N00164	N00104-1 N00045-1 N00169-1 N00129-0 N00224-0 N00035-1 N00156-0
2858	U00286	11/13/2025 01:34:00 AM	N00002 N00156 N00172 N00265 N00221 N00076 N00024 N00053 N00036 N00057 N00124 N00174 N00271 N00183 N00164	N00297-1 N00285-0 N00135-1 N00209-1 N00219-0
2859	U00286	11/13/2025 06:10:00 AM	N00002 N00156 N00172 N00265 N00221 N00076 N00024 N00053 N00036 N00057 N00124 N00174 N00271 N00183 N00164	N00228-0 N00141-0 N00114-1 N00175-0 N00227-1 N00269-0
2860	U00286	11/11/2025 01:17:00 PM	N00002 N00156 N00172 N00265 N00221 N00076 N00024 N00053 N00036 N00057 N00124 N00174 N00271 N00183 N00164	N00039-0 N00203-0 N00133-1 N00035-1 N00060-1
2861	U00287	11/10/2025 09:21:00 PM	N00180 N00092 N00010 N00237 N00163 N00236 N00171 N00131 N00001	N00208-0 N00037-0 N00051-1 N00284-1 N00300-0 N00145-0 N00035-0 N00175-0
2862	U00287	11/13/2025 09:57:00 AM	N00180 N00092 N00010 N00237 N00163 N00236 N00171 N00131 N00001	N00216-0 N00064-0 N00068-1 N00052-0 N00190-0 N00266-0 N00070-0
2863	U00287	11/15/2025 08:50:00 AM	N00180 N00092 N00010 N00237 N00163 N00236 N00171 N00131 N00001	N00012-0 N00130-0 N00202-0 N00059-1 N00290-1 N00003-0 N00089-1
2864	U00287	11/16/2025 03:29:00 AM	N00180 N00092 N00010 N00237 N00163 N00236 N00171 N00131 N00001	N00229-1 N00219-0 N00120-0 N00203-0 N00031-0 N00089-0 N00038-0 N00249-0 N00040-0
2865	U00287	11/11/2025 05:36:00 AM	N00180 N00092 N00010 N00237 N00163 N00236 N00171 N00131 N00001	N00286-1 N00210-0 N00294-0 N00049-0 N00214-0 N00047-0 N00005-0 N00272-1 N00132-0
2866	U00287	11/10/2025 08:32:00 PM	N00180 N00092 N00010 N00237 N00163 N00236 N00171 N00131 N00001	N00080-0 N00068-1 N00035-0 N00079-0 N00087-1 N00256-0 N00031-0 N00149-0
2867	U00287	11/15/2025 08:36:00 PM	N00180 N00092 N00010 N00237 N00163 N00236 N00171 N00131 N00001	N00012-0 N00081-0 N00131-1 N00107-0 N00036-0 N00294-0 N00109-0
2868	U00287	11/13/2025 08:02:00 AM	N00180 N00092 N00010 N00237 N00163 N00236 N00171 N00131 N00001	N00069-0 N00027-0 N00247-0 N00211-1 N00087-1 N00136-0 N00060-0
2869	U00287	11/13/2025 08:52:00 PM	N00180 N00092 N00010 N00237 N00163 N00236 N00171 N00131 N00001	N00154-0 N00295-0 N00001-0 N00074-0 N00120-1 N00278-0
2870	U00287	11/11/2025 07:36:00 AM	N00180 N00092 N00010 N00237 N00163 N00236 N00171 N00131 N00001	N00128-1 N00141-0 N00173-0 N00053-1 N00215-1 N00019-0 N00010-1 N00055-0
2871	U00288	11/15/2025 06:26:00 AM	N00246 N00088 N00004 N00165 N00065 N00095 N00048 N00188 N00208 N00224 N00009 N00266	N00052-1 N00288-0 N00065-1 N00043-1 N00102-0 N00263-0
2872	U00288	11/15/2025 01:45:00 AM	N00246 N00088 N00004 N00165 N00065 N00095 N00048 N00188 N00208 N00224 N00009 N00266	N00287-0 N00188-0 N00260-0 N00288-1 N00002-0
2873	U00288	11/11/2025 10:02:00 AM	N00246 N00088 N00004 N00165 N00065 N00095 N00048 N00188 N00208 N00224 N00009 N00266	N00040-0 N00240-0 N00067-1 N00014-0 N00132-0
2874	U00288	11/11/2025 11:01:00 PM	N00246 N00088 N00004 N00165 N00065 N00095 N00048 N00188 N00208 N00224 N00009 N00266	N00048-0 N00037-0 N00169-0 N00146-0 N00266-1 N00040-0 N00226-1
2875	U00288	11/14/2025 04:22:00 AM	N00246 N00088 N00004 N00165 N00065 N00095 N00048 N00188 N00208 N00224 N00009 N00266	N00274-0 N00040-1 N00246-0 N00298-1 N00171-0 N00143-0 N00248-0 N00291-0 N00182-0
2876	U00288	11/15/2025 11:18:00 PM	N00246 N00088 N00004 N00165 N00065 N00095 N00048 N00188 N00208 N00224 N00009 N00266	N00052-0 N00242-1 N00033-0 N00143-0 N00257-0 N00181-0 N00266-1
2877	U00288	11/14/2025 11:06:00 AM	N00246 N00088 N00004 N00165 N00065 N00095 N00048 N00188 N00208 N00224 N00009 N00266	N00104-0 N00014-0 N00028-1 N00238-0 N00243-0 N00060-0 N00075-1 N00208-1 N00165-1
2878	U00288	11/13/2025 07:57:00 AM	N00246 N00088 N00004 N00165 N00065 N00095 N00048 N00188 N00208 N00224 N00009 N00266	N00174-0 N00134-1 N00246-0 N00233-0 N00178-0
2879	U00288	11/11/2025 11:43:00 PM	N00246 N00088 N00004 N00165 N00065 N00095 N00048 N00188 N00208 N00224 N00009 N00266	N00290-0 N00274-1 N00246-1 N00022-0
2880	U00288	11/13/2025 07:22:00 AM	N00246 N00088 N00004 N00165 N00065 N00095 N00048 N00188 N00208 N00224 N00009 N00266	N00281-0 N00282-0 N00125-0 N00031-1 N00178-0
2881	U00289	11/12/2025 12:51:00 AM	N00178 N00158 N00102 N00065 N00004 N00224 N00028	N00161-0 N00087-0 N00208-1 N00075-1 N00136-0 N00069-0
2882	U00289	11/10/2025 09:46:00 PM	N00178 N00158 N00102 N00065 N00004 N00224 N00028	N00104-0 N00216-0 N00097-0 N00009-0 N00226-1
2883	U00289	11/12/2025 09:58:00 PM	N00178 N00158 N00102 N00065 N00004 N00224 N00028	N00055-0 N00038-0 N00025-0 N00295-0 N00299-0 N00214-0
2884	U00289	11/14/2025 10:20:00 PM	N00178 N00158 N00102 N00065 N00004 N00224 N00028	N00097-1 N00237-0 N00227-0 N00170-0 N00134-1 N00292-1 N00260-0 N00251-0
2885	U00289	11/11/2025 11:27:00 AM	N00178 N00158 N00102 N00065 N00004 N00224 N00028	N00085-1 N00174-0 N00100-0 N00065-1 N00081-0 N00185-0 N00134-0 N00072-0
2886	U00289	11/12/2025 10:48:00 AM	N00178 N00158 N00102 N00065 N00004 N00224 N00028	N00107-1 N00028-1 N00284-0 N00288-1 N00245-0 N00211-0 N00140-1 N00052-0
2887	U00289	11/12/2025 09:42:00 AM	N00178 N00158 N00102 N00065 N00004 N00224 N00028	N00255-0 N00130-1 N00167-0 N00068-0 N00143-1 N00097-0
2888	U00289	11/10/2025 12:50:00 PM	N00178 N00158 N00102 N00065 N00004 N00224 N00028	N00110-0 N00113-1 N00220-0 N00134-1 N00143-1 N00282-1
2889	U00289	11/11/2025 04:30:00 AM	N00178 N00158 N00102 N00065 N00004 N00224 N00028	N00152-0 N00065-0 N00094-0 N00274-0 N00026-0
2890	U00289	11/10/2025 11:37:00 PM	N00178 N00158 N00102 N00065 N00004 N00224 N00028	N00113-0 N00045-0 N00189-0 N00170-1
2891	U00290	11/10/2025 01:07:00 PM	N00257 N00086 N00094 N00049 N00153 N00035	N00015-1 N00084-0 N00263-1 N00134-0 N00079-0 N00156-0
2892	U00290	11/15/2025 01:19:00 PM	N00257 N00086 N00094 N00049 N00153 N00035	N00047-0 N00274-1 N00150-0 N00192-1 N00223-0 N00154-1
2893	U00290	11/13/2025 08:04:00 AM	N00257 N00086 N00094 N00049 N00153 N00035	N00235-1 N00048-0 N00086-0 N00130-1 N00221-1 N00282-1 N00216-0 N00004-0
2894	U00290	11/12/2025 03:13:00 PM	N00257 N00086 N00094 N00049 N00153 N00035	N00042-0 N00164-1 N00183-1 N00061-1 N00134-0 N00297-1 N00176-0
2895	U00290	11/15/2025 08:05:00 PM	N00257 N00086 N00094 N00049 N00153 N00035	N00193-0 N00240-1 N00239-0 N00208-1 N00205-0
2896	U00290	11/14/2025 04:43:00 PM	N00257 N00086 N00094 N00049 N00153 N00035	N00258-1 N00176-0 N00155-1 N00289-1 N00039-1 N00160-0 N00074-1 N00297-1
2897	U00290	11/15/2025 07:38:00 PM	N00257 N00086 N00094 N00049 N00153 N00035	N00175-1 N00104-0 N00065-0 N00164-1 N00151-1 N00176-0 N00062-0
2898	U00290	11/12/2025 10:29:00 PM	N00257 N00086 N00094 N00049 N00153 N00035	N00183-0 N00031-0 N00079-0 N00129-1 N00197-0 N00084-1 N00093-0
2899	U00290	11/12/2025 02:51:00 AM	N00257 N00086 N00094 N00049 N00153 N00035	N00167-0 N00054-0 N00276-0 N00027-1 N00213-0 N00271-1 N00075-0
2900	U00290	11/12/2025 09:45:00 PM	N00257 N00086 N00094 N00049 N00153 N00035	N00094-1 N00133-0 N00185-0 N00213-0 N00250-1 N00182-0
2901	U00291	11/16/2025 07:22:00 AM	N00218 N00187 N00071 N00098 N00016 N00049 N00094 N00104	N00102-0 N00164-1 N00231-0 N00256-1 N00094-1 N00173-1
2902	U00291	11/12/2025 09:46:00 AM	N00218 N00187 N00071 N00098 N00016 N00049 N00094 N00104	N00274-0 N00067-0 N00217-0 N00001-1 N00014-0 N00275-1
2903	U00291	11/13/2025 07:10:00 AM	N00218 N00187 N00071 N00098 N00016 N00049 N00094 N00104	N00296-0 N00173-0 N00011-0 N00102-0 N00053-1
2904	U00291	11/11/2025 11:40:00 AM	N00218 N00187 N00071 N00098 N00016 N00049 N00094 N00104	N00293-0 N00144-1 N00284-1 N00261-0 N00176-0 N00202-0 N00173-1 N00167-1 N00296-0
2905	U00291	11/11/2025 11:46:00 AM	N00218 N00187 N00071 N00098 N00016 N00049 N00094 N00104	N00147-0 N00044-0 N00204-0 N00252-0
2906	U00291	11/15/2025 09:40:00 PM	N00218 N00187 N00071 N00098 N00016 N00049 N00094 N00104	N00111-0 N00102-0 N00252-1 N00012-0 N00141-0 N00142-0
2907	U00291	11/14/2025 06:49:00 PM	N00218 N00187 N00071 N00098 N00016 N00049 N00094 N00104	N00191-0 N00171-0 N00239-0 N00111-0 N00148-1 N00119-0
2908	U00291	11/12/2025 05:46:00 PM	N00218 N00187 N00071 N00098 N00016 N00049 N00094 N00104	N00042-0 N00124-1 N00110-1 N00070-0 N00289-1 N00260-1 N00277-1 N00199-0 N00236-0
2909	U00291	11/12/2025 11:50:00 PM	N00218 N00187 N00071 N00098 N00016 N00049 N00094 N00104	N00157-0 N00252-0 N00044-0 N00098-0 N00148-1 N00255-0
2910	U00291	11/13/2025 09:15:00 AM	N00218 N00187 N00071 N00098 N00016 N00049 N00094 N00104	N00207-0 N00271-0 N00155-1 N00290-1 N00145-0 N00168-1
2911	U00292	11/14/2025 06:11:00 PM	N00136 N00195 N00148 N00016 N00262	N00048-1 N00064-0 N00102-0 N00275-0 N00170-0 N00007-1 N00165-1
2912	U00292	11/11/2025 07:05:00 PM	N00136 N00195 N00148 N00016 N00262	N00173-1 N00225-0 N00213-1 N00286-0 N00266-0
2913	U00292	11/15/2025 04:03:00 PM	N00136 N00195 N00148 N00016 N00262	N00258-0 N00223-0 N00150-0 N00108-0 N00119-1 N00087-0 N00205-0 N00155-1 N00052-0
2914	U00292	11/15/2025 04:57:00 AM	N00136 N00195 N00148 N00016 N00262	N00243-0 N00292-0 N00096-0 N00159-1 N00032-0 N00160-0
2915	U00292	11/15/2025 02:27:00 AM	N00136 N00195 N00148 N00016 N00262	N00083-0 N00180-0 N00277-0 N00171-0 N00292-0 N00139-1 N00052-1
2916	U00292	11/14/2025 03:11:00 PM	N00136 N00195 N00148 N00016 N00262	N00256-1 N00276-0 N00111-1 N00289-1 N00106-0 N00250-0 N00070-0 N00023-1
2917	U00292	11/11/2025 05:41:00 PM	N00136 N00195 N00148 N00016 N00262	N00111-0 N00207-0 N00212-1 N00056-1 N00198-0 N00050-1
2918	U00292	11/12/2025 01:13:00 AM	N00136 N00195 N00148 N00016 N00262	N00140-0 N00234-0 N00089-1 N00016-0 N00251-1 N00100-0 N00009-0 N00151-0 N00273-0
2919	U00292	11/12/2025 04:52:00 PM	N00136 N00195 N00148 N00016 N00262	N00190-0 N00185-1 N00207-0 N00116-0 N00015-0 N00247-0 N00055-0 N00266-0
2920	U00292	11/15/2025 08:52:00 PM	N00136 N00195 N00148 N00016 N00262	N00227-1 N00130-0 N00208-0 N00156-1 N00221-1
2921	U00293	11/15/2025 04:16:00 PM	N00090 N00214 N00246 N00028 N00048 N00266 N00020 N00100 N00299 N00004 N00095 N00107 N00178 N00065 N00165	N00134-1 N00277-0 N00081-0 N00165-0 N00065-1 N00054-0
2922	U00293	11/15/2025 04:59:00 AM	N00090 N00214 N00246 N00028 N00048 N00266 N00020 N00100 N00299 N00004 N00095 N00107 N00178 N00065 N00165	N00054-0 N00170-0 N00113-0 N00213-1
2923	U00293	11/15/2025 01:47:00 AM	N00090 N00214 N00246 N00028 N00048 N00266 N00020 N00100 N00299 N00004 N00095 N00107 N00178 N00065 N00165	N00105-0 N00101-0 N00170-1 N00102-1 N00270-1 N00091-0 N00040-1 N00262-0 N00114-0
2924	U00293	11/15/2025 10:37:00 AM	N00090 N00214 N00246 N00028 N00048 N00266 N00020 N00100 N00299 N00004 N00095 N00107 N00178 N00065 N00165	N00091-0 N00058-0 N00038-1 N00006-0 N00214-1 N00188-0
2925	U00293	11/13/2025 05:04:00 AM	N00090 N00214 N00246 N00028 N00048 N00266 N00020 N00100 N00299 N00004 N00095 N00107 N00178 N00065 N00165	N00255-1 N00279-0 N00161-0 N00282-1 N00009-0 N00292-0 N00097-1 N00020-0
2926	U00293	11/14/2025 07:57:00 PM	N00090 N00214 N00246 N00028 N00048 N00266 N00020 N00100 N00299 N00004 N00095 N00107 N00178 N00065 N00165	N00020-0 N00067-1 N00242-0 N00138-0 N00095-0 N00259-0 N00220-0 N00276-0
2927	U00293	11/13/2025 12:13:00 PM	N00090 N00214 N00246 N00028 N00048 N00266 N00020 N00100 N00299 N00004 N00095 N00107 N00178 N00065 N00165	N00143-0 N00070-0 N00048-0 N00208-0 N00067-1 N00240-0
2928	U00293	11/15/2025 02:55:00 AM	N00090 N00214 N00246 N00028 N00048 N00266 N00020 N00100 N00299 N00004 N00095 N00107 N00178 N00065 N00165	N00165-0 N00235-0 N00176-0 N00196-0 N00177-0 N00074-1
2929	U00293	11/10/2025 04:19:00 PM	N00090 N00214 N00246 N00028 N00048 N00266 N00020 N00100 N00299 N00004 N00095 N00107 N00178 N00065 N00165	N00214-1 N00299-0 N00130-0 N00196-0
2930	U00293	11/13/2025 01:16:00 PM	N00090 N00214 N00246 N00028 N00048 N00266 N00020 N00100 N00299 N00004 N00095 N00107 N00178 N00065 N00165	N00055-0 N00040-1 N00100-1 N00241-0 N00133-0 N00252-0
2931	U00294	11/10/2025 07:55:00 PM	N00294 N00098 N00086 N00256 N00036 N00297 N00195 N00271	N00218-1 N00166-0 N00265-1 N00232-0 N00077-1 N00220-1
2932	U00294	11/10/2025 11:21:00 PM	N00294 N00098 N00086 N00256 N00036 N00297 N00195 N00271	N00103-1 N00273-0 N00261-0 N00176-0
2933	U00294	11/13/2025 03:17:00 PM	N00294 N00098 N00086 N00256 N00036 N00297 N00195 N00271	N00007-0 N00287-0 N00221-1 N00033-0 N00277-1 N00025-0 N00126-1 N00071-1
2934	U00294	11/13/2025 10:46:00 AM	N00294 N00098 N00086 N00256 N00036 N00297 N00195 N00271	N00188-1 N00166-1 N00076-1 N00280-1 N00035-1 N00045-0 N00204-0 N00106-1
2935	U00294	11/11/2025 03:08:00 PM	N00294 N00098 N00086 N00256 N00036 N00297 N00195 N00271	N00080-0 N00278-0 N00136-0 N00221-0 N00162-0 N00089-1 N00097-0 N00076-0
2936	U00294	11/16/2025 07:38:00 AM	N00294 N00098 N00086 N00256 N00036 N00297 N00195 N00271	N00197-0 N00031-0 N00002-1 N00103-1 N00240-1 N00277-0 N00212-0
2937	U00294	11/11/2025 02:22:00 AM	N00294 N00098 N00086 N00256 N00036 N00297 N00195 N00271	N00076-0 N00289-0 N00239-0 N00072-1 N00257-1 N00078-1
2938	U00294	11/11/2025 01:30:00 AM	N00294 N00098 N00086 N00256 N00036 N00297 N00195 N00271	N00201-0 N00078-0 N00293-0 N00281-0 N00060-0 N00017-1 N00152-1 N00151-0
2939	U00294	11/11/2025 10:09:00 AM	N00294 N00098 N00086 N00256 N00036 N00297 N00195 N00271	N00082-1 N00180-0 N00214-1 N00289-0 N00296-1
2940	U00294	11/14/2025 03:50:00 AM	N00294 N00098 N00086 N00256 N00036 N00297 N00195 N00271	N00252-1 N00272-1 N00151-0 N00256-0 N00291-0 N00017-1 N00288-0 N00170-0
2941	U00295	11/12/2025 05:55:00 PM	N00063 N00131 N00167 N00006 N00127 N00058 N00177 N00228 N00242 N00269 N00117 N00215 N00109 N00281 N00270	N00272-1 N00121-1 N00029-0 N00135-0 N00108-1 N00035-0 N00099-1 N00058-1
2942	U00295	11/15/2025 03:06:00 PM	N00063 N00131 N00167 N00006 N00127 N00058 N00177 N00228 N00242 N00269 N00117 N00215 N00109 N00281 N00270	N00180-0 N00279-0 N00186-1 N00095-0
2943	U00295	11/14/2025 09:32:00 AM	N00063 N00131 N00167 N00006 N00127 N00058 N00177 N00228 N00242 N00269 N00117 N00215 N00109 N00281 N00270	N00290-1 N00157-1 N00145-1 N00229-0
2944	U00295	11/15/2025 01:13:00 AM	N00063 N00131 N00167 N00006 N00127 N00058 N00177 N00228 N00242 N00269 N00117 N00215 N00109 N00281 N00270	N00088-0 N00125-0 N00114-0 N00085-0 N00051-0 N00042-1
2945	U00295	11/11/2025 12:09:00 AM	N00063 N00131 N00167 N00006 N00127 N00058 N00177 N00228 N00242 N00269 N00117 N00215 N00109 N00281 N00270	N00083-0 N00181-1 N00168-0 N00051-1 N00093-0 N00049-0 N00228-1 N00101-1 N00214-0
2946	U00295	11/14/2025 02:03:00 AM	N00063 N00131 N00167 N00006 N00127 N00058 N00177 N00228 N00242 N00269 N00117 N00215 N00109 N00281 N00270	N00207-1 N00064-0 N00292-0 N00102-0 N00099-0 N00081-1
2947	U00295	11/12/2025 02:02:00 AM	N00063 N00131 N00167 N00006 N00127 N00058 N00177 N00228 N00242 N00269 N00117 N00215 N00109 N00281 N00270	N00062-0 N00260-0 N00116-0 N00100-0 N00177-0 N00218-1 N00252-0
2948	U00295	11/10/2025 06:57:00 PM	N00063 N00131 N00167 N00006 N00127 N00058 N00177 N00228 N00242 N00269 N00117 N00215 N00109 N00281 N00270	N00289-0 N00273-1 N00268-0 N00044-0 N00058-1 N00237-0 N00206-0 N00255-1 N00161-0
2949	U00295	11/15/2025 10:03:00 PM	N00063 N00131 N00167 N00006 N00127 N00058 N00177 N00228 N00242 N00269 N00117 N00215 N00109 N00281 N00270	N00232-0 N00148-0 N00041-1 N00255-0 N00054-1 N00286-0
2950	U00295	11/15/2025 07:30:00 PM	N00063 N00131 N00167 N00006 N00127 N00058 N00177 N00228 N00242 N00269 N00117 N00215 N00109 N00281 N00270	N00150-0 N00048-0 N00022-1 N00042-0
2951	U00296	11/12/2025 01:11:00 PM	N00257 N00241 N00071 N00233	N00148-1 N00024-1 N00082-0 N00201-0 N00192-1 N00170-0 N00006-1 N00114-0
2952	U00296	11/14/2025 03:44:00 AM	N00257 N00241 N00071 N00233	N00260-0 N00053-0 N00136-0 N00189-0 N00173-1 N00034-1
2953	U00296	11/12/2025 02:12:00 PM	N00257 N00241 N00071 N00233	N00180-1 N00104-0 N00223-0 N00022-0 N00205-0
2954	U00296	11/12/2025 03:47:00 PM	N00257 N00241 N00071 N00233	N00245-0 N00276-0 N00270-0 N00227-1 N00099-1 N00114-0 N00193-1
2955	U00296	11/16/2025 12:54:00 AM	N00257 N00241 N00071 N00233	N00257-1 N00020-0 N00137-1 N00119-0 N00032-0 N00080-0
2956	U00296	11/11/2025 07:44:00 AM	N00257 N00241 N00071 N00233	N00157-0 N00071-0 N00203-1 N00295-0
2957	U00296	11/14/2025 10:18:00 AM	N00257 N00241 N00071 N00233	N00225-0 N00100-0 N00227-0 N00215-0 N00198-1 N00041-0 N00296-1 N00030-0 N00008-0
2958	U00296	11/13/2025 03:23:00 PM	N00257 N00241 N00071 N00233	N00077-1 N00220-1 N00210-0 N00294-1 N00159-1
2959	U00296	11/15/2025 10:11:00 PM	N00257 N00241 N00071 N00233	N00016-1 N00234-1 N00256-1 N00195-1 N00272-1 N00078-1 N00045-0
2960	U00296	11/11/2025 03:28:00 PM	N00257 N00241 N00071 N00233	N00185-1 N00107-1 N00014-1 N00009-0 N00040-0 N00268-0 N00276-0
2961	U00297	11/10/2025 08:50:00 AM	N00053 N00049 N00251 N00294 N00264 N00212 N00265 N00089 N00219 N00029 N00021 N00130	N00169-0 N00173-1 N00104-0 N00256-1 N00002-0 N00262-0 N00151-0 N00028-0 N00271-0
2962	U00297	11/14/2025 09:45:00 AM	N00053 N00049 N00251 N00294 N00264 N00212 N00265 N00089 N00219 N00029 N00021 N00130	N00005-0 N00136-1 N00184-0 N00277-1 N00241-0 N00235-1 N00073-0 N00174-0 N00250-0
2963	U00297	11/15/2025 08:16:00 PM	N00053 N00049 N00251 N00294 N00264 N00212 N00265 N00089 N00219 N00029 N00021 N00130	N00152-0 N00260-0 N00280-0 N00219-1 N00276-0 N00076-0 N00210-0 N00251-0
2964	U00297	11/10/2025 07:36:00 PM	N00053 N00049 N00251 N00294 N00264 N00212 N00265 N00089 N00219 N00029 N00021 N00130	N00154-0 N00072-0 N00002-1 N00201-0 N00219-1 N00051-0 N00010-0
2965	U00297	11/15/2025 05:32:00 AM	N00053 N00049 N00251 N00294 N00264 N00212 N00265 N00089 N00219 N00029 N00021 N00130	N00265-1 N00198-0 N00069-0 N00170-0
2966	U00297	11/14/2025 08:38:00 PM	N00053 N00049 N00251 N00294 N00264 N00212 N00265 N00089 N00219 N00029 N00021 N00130	N00240-0 N00088-0 N00124-0 N00191-0 N00077-0 N00110-0 N00259-1
2967	U00297	11/13/2025 08:11:00 AM	N00053 N00049 N00251 N00294 N00264 N00212 N00265 N00089 N00219 N00029 N00021 N00130	N00088-0 N00247-0 N00012-1 N00213-1 N00084-1
2968	U00297	11/15/2025 05:26:00 AM	N00053 N00049 N00251 N00294 N00264 N00212 N00265 N00089 N00219 N00029 N00021 N00130	N00120-1 N00149-0 N00133-0 N00193-0 N00132-0 N00164-1
2969	U00297	11/16/2025 06:37:00 AM	N00053 N00049 N00251 N00294 N00264 N00212 N00265 N00089 N00219 N00029 N00021 N00130	N00030-1 N00040-0 N00195-1 N00139-0 N00001-0
2970	U00297	11/13/2025 04:06:00 PM	N00053 N00049 N00251 N00294 N00264 N00212 N00265 N00089 N00219 N00029 N00021 N00130	N00103-0 N00067-0 N00073-0 N00101-1 N00122-1
2971	U00298	11/11/2025 11:14:00 PM	N00142 N00265 N00294 N00101 N00190 N00161 N00164 N00205 N00235 N00122 N00263 N00140 N00245 N00089 N00219	N00070-1 N00272-0 N00122-0 N00150-0 N00100-0
2972	U00298	11/15/2025 12:05:00 PM	N00142 N00265 N00294 N00101 N00190 N00161 N00164 N00205 N00235 N00122 N00263 N00140 N00245 N00089 N00219	N00186-0 N00244-0 N00252-0 N00185-0 N00112-0 N00072-0
2973	U00298	11/15/2025 02:29:00 AM	N00142 N00265 N00294 N00101 N00190 N00161 N00164 N00205 N00235 N00122 N00263 N00140 N00245 N00089 N00219	N00023-0 N00197-1 N00016-1 N00042-0 N00077-1 N00253-0
2974	U00298	11/15/2025 05:07:00 PM	N00142 N00265 N00294 N00101 N00190 N00161 N00164 N00205 N00235 N00122 N00263 N00140 N00245 N00089 N00219	N00149-0 N00010-0 N00227-1 N00058-0 N00151-0 N00196-0
2975	U00298	11/12/2025 12:41:00 PM	N00142 N00265 N00294 N00101 N00190 N00161 N00164 N00205 N00235 N00122 N00263 N00140 N00245 N00089 N00219	N00280-0 N00243-0 N00269-0 N00285-0 N00115-1 N00185-0 N00053-1
2976	U00298	11/11/2025 10:52:00 PM	N00142 N00265 N00294 N00101 N00190 N00161 N00164 N00205 N00235 N00122 N00263 N00140 N00245 N00089 N00219	N00070-1 N00213-0 N00006-0 N00087-1 N00128-0 N00023-1 N00261-0 N00216-0
2977	U00298	11/14/2025 11:35:00 PM	N00142 N00265 N00294 N00101 N00190 N00161 N00164 N00205 N00235 N00122 N00263 N00140 N00245 N00089 N00219	N00164-1 N00272-0 N00044-1 N00255-0 N00154-1
2978	U00298	11/14/2025 12:42:00 AM	N00142 N00265 N00294 N00101 N00190 N00161 N00164 N00205 N00235 N00122 N00263 N00140 N00245 N00089 N00219	N00286-0 N00235-1 N00118-1 N00158-0 N00070-0 N00249-0 N00044-1
2979	U00298	11/14/2025 01:04:00 AM	N00142 N00265 N00294 N00101 N00190 N00161 N00164 N00205 N00235 N00122 N00263 N00140 N00245 N00089 N00219	N00160-0 N00234-0 N00223-1 N00264-0 N00284-0 N00029-0 N00113-0 N00297-1
2980	U00298	11/12/2025 02:01:00 PM	N00142 N00265 N00294 N00101 N00190 N00161 N00164 N00205 N00235 N00122 N00263 N00140 N00245 N00089 N00219	N00053-0 N00089-1 N00188-0 N00078-0 N00247-0 N00017-1 N00174-1
2981	U00299	11/13/2025 07:46:00 PM	N00253 N00078 N00272 N00255	N00125-0 N00278-1 N00041-1 N00299-0 N00095-0 N00276-0 N00063-1 N00098-0
2982	U00299	11/10/2025 11:51:00 AM	N00253 N00078 N00272 N00255	N00125-0 N00093-0 N00053-0 N00194-0 N00201-0 N00074-0 N00211-0
2983	U00299	11/15/2025 03:00:00 PM	N00253 N00078 N00272 N00255	N00174-0 N00171-0 N00281-1 N00253-0 N00014-0 N00113-0 N00223-0
2984	U00299	11/16/2025 02:48:00 AM	N00253 N00078 N00272 N00255	N00121-0 N00198-0 N00079-1 N00049-0 N00040-0 N00232-0
2985	U00299	11/12/2025 08:14:00 PM	N00253 N00078 N00272 N00255	N00268-0 N00111-0 N00081-0 N00124-0 N00076-0 N00196-1 N00025-1 N00001-0 N00160-1
2986	U00299	11/11/2025 06:39:00 PM	N00253 N00078 N00272 N00255	N00222-0 N00061-0 N00189-1 N00150-0 N00244-0
2987	U00299	11/12/2025 09:43:00 PM	N00253 N00078 N00272 N00255	N00154-0 N00287-1 N00039-0 N00095-0 N00085-0 N00231-0 N00008-0
2988	U00299	11/11/2025 04:57:00 PM	N00253 N00078 N00272 N00255	N00117-1 N00235-0 N00197-0 N00081-0 N00070-0 N00207-1 N00231-0 N00163-1 N00165-0
2989	U00299	11/14/2025 01:27:00 AM	N00253 N00078 N00272 N00255	N00145-0 N00106-0 N00299-0 N00133-0 N00085-0 N00022-0 N00196-1 N00239-1
2990	U00299	11/12/2025 08:19:00 PM	N00253 N00078 N00272 N00255	N00059-1 N00166-0 N00176-0 N00145-0 N00001-0 N00115-0 N00153-1 N00186-1 N00273-1
2991	U00300	11/13/2025 01:31:00 PM	N00292 N00037 N00163 N00138 N00032 N00273 N00196 N00250 N00300 N00022	N00236-0 N00175-0 N00285-1 N00076-1 N00159-0 N00186-0 N00259-0 N00118-0 N00147-0
2992	U00300	11/13/2025 02:45:00 AM	N00292 N00037 N00163 N00138 N00032 N00273 N00196 N00250 N00300 N00022	N00011-1 N00233-0 N00275-0 N00123-1 N00100-0 N00101-0 N00228-1
2993	U00300	11/15/2025 11:32:00 PM	N00292 N00037 N00163 N00138 N00032 N00273 N00196 N00250 N00300 N00022	N00009-0 N00192-0 N00252-0 N00059-0 N00152-1
2994	U00300	11/11/2025 03:41:00 PM	N00292 N00037 N00163 N00138 N00032 N00273 N00196 N00250 N00300 N00022	N00249-0 N00212-0 N00078-1 N00068-0 N00235-0 N00250-1
2995	U00300	11/16/2025 02:05:00 AM	N00292 N00037 N00163 N00138 N00032 N00273 N00196 N00250 N00300 N00022	N00300-1 N00008-0 N00131-0 N00213-0
2996	U00300	11/10/2025 05:49:00 PM	N00292 N00037 N00163 N00138 N00032 N00273 N00196 N00250 N00300 N00022	N00284-1 N00156-0 N00251-0 N00054-0 N00283-1
2997	U00300	11/15/2025 08:18:00 AM	N00292 N00037 N00163 N00138 N00032 N00273 N00196 N00250 N00300 N00022	N00058-0 N00188-0 N00105-1 N00242-0 N00261-0 N00001-1
2998	U00300	11/12/2025 01:38:00 AM	N00292 N00037 N00163 N00138 N00032 N00273 N00196 N00250 N00300 N00022	N00114-1 N00037-0 N00163-0 N00134-0 N00265-0 N00199-1 N00106-0
2999	U00300	11/12/2025 12:25:00 PM	N00292 N00037 N00163 N00138 N00032 N00273 N00196 N00250 N00300 N00022	N00203-1 N00202-0 N00174-1 N00252-1 N00268-0 N00255-1
3000	U00300	11/11/2025 10:39:00 PM	N00292 N00037 N00163 N00138 N00032 N00273 N00196 N00250 N00300 N00022	N00068-0 N00154-0 N00163-1 N00218-0 N00037-1 N00220-0 N00077-0 N00140-0 N00169-1
3001	U00301	11/11/2025 08:56:00 AM	N00128 N00092 N00167 N00184 N00276 N00131 N00270 N00011 N00068 N00250	N00108-1 N00252-0 N00165-0 N00210-0 N00139-0 N00088-0 N00028-0 N00231-1
3002	U00301	11/10/2025 11:25:00 PM	N00128 N00092 N00167 N00184 N00276 N00131 N00270 N00011 N00068 N00250	N00266-0 N00003-0 N00012-1 N00225-0 N00042-0 N00239-1
3003	U00301	11/15/2025 11:58:00 PM	N00128 N00092 N00167 N00184 N00276 N00131 N00270 N00011 N00068 N00250	N00046-1 N00258-0 N00256-0 N00203-1 N00143-0 N00165-0 N00189-1
3004	U00301	11/11/2025 08:31:00 PM	N00128 N00092 N00167 N00184 N00276 N00131 N00270 N00011 N00068 N00250	N00173-0 N00213-0 N00034-0 N00207-1 N00051-1 N00019-0 N00090-0
3005	U00301	11/15/2025 07:00:00 AM	N00128 N00092 N00167 N00184 N00276 N00131 N00270 N00011 N00068 N00250	N00247-1 N00211-1 N00249-1 N00087-1 N00038-0 N00030-0
3006	U00301	11/14/2025 10:14:00 PM	N00128 N00092 N00167 N00184 N00276 N00131 N00270 N00011 N00068 N00250	N00166-0 N00190-0 N00283-1 N00155-0 N00273-0 N00295-0
3007	U00301	11/12/2025 09:54:00 PM	N00128 N00092 N00167 N00184 N00276 N00131 N00270 N00011 N00068 N00250	N00206-0 N00202-0 N00051-1 N00009-0 N00253-1 N00181-1
3008	U00301	11/16/2025 12:34:00 AM	N00128 N00092 N00167 N00184 N00276 N00131 N00270 N00011 N00068 N00250	N00214-0 N00073-0 N00101-0 N00226-0 N00091-0 N00025-0 N00123-0
3009	U00301	11/14/2025 08:49:00 AM	N00128 N00092 N00167 N00184 N00276 N00131 N00270 N00011 N00068 N00250	N00260-0 N00215-0 N00270-1 N00224-1 N00280-0 N00160-0 N00262-0 N00090-0 N00293-0
3010	U00301	11/15/2025 04:37:00 AM	N00128 N00092 N00167 N00184 N00276 N00131 N00270 N00011 N00068 N00250	N00257-0 N00196-0 N00201-0 N00236-0 N00157-0 N00007-0
3011	U00302	11/14/2025 01:23:00 PM	N00188 N00274 N00028 N00134 N00102 N00095 N00288 N00065	N00264-0 N00100-0 N00157-0 N00095-0 N00288-1 N00005-0 N00040-0
3012	U00302	11/15/2025 04:51:00 PM	N00188 N00274 N00028 N00134 N00102 N00095 N00288 N00065	N00038-0 N00195-0 N00097-0 N00274-0 N00230-0
3013	U00302	11/16/2025 06:07:00 AM	N00188 N00274 N00028 N00134 N00102 N00095 N00288 N00065	N00244-0 N00114-0 N00165-0 N00170-0 N00079-0 N00122-0
3014	U00302	11/13/2025 06:54:00 PM	N00188 N00274 N00028 N00134 N00102 N00095 N00288 N00065	N00271-0 N00230-0 N00234-0 N00214-1 N00249-0 N00274-1
3015	U00302	11/12/2025 04:30:00 PM	N00188 N00274 N00028 N00134 N00102 N00095 N00288 N00065	N00041-0 N00127-0 N00266-1 N00095-0 N00040-1 N00134-1 N00244-0 N00101-0
3016	U00302	11/10/2025 04:28:00 PM	N00188 N00274 N00028 N00134 N00102 N00095 N00288 N00065	N00289-0 N00065-1 N00224-0 N00120-0 N00067-0 N00166-0 N00075-1
3017	U00302	11/12/2025 10:07:00 AM	N00188 N00274 N00028 N00134 N00102 N00095 N00288 N00065	N00124-0 N00191-0 N00048-1 N00070-0 N00208-0 N00230-0 N00126-0 N00188-1
3018	U00302	11/16/2025 05:17:00 AM	N00188 N00274 N00028 N00134 N00102 N00095 N00288 N00065	N00178-1 N00273-0 N00200-0 N00020-0 N00139-0
3019	U00302	11/14/2025 05:10:00 PM	N00188 N00274 N00028 N00134 N00102 N00095 N00288 N00065	N00143-1 N00292-0 N00095-1 N00232-0 N00114-0 N00296-0
3020	U00302	11/15/2025 02:48:00 PM	N00188 N00274 N00028 N00134 N00102 N00095 N00288 N00065	N00038-0 N00110-0 N00127-0 N00102-0 N00085-1 N00119-0 N00224-1
3021	U00303	11/11/2025 02:08:00 AM	N00260 N00039 N00163 N00255 N00139 N00125	N00041-1 N00166-0 N00280-0 N00186-1 N00098-0 N00198-0
3022	U00303	11/10/2025 09:07:00 AM	N00260 N00039 N00163 N00255 N00139 N00125	N00061-1 N00207-1 N00298-1 N00147-0 N00118-0 N00273-0
3023	U00303	11/15/2025 09:27:00 AM	N00260 N00039 N00163 N00255 N00139 N00125	N00292-1 N00252-1 N00164-0 N00193-0 N00256-0 N00269-0 N00184-0
3024	U00303	11/13/2025 07:14:00 PM	N00260 N00039 N00163 N00255 N00139 N00125	N00203-0 N00098-0 N00275-0 N00219-0 N00253-0 N00011-0 N00250-0
3025	U00303	11/15/2025 10:45:00 AM	N00260 N00039 N00163 N00255 N00139 N00125	N00198-0 N00080-1 N00132-0 N00063-1 N00300-1 N00191-0 N00197-0 N00220-0 N00281-1
3026	U00303	11/11/2025 11:00:00 AM	N00260 N00039 N00163 N00255 N00139 N00125	N00028-0 N00045-0 N00184-1 N00280-0
3027	U00303	11/10/2025 09:12:00 AM	N00260 N00039 N00163 N00255 N00139 N00125	N00165-0 N00043-1 N00113-0 N00080-1 N00292-0
3028	U00303	11/14/2025 02:28:00 PM	N00260 N00039 N00163 N00255 N00139 N00125	N00103-0 N00035-0 N00060-0 N00167-1 N00222-1 N00082-1 N00185-0 N00109-1 N00004-0
3029	U00303	11/13/2025 06:32:00 AM	N00260 N00039 N00163 N00255 N00139 N00125	N00116-0 N00280-0 N00197-0 N00053-0 N00153-1 N00232-0 N00163-1 N00012-0
3030	U00303	11/11/2025 11:58:00 PM	N00260 N00039 N00163 N00255 N00139 N00125	N00132-0 N00057-1 N00059-1 N00011-1 N00203-1 N00112-0 N00208-0 N00066-1
3031	U00304	11/13/2025 06:22:00 PM	N00256 N00053 N00245 N00238 N00062 N00176 N00110 N00071 N00033 N00285 N00219 N00026 N00262 N00248 N00232	N00096-0 N00079-0 N00237-0 N00155-1 N00230-0
3032	U00304	11/11/2025 06:30:00 AM	N00256 N00053 N00245 N00238 N00062 N00176 N00110 N00071 N00033 N00285 N00219 N00026 N00262 N00248 N00232	N00155-0 N00287-0 N00148-1 N00211-0 N00053-1 N00183-0 N00189-0
3033	U00304	11/12/2025 03:29:00 PM	N00256 N00053 N00245 N00238 N00062 N00176 N00110 N00071 N00033 N00285 N00219 N00026 N00262 N00248 N00232	N00176-0 N00079-0 N00127-0 N00216-0 N00145-0 N00144-0 N00260-0
3034	U00304	11/15/2025 03:26:00 PM	N00256 N00053 N00245 N00238 N00062 N00176 N00110 N00071 N00033 N00285 N00219 N00026 N00262 N00248 N00232	N00127-0 N00030-1 N00070-1 N00044-0 N00172-1 N00297-0 N00059-0
3035	U00304	11/14/2025 11:01:00 PM	N00256 N00053 N00245 N00238 N00062 N00176 N00110 N00071 N00033 N00285 N00219 N00026 N00262 N00248 N00232	N00176-0 N00029-1 N00207-0 N00052-1 N00100-1 N00216-0 N00183-0
3036	U00304	11/15/2025 04:15:00 AM	N00256 N00053 N00245 N00238 N00062 N00176 N00110 N00071 N00033 N00285 N00219 N00026 N00262 N00248 N00232	N00230-0 N00225-1 N00112-0 N00297-0
3037	U00304	11/12/2025 11:21:00 AM	N00256 N00053 N00245 N00238 N00062 N00176 N00110 N00071 N00033 N00285 N00219 N00026 N00262 N00248 N00232	N00155-1 N00021-0 N00025-0 N00092-0 N00121-0 N00182-0 N00296-0 N00016-1
3038	U00304	11/12/2025 01:56:00 AM	N00256 N00053 N00245 N00238 N00062 N00176 N00110 N00071 N00033 N00285 N00219 N00026 N00262 N00248 N00232	N00199-0 N00072-0 N00289-1 N00236-0 N00208-0 N00002-0 N00099-0
3039	U00304	11/13/2025 05:13:00 PM	N00256 N00053 N00245 N00238 N00062 N00176 N00110 N00071 N00033 N00285 N00219 N00026 N00262 N00248 N00232	N00173-1 N00201-1 N00054-0 N00248-1 N00196-0 N00110-1 N00220-0
3040	U00304	11/15/2025 11:46:00 PM	N00256 N00053 N00245 N00238 N00062 N00176 N00110 N00071 N00033 N00285 N00219 N00026 N00262 N00248 N00232	N00074-0 N00173-0 N00204-0 N00227-0 N00242-0 N00169-0 N00070-1 N00203-0
3041	U00305	11/11/2025 01:01:00 PM	N00029 N00275 N00192 N00176	N00023-0 N00014-1 N00155-1 N00180-0 N00157-0 N00247-0 N00150-0
3042	U00305	11/12/2025 03:25:00 AM	N00029 N00275 N00192 N00176	N00288-0 N00150-1 N00116-0 N00035-1
3043	U00305	11/15/2025 09:20:00 PM	N00029 N00275 N00192 N00176	N00150-1 N00256-0 N00218-0 N00055-1 N00046-1 N00246-0
3044	U00305	11/11/2025 06:08:00 PM	N00029 N00275 N00192 N00176	N00037-0 N00205-1 N00203-0 N00050-0 N00030-0
3045	U00305	11/11/2025 04:09:00 AM	N00029 N00275 N00192 N00176	N00240-0 N00122-1 N00212-1 N00078-0
3046	U00305	11/15/2025 04:21:00 PM	N00029 N00275 N00192 N00176	N00268-1 N00022-0 N00270-0 N00265-1
3047	U00305	11/11/2025 12:51:00 AM	N00029 N00275 N00192 N00176	N00248-0 N00006-0 N00119-0 N00056-1 N00050-1
3048	U00305	11/14/2025 10:49:00 PM	N00029 N00275 N00192 N00176	N00171-0 N00013-1 N00008-0 N00104-1 N00154-0
3049	U00305	11/11/2025 11:58:00 PM	N00029 N00275 N00192 N00176	N00043-0 N00217-1 N00029-0 N00134-0
3050	U00305	11/13/2025 06:48:00 PM	N00029 N00275 N00192 N00176	N00087-0 N00030-1 N00208-0 N00161-0 N00268-0
3051	U00306	11/16/2025 07:19:00 AM	N00139 N00146 N00234 N00032 N00255 N00128 N00237 N00163 N00196 N00131 N00228	N00003-0 N00028-0 N00190-1 N00217-0 N00225-0 N00250-1 N00272-0
3052	U00306	11/15/2025 01:04:00 AM	N00139 N00146 N00234 N00032 N00255 N00128 N00237 N00163 N00196 N00131 N00228	N00254-0 N00185-0 N00011-1 N00187-0 N00014-0 N00033-0
3053	U00306	11/15/2025 08:06:00 PM	N00139 N00146 N00234 N00032 N00255 N00128 N00237 N00163 N00196 N00131 N00228	N00123-1 N00096-0 N00014-0 N00187-0 N00017-0 N00250-1
3054	U00306	11/11/2025 07:29:00 AM	N00139 N00146 N00234 N00032 N00255 N00128 N00237 N00163 N00196 N00131 N00228	N00298-1 N00099-0 N00026-0 N00124-0 N00001-1 N00082-0 N00138-1 N00205-0 N00095-0
3055	U00306	11/12/2025 03:57:00 AM	N00139 N00146 N00234 N00032 N00255 N00128 N00237 N00163 N00196 N00131 N00228	N00059-0 N00044-0 N00125-0 N00285-0 N00203-1
3056	U00306	11/12/2025 01:36:00 PM	N00139 N00146 N00234 N00032 N00255 N00128 N00237 N00163 N00196 N00131 N00228	N00189-1 N00041-1 N00039-1 N00037-1 N00075-0 N00145-0 N00034-0
3057	U00306	11/14/2025 12:28:00 AM	N00139 N00146 N00234 N00032 N00255 N00128 N00237 N00163 N00196 N00131 N00228	N00264-0 N00182-0 N00181-1 N00206-0 N00138-0 N00282-1 N00256-0
3058	U00306	11/15/2025 04:00:00 AM	N00139 N00146 N00234 N00032 N00255 N00128 N00237 N00163 N00196 N00131 N00228	N00012-0 N00249-0 N00168-1 N00102-0 N00227-0 N00158-0
3059	U00306	11/13/2025 07:23:00 AM	N00139 N00146 N00234 N00032 N00255 N00128 N00237 N00163 N00196 N00131 N00228	N00077-0 N00059-1 N00051-1 N00239-1 N00233-0 N00178-0 N00236-1
3060	U00306	11/15/2025 11:31:00 AM	N00139 N00146 N00234 N00032 N00255 N00128 N00237 N00163 N00196 N00131 N00228	N00114-0 N00251-0 N00047-1 N00090-0 N00173-0 N00131-1
3061	U00307	11/10/2025 01:13:00 PM	N00014 N00024 N00175 N00072 N00252 N00248 N00275 N00206	N00116-0 N00014-1 N00275-1 N00285-0 N00298-0
3062	U00307	11/16/2025 06:58:00 AM	N00014 N00024 N00175 N00072 N00252 N00248 N00275 N00206	N00204-0 N00035-1 N00217-1 N00156-1
3063	U00307	11/12/2025 06:50:00 AM	N00014 N00024 N00175 N00072 N00252 N00248 N00275 N00206	N00296-0 N00106-1 N00160-0 N00021-1 N00066-0 N00191-0
3064	U00307	11/14/2025 10:09:00 PM	N00014 N00024 N00175 N00072 N00252 N00248 N00275 N00206	N00296-0 N00007-0 N00186-0 N00234-0 N00027-1
3065	U00307	11/15/2025 02:07:00 PM	N00014 N00024 N00175 N00072 N00252 N00248 N00275 N00206	N00031-0 N00217-1 N00196-0 N00204-0 N00018-1 N00086-0 N00083-1 N00173-0
3066	U00307	11/11/2025 12:50:00 AM	N00014 N00024 N00175 N00072 N00252 N00248 N00275 N00206	N00166-0 N00257-0 N00255-0 N00017-1 N00294-1 N00024-1 N00028-0
3067	U00307	11/14/2025 01:53:00 PM	N00014 N00024 N00175 N00072 N00252 N00248 N00275 N00206	N00107-0 N00075-0 N00262-0 N00120-0 N00060-1 N00089-1 N00277-1
3068	U00307	11/12/2025 09:24:00 PM	N00014 N00024 N00175 N00072 N00252 N00248 N00275 N00206	N00288-1 N00136-0 N00199-0 N00046-0 N00002-1 N00074-0 N00206-1
3069	U00307	11/10/2025 11:07:00 AM	N00014 N00024 N00175 N00072 N00252 N00248 N00275 N00206	N00296-1 N00209-0 N00067-0 N00230-0 N00181-0 N00148-1 N00238-0
3070	U00307	11/13/2025 09:06:00 AM	N00014 N00024 N00175 N00072 N00252 N00248 N00275 N00206	N00245-0 N00225-1 N00024-1 N00211-0
3071	U00308	11/11/2025 01:55:00 PM	N00084 N00099 N00265 N00258 N00233	N00220-0 N00280-1 N00018-1 N00101-0 N00210-0
3072	U00308	11/14/2025 10:41:00 AM	N00084 N00099 N00265 N00258 N00233	N00008-1 N00074-1 N00179-0 N00230-0 N00178-0
3073	U00308	11/15/2025 07:54:00 AM	N00084 N00099 N00265 N00258 N00233	N00138-0 N00125-0 N00266-0 N00291-0 N00201-0 N00189-0 N00173-1 N00064-0
3074	U00308	11/14/2025 01:36:00 PM	N00084 N00099 N00265 N00258 N00233	N00196-0 N00067-0 N00006-0 N00032-0 N00046-1 N00124-1 N00253-0 N00227-1
3075	U00308	11/13/2025 04:18:00 PM	N00084 N00099 N00265 N00258 N00233	N00119-1 N00200-1 N00178-0 N00043-0 N00226-1 N00233-1
3076	U00308	11/15/2025 01:57:00 PM	N00084 N00099 N00265 N00258 N00233	N00035-1 N00046-0 N00049-1 N00086-1 N00152-0 N00037-1
3077	U00308	11/13/2025 09:57:00 AM	N00084 N00099 N00265 N00258 N00233	N00136-1 N00144-0 N00119-0 N00260-1 N00269-0 N00125-0
3078	U00308	11/14/2025 01:11:00 AM	N00084 N00099 N00265 N00258 N00233	N00173-1 N00155-0 N00164-0 N00189-0 N00251-1 N00236-0
3079	U00308	11/13/2025 03:36:00 AM	N00084 N00099 N00265 N00258 N00233	N00053-0 N00230-0 N00043-0 N00072-1 N00117-0 N00299-0
3080	U00308	11/12/2025 07:17:00 AM	N00084 N00099 N00265 N00258 N00233	N00024-1 N00293-0 N00237-0 N00036-1 N00082-1 N00221-1 N00167-0 N00041-1
3081	U00309	11/10/2025 11:22:00 PM	N00091 N00102 N00020 N00113 N00100 N00158 N00266 N00107 N00288 N00004	N00217-0 N00219-0 N00268-0 N00004-1 N00044-0 N00028-1
3082	U00309	11/15/2025 07:15:00 PM	N00091 N00102 N00020 N00113 N00100 N00158 N00266 N00107 N00288 N00004	N00108-0 N00065-0 N00147-1 N00148-0 N00299-1 N00096-0 N00076-0
3083	U00309	11/15/2025 07:40:00 AM	N00091 N00102 N00020 N00113 N00100 N00158 N00266 N00107 N00288 N00004	N00132-0 N00090-1 N00074-0 N00025-1 N00230-0 N00224-0
3084	U00309	11/12/2025 11:09:00 PM	N00091 N00102 N00020 N00113 N00100 N00158 N00266 N00107 N00288 N00004	N00091-1 N00102-0 N00227-0 N00074-0 N00026-0 N00135-0 N00090-1
3085	U00309	11/10/2025 10:14:00 PM	N00091 N00102 N00020 N00113 N00100 N00158 N00266 N00107 N00288 N00004	N00087-0 N00226-1 N00175-0 N00038-1
3086	U00309	11/14/2025 11:23:00 PM	N00091 N00102 N00020 N00113 N00100 N00158 N00266 N00107 N00288 N00004	N00093-0 N00226-0 N00090-0 N00018-0 N00136-0
3087	U00309	11/14/2025 01:23:00 AM	N00091 N00102 N00020 N00113 N00100 N00158 N00266 N00107 N00288 N00004	N00134-0 N00189-0 N00173-0 N00113-1 N00164-0 N00166-0
3088	U00309	11/13/2025 01:13:00 AM	N00091 N00102 N00020 N00113 N00100 N00158 N00266 N00107 N00288 N00004	N00264-0 N00204-1 N00136-0 N00134-1 N00056-0 N00291-0 N00143-0
3089	U00309	11/13/2025 10:58:00 PM	N00091 N00102 N00020 N00113 N00100 N00158 N00266 N00107 N00288 N00004	N00053-0 N00020-0 N00283-0 N00214-1 N00056-0 N00217-0 N00134-1 N00063-0
3090	U00309	11/11/2025 06:46:00 AM	N00091 N00102 N00020 N00113 N00100 N00158 N00266 N00107 N00288 N00004	N00260-0 N00144-0 N00084-0 N00121-0 N00031-1 N00038-1
3091	U00310	11/15/2025 06:47:00 AM	N00294 N00271 N00077 N00172	N00295-0 N00002-1 N00006-1 N00261-0 N00191-0 N00151-0 N00163-1 N00245-0 N00113-1
3092	U00310	11/14/2025 05:37:00 PM	N00294 N00271 N00077 N00172	N00072-0 N00054-0 N00095-0 N00224-1 N00133-0 N00206-1 N00018-0
3093	U00310	11/10/2025 03:46:00 PM	N00294 N00271 N00077 N00172	N00075-0 N00275-0 N00236-0 N00218-0 N00065-0 N00078-0 N00092-0
3094	U00310	11/16/2025 05:52:00 AM	N00294 N00271 N00077 N00172	N00245-1 N00149-1 N00165-1 N00294-1 N00054-1 N00233-1 N00074-0 N00144-0
3095	U00310	11/14/2025 05:54:00 PM	N00294 N00271 N00077 N00172	N00181-1 N00220-1 N00105-0 N00135-1 N00243-0 N00104-1 N00069-1
3096	U00310	11/11/2025 03:47:00 PM	N00294 N00271 N00077 N00172	N00034-0 N00263-1 N00007-1 N00032-0 N00009-0
3097	U00310	11/10/2025 11:23:00 AM	N00294 N00271 N00077 N00172	N00295-0 N00057-0 N00291-0 N00236-0
3098	U00310	11/12/2025 06:02:00 AM	N00294 N00271 N00077 N00172	N00040-0 N00297-1 N00012-0 N00280-1 N00021-0 N00195-1 N00016-0 N00093-0 N00266-1
3099	U00310	11/15/2025 07:00:00 PM	N00294 N00271 N00077 N00172	N00181-0 N00090-0 N00296-0 N00111-0 N00015-0 N00144-0 N00135-1 N00047-0
3100	U00310	11/10/2025 08:05:00 PM	N00294 N00271 N00077 N00172	N00256-1 N00011-0 N00088-0 N00225-0 N00287-0 N00277-1 N00193-0 N00152-0
3101	U00311	11/15/2025 12:08:00 AM	N00067 N00282 N00107 N00188	N00082-0 N00090-1 N00132-0 N00113-1 N00254-0
3102	U00311	11/10/2025 11:16:00 AM	N00067 N00282 N00107 N00188	N00085-1 N00229-0 N00004-1 N00233-0 N00202-1 N00067-1 N00143-1 N00259-0
3103	U00311	11/15/2025 02:56:00 AM	N00067 N00282 N00107 N00188	N00091-0 N00244-1 N00040-0 N00257-0
3104	U00311	11/14/2025 05:55:00 AM	N00067 N00282 N00107 N00188	N00100-1 N00274-1 N00253-0 N00069-1 N00252-0 N00263-0 N00048-0 N00061-0 N00134-1
3105	U00311	11/11/2025 11:53:00 PM	N00067 N00282 N00107 N00188	N00170-0 N00176-0 N00200-1 N00266-1 N00097-1 N00190-0 N00116-0
3106	U00311	11/12/2025 07:47:00 AM	N00067 N00282 N00107 N00188	N00110-0 N00224-0 N00091-0 N00027-0 N00095-0 N00065-0
3107	U00311	11/11/2025 08:50:00 PM	N00067 N00282 N00107 N00188	N00026-0 N00030-1 N00029-1 N00121-1 N00089-0 N00274-0 N00085-0 N00282-1
3108	U00311	11/15/2025 01:19:00 AM	N00067 N00282 N00107 N00188	N00007-0 N00113-0 N00254-0 N00286-0 N00103-0 N00143-1
3109	U00311	11/14/2025 07:24:00 AM	N00067 N00282 N00107 N00188	N00039-1 N00020-1 N00065-0 N00209-0 N00238-0 N00052-0 N00195-0 N00170-1
3110	U00311	11/14/2025 11:51:00 PM	N00067 N00282 N00107 N00188	N00164-0 N00282-1 N00004-1 N00204-0
3111	U00312	11/10/2025 02:31:00 PM	N00176 N00103 N00221 N00096 N00154 N00159 N00251 N00232 N00220 N00190 N00035 N00030 N00008 N00130	N00029-1 N00205-1 N00184-0 N00241-1 N00115-1
3112	U00312	11/15/2025 04:28:00 AM	N00176 N00103 N00221 N00096 N00154 N00159 N00251 N00232 N00220 N00190 N00035 N00030 N00008 N00130	N00263-1 N00182-0 N00049-1 N00100-0 N00004-0
3113	U00312	11/14/2025 02:17:00 PM	N00176 N00103 N00221 N00096 N00154 N00159 N00251 N00232 N00220 N00190 N00035 N00030 N00008 N00130	N00237-0 N00133-0 N00056-1 N00007-0 N00221-1
3114	U00312	11/12/2025 06:58:00 PM	N00176 N00103 N00221 N00096 N00154 N00159 N00251 N00232 N00220 N00190 N00035 N00030 N00008 N00130	N00192-1 N00274-0 N00127-0 N00093-0 N00018-0 N00242-0 N00098-0 N00232-1
3115	U00312	11/11/2025 02:15:00 PM	N00176 N00103 N00221 N00096 N00154 N00159 N00251 N00232 N00220 N00190 N00035 N00030 N00008 N00130	N00150-1 N00201-0 N00230-1 N00010-0 N00251-1 N00100-0
3116	U00312	11/12/2025 09:58:00 PM	N00176 N00103 N00221 N00096 N00154 N00159 N00251 N00232 N00220 N00190 N00035 N00030 N00008 N00130	N00151-0 N00045-0 N00205-1 N00142-1 N00207-0 N00187-0
3117	U00312	11/10/2025 10:41:00 PM	N00176 N00103 N00221 N00096 N00154 N00159 N00251 N00232 N00220 N00190 N00035 N00030 N00008 N00130	N00203-1 N00040-0 N00019-1 N00275-1 N00225-1 N00023-0
3118	U00312	11/15/2025 06:28:00 AM	N00176 N00103 N00221 N00096 N00154 N00159 N00251 N00232 N00220 N00190 N00035 N00030 N00008 N00130	N00033-1 N00128-0 N00233-0 N00071-1 N00151-0 N00180-0
3119	U00312	11/15/2025 09:19:00 PM	N00176 N00103 N00221 N00096 N00154 N00159 N00251 N00232 N00220 N00190 N00035 N00030 N00008 N00130	N00010-0 N00036-0 N00208-0 N00238-1 N00221-0 N00015-1 N00248-0 N00151-0 N00252-0
3120	U00312	11/15/2025 08:11:00 AM	N00176 N00103 N00221 N00096 N00154 N00159 N00251 N00232 N00220 N00190 N00035 N00030 N00008 N00130	N00217-0 N00252-0 N00150-0 N00199-0 N00130-0
3121	U00313	11/16/2025 04:41:00 AM	N00097 N00266 N00009 N00299 N00274 N00158 N00090 N00113 N00224 N00288 N00282 N00170 N00188	N00061-1 N00263-0 N00162-0 N00076-0 N00063-0 N00065-1 N00038-0
3122	U00313	11/15/2025 02:05:00 PM	N00097 N00266 N00009 N00299 N00274 N00158 N00090 N00113 N00224 N00288 N00282 N00170 N00188	N00288-0 N00017-0 N00252-1 N00095-0 N00275-0 N00043-0
3123	U00313	11/11/2025 12:10:00 PM	N00097 N00266 N00009 N00299 N00274 N00158 N00090 N00113 N00224 N00288 N00282 N00170 N00188	N00031-1 N00048-0 N00049-0 N00139-0 N00075-1 N00102-1 N00217-0
3124	U00313	11/11/2025 10:50:00 AM	N00097 N00266 N00009 N00299 N00274 N00158 N00090 N00113 N00224 N00288 N00282 N00170 N00188	N00107-0 N00009-0 N00141-0 N00020-0 N00187-0 N00205-0 N00158-0
3125	U00313	11/12/2025 02:04:00 PM	N00097 N00266 N00009 N00299 N00274 N00158 N00090 N00113 N00224 N00288 N00282 N00170 N00188	N00265-0 N00050-0 N00247-0 N00100-0 N00171-0 N00160-0 N00282-0
3126	U00313	11/15/2025 07:40:00 AM	N00097 N00266 N00009 N00299 N00274 N00158 N00090 N00113 N00224 N00288 N00282 N00170 N00188	N00097-0 N00028-1 N00227-0 N00069-0 N00067-1 N00049-0 N00282-0
3127	U00313	11/16/2025 04:41:00 AM	N00097 N00266 N00009 N00299 N00274 N00158 N00090 N00113 N00224 N00288 N00282 N00170 N00188	N00224-0 N00208-1 N00296-0 N00067-1 N00012-0 N00031-0
3128	U00313	11/10/2025 12:27:00 PM	N00097 N00266 N00009 N00299 N00274 N00158 N00090 N00113 N00224 N00288 N00282 N00170 N00188	N00262-0 N00031-0 N00192-0 N00208-1 N00038-0 N00144-0 N00170-0 N00082-0 N00270-0
3129	U00313	11/14/2025 03:03:00 PM	N00097 N00266 N00009 N00299 N00274 N00158 N00090 N00113 N00224 N00288 N00282 N00170 N00188	N00089-0 N00097-1 N00299-1 N00099-0 N00245-0 N00162-0
3130	U00313	11/10/2025 08:54:00 AM	N00097 N00266 N00009 N00299 N00274 N00158 N00090 N00113 N00224 N00288 N00282 N00170 N00188	N00258-0 N00214-1 N00194-1 N00028-1 N00188-1 N00239-0 N00090-1
3131	U00314	11/16/2025 06:41:00 AM	N00039 N00283 N00047 N00189 N00181	N00117-0 N00042-1 N00069-1 N00267-1 N00180-1 N00191-0 N00136-1
3132	U00314	11/15/2025 03:38:00 AM	N00039 N00283 N00047 N00189 N00181	N00127-0 N00293-0 N00146-1 N00072-0 N00206-0
3133	U00314	11/13/2025 10:55:00 PM	N00039 N00283 N00047 N00189 N00181	N00032-0 N00121-0 N00024-0 N00127-1 N00274-0 N00068-1
3134	U00314	11/13/2025 07:17:00 AM	N00039 N00283 N00047 N00189 N00181	N00283-1 N00292-1 N00070-0 N00076-0 N00146-0
3135	U00314	11/13/2025 09:33:00 AM	N00039 N00283 N00047 N00189 N00181	N00212-0 N00008-0 N00043-1 N00199-0 N00294-0 N00282-0
3136	U00314	11/12/2025 07:28:00 PM	N00039 N00283 N00047 N00189 N00181	N00022-1 N00043-1 N00032-1 N00055-0 N00166-0 N00159-0
3137	U00314	11/12/2025 07:08:00 PM	N00039 N00283 N00047 N00189 N00181	N00189-1 N00141-0 N00287-0 N00193-0 N00254-0 N00240-0
3138	U00314	11/14/2025 12:55:00 AM	N00039 N00283 N00047 N00189 N00181	N00143-0 N00010-0 N00118-1 N00132-1 N00098-0 N00267-0
3139	U00314	11/15/2025 10:08:00 AM	N00039 N00283 N00047 N00189 N00181	N00139-0 N00173-0 N00040-0 N00299-0 N00122-0 N00131-1
3140	U00314	11/14/2025 05:02:00 PM	N00039 N00283 N00047 N00189 N00181	N00293-0 N00099-0 N00281-1 N00251-0 N00036-0 N00042-0 N00246-0
3141	U00315	11/12/2025 03:30:00 AM	N00075 N00100 N00031 N00282 N00170 N00090 N00102 N00208 N00107 N00097 N00158 N00246 N00178 N00088	N00286-0 N00071-0 N00002-0 N00299-0 N00272-0 N00092-0 N00188-1 N00088-1
3142	U00315	11/11/2025 05:23:00 PM	N00075 N00100 N00031 N00282 N00170 N00090 N00102 N00208 N00107 N00097 N00158 N00246 N00178 N00088	N00158-1 N00058-0 N00052-0 N00085-0 N00271-0 N00053-0 N00143-1 N00121-0 N00226-1
3143	U00315	11/15/2025 07:59:00 PM	N00075 N00100 N00031 N00282 N00170 N00090 N00102 N00208 N00107 N00097 N00158 N00246 N00178 N00088	N00118-0 N00085-0 N00226-1 N00136-0 N00170-1
3144	U00315	11/16/2025 05:28:00 AM	N00075 N00100 N00031 N00282 N00170 N00090 N00102 N00208 N00107 N00097 N00158 N00246 N00178 N00088	N00214-1 N00065-0 N00100-0 N00027-0 N00064-0
3145	U00315	11/13/2025 01:05:00 AM	N00075 N00100 N00031 N00282 N00170 N00090 N00102 N00208 N00107 N00097 N00158 N00246 N00178 N00088	N00215-0 N00104-0 N00188-0 N00224-0 N00040-1 N00045-0
3146	U00315	11/13/2025 03:49:00 PM	N00075 N00100 N00031 N00282 N00170 N00090 N00102 N00208 N00107 N00097 N00158 N00246 N00178 N00088	N00158-0 N00085-0 N00110-0 N00298-0 N00057-0
3147	U00315	11/13/2025 10:51:00 AM	N00075 N00100 N00031 N00282 N00170 N00090 N00102 N00208 N00107 N00097 N00158 N00246 N00178 N00088	N00255-0 N00228-0 N00048-0 N00259-1 N00288-1 N00208-0 N00188-0 N00110-0 N00042-0
3148	U00315	11/11/2025 10:04:00 PM	N00075 N00100 N00031 N00282 N00170 N00090 N00102 N00208 N00107 N00097 N00158 N00246 N00178 N00088	N00048-0 N00012-0 N00240-0 N00096-0 N00038-1 N00134-1 N00188-1
3149	U00315	11/15/2025 10:52:00 AM	N00075 N00100 N00031 N00282 N00170 N00090 N00102 N00208 N00107 N00097 N00158 N00246 N00178 N00088	N00078-0 N00068-0 N00102-1 N00011-0 N00107-0 N00004-0 N00209-0
3150	U00315	11/13/2025 11:58:00 AM	N00075 N00100 N00031 N00282 N00170 N00090 N00102 N00208 N00107 N00097 N00158 N00246 N00178 N00088	N00298-0 N00215-0 N00065-1 N00246-1 N00059-0 N00089-0 N00299-1 N00224-1
3151	U00316	11/12/2025 02:38:00 PM	N00008 N00050 N00015 N00173 N00275 N00265 N00122 N00110 N00263 N00130 N00072 N00077 N00245 N00293 N00223	N00240-0 N00171-0 N00077-1 N00263-1 N00195-1 N00019-1 N00087-0
3152	U00316	11/15/2025 12:31:00 PM	N00008 N00050 N00015 N00173 N00275 N00265 N00122 N00110 N00263 N00130 N00072 N00077 N00245 N00293 N00223	N00197-1 N00029-0 N00286-0 N00031-0 N00053-1 N00269-0 N00219-1 N00283-0
3153	U00316	11/11/2025 10:45:00 AM	N00008 N00050 N00015 N00173 N00275 N00265 N00122 N00110 N00263 N00130 N00072 N00077 N00245 N00293 N00223	N00234-0 N00014-0 N00276-0 N00298-1 N00008-0 N00018-1 N00063-0
3154	U00316	11/14/2025 08:25:00 AM	N00008 N00050 N00015 N00173 N00275 N00265 N00122 N00110 N00263 N00130 N00072 N00077 N00245 N00293 N00223	N00226-0 N00264-0 N00284-0 N00019-1 N00044-1 N00195-1
3155	U00316	11/13/2025 07:53:00 AM	N00008 N00050 N00015 N00173 N00275 N00265 N00122 N00110 N00263 N00130 N00072 N00077 N00245 N00293 N00223	N00064-0 N00179-0 N00176-0 N00154-0 N00130-0 N00003-0 N00265-0 N00155-0
3156	U00316	11/15/2025 09:51:00 AM	N00008 N00050 N00015 N00173 N00275 N00265 N00122 N00110 N00263 N00130 N00072 N00077 N00245 N00293 N00223	N00027-1 N00243-1 N00023-1 N00175-0 N00294-1
3157	U00316	11/13/2025 11:39:00 PM	N00008 N00050 N00015 N00173 N00275 N00265 N00122 N00110 N00263 N00130 N00072 N00077 N00245 N00293 N00223	N00242-0 N00202-1 N00265-1 N00219-0 N00023-1 N00183-0
3158	U00316	11/15/2025 03:55:00 PM	N00008 N00050 N00015 N00173 N00275 N00265 N00122 N00110 N00263 N00130 N00072 N00077 N00245 N00293 N00223	N00101-1 N00116-0 N00214-0 N00143-0 N00070-0 N00149-0 N00232-1
3159	U00316	11/15/2025 01:45:00 PM	N00008 N00050 N00015 N00173 N00275 N00265 N00122 N00110 N00263 N00130 N00072 N00077 N00245 N00293 N00223	N00019-1 N00121-0 N00156-0 N00235-0 N00272-0
3160	U00316	11/14/2025 01:42:00 AM	N00008 N00050 N00015 N00173 N00275 N00265 N00122 N00110 N00263 N00130 N00072 N00077 N00245 N00293 N00223	N00104-1 N00227-1 N00202-1 N00282-0 N00013-0 N00234-0
3161	U00317	11/13/2025 09:31:00 PM	N00090 N00158 N00266 N00208 N00143 N00214 N00097 N00038 N00224 N00274 N00246 N00134 N00095	N00044-0 N00232-0 N00279-0 N00102-1 N00097-0 N00180-0
3162	U00317	11/15/2025 03:20:00 PM	N00090 N00158 N00266 N00208 N00143 N00214 N00097 N00038 N00224 N00274 N00246 N00134 N00095	N00276-0 N00100-1 N00075-0 N00135-0 N00214-1 N00051-0 N00019-0 N00040-1
3163	U00317	11/12/2025 05:02:00 AM	N00090 N00158 N00266 N00208 N00143 N00214 N00097 N00038 N00224 N00274 N00246 N00134 N00095	N00170-1 N00002-0 N00020-1 N00094-0 N00199-0 N00184-0 N00165-1
3164	U00317	11/13/2025 07:09:00 AM	N00090 N00158 N00266 N00208 N00143 N00214 N00097 N00038 N00224 N00274 N00246 N00134 N00095	N00097-0 N00189-0 N00278-0 N00038-1 N00032-0 N00215-0 N00031-0 N00082-0
3165	U00317	11/16/2025 12:23:00 AM	N00090 N00158 N00266 N00208 N00143 N00214 N00097 N00038 N00224 N00274 N00246 N00134 N00095	N00089-0 N00040-1 N00078-0 N00106-0 N00063-0 N00085-1 N00097-0 N00286-0
3166	U00317	11/16/2025 04:59:00 AM	N00090 N00158 N00266 N00208 N00143 N00214 N00097 N00038 N00224 N00274 N00246 N00134 N00095	N00207-0 N00134-1 N00035-0 N00113-0 N00023-0 N00075-0 N00244-0 N00289-0 N00170-0
3167	U00317	11/16/2025 04:27:00 AM	N00090 N00158 N00266 N00208 N00143 N00214 N00097 N00038 N00224 N00274 N00246 N00134 N00095	N00006-0 N00196-0 N00061-0 N00038-1 N00158-1
3168	U00317	11/11/2025 03:26:00 AM	N00090 N00158 N00266 N00208 N00143 N00214 N00097 N00038 N00224 N00274 N00246 N00134 N00095	N00020-1 N00208-1 N00199-0 N00217-0 N00197-0 N00028-0 N00263-0 N00224-0 N00056-0
3169	U00317	11/16/2025 05:46:00 AM	N00090 N00158 N00266 N00208 N00143 N00214 N00097 N00038 N00224 N00274 N00246 N00134 N00095	N00017-0 N00215-0 N00037-0 N00299-1 N00048-0 N00190-0
3170	U00317	11/10/2025 03:06:00 PM	N00090 N00158 N00266 N00208 N00143 N00214 N00097 N00038 N00224 N00274 N00246 N00134 N00095	N00140-0 N00021-0 N00147-0 N00208-1 N00226-0 N00009-0
3171	U00318	11/15/2025 09:31:00 PM	N00002 N00297 N00200 N00076 N00060 N00055 N00057 N00164 N00185 N00061 N00019 N00182 N00111 N00104 N00161	N00134-1 N00265-1 N00129-0 N00209-0 N00187-0
3172	U00318	11/13/2025 10:42:00 AM	N00002 N00297 N00200 N00076 N00060 N00055 N00057 N00164 N00185 N00061 N00019 N00182 N00111 N00104 N00161	N00182-1 N00151-1 N00246-0 N00130-0
3173	U00318	11/15/2025 05:53:00 PM	N00002 N00297 N00200 N00076 N00060 N00055 N00057 N00164 N00185 N00061 N00019 N00182 N00111 N00104 N00161	N00025-0 N00155-0 N00144-0 N00172-0 N00046-0 N00194-0 N00168-0 N00187-0
3174	U00318	11/10/2025 07:08:00 PM	N00002 N00297 N00200 N00076 N00060 N00055 N00057 N00164 N00185 N00061 N00019 N00182 N00111 N00104 N00161	N00255-1 N00081-0 N00169-0 N00179-1 N00021-0 N00138-1 N00289-0 N00159-0
3175	U00318	11/13/2025 12:21:00 PM	N00002 N00297 N00200 N00076 N00060 N00055 N00057 N00164 N00185 N00061 N00019 N00182 N00111 N00104 N00161	N00229-0 N00025-1 N00164-1 N00034-1 N00250-0 N00155-1
3176	U00318	11/15/2025 11:50:00 PM	N00002 N00297 N00200 N00076 N00060 N00055 N00057 N00164 N00185 N00061 N00019 N00182 N00111 N00104 N00161	N00083-1 N00277-0 N00130-0 N00061-1 N00048-0 N00040-0
3177	U00318	11/12/2025 11:14:00 AM	N00002 N00297 N00200 N00076 N00060 N00055 N00057 N00164 N00185 N00061 N00019 N00182 N00111 N00104 N00161	N00294-1 N00153-0 N00249-1 N00224-0
3178	U00318	11/15/2025 11:55:00 PM	N00002 N00297 N00200 N00076 N00060 N00055 N00057 N00164 N00185 N00061 N00019 N00182 N00111 N00104 N00161	N00283-0 N00186-0 N00194-0 N00014-1 N00201-0 N00122-1 N00096-1 N00263-0
3179	U00318	11/10/2025 05:16:00 PM	N00002 N00297 N00200 N00076 N00060 N00055 N00057 N00164 N00185 N00061 N00019 N00182 N00111 N00104 N00161	N00121-0 N00127-1 N00108-0 N00069-1 N00084-1
3180	U00318	11/13/2025 02:08:00 AM	N00002 N00297 N00200 N00076 N00060 N00055 N00057 N00164 N00185 N00061 N00019 N00182 N00111 N00104 N00161	N00004-1 N00164-0 N00249-0 N00118-0 N00188-1 N00064-1 N00068-0
3181	U00319	11/15/2025 09:27:00 PM	N00131 N00059 N00082 N00236 N00121 N00237 N00120 N00229 N00092	N00203-1 N00016-0 N00275-0 N00003-1 N00226-0 N00295-0
3182	U00319	11/14/2025 04:41:00 PM	N00131 N00059 N00082 N00236 N00121 N00237 N00120 N00229 N00092	N00026-0 N00022-1 N00124-0 N00274-0 N00184-1 N00097-0 N00260-0
3183	U00319	11/16/2025 04:42:00 AM	N00131 N00059 N00082 N00236 N00121 N00237 N00120 N00229 N00092	N00160-0 N00051-0 N00120-1 N00113-0 N00084-0
3184	U00319	11/12/2025 02:46:00 PM	N00131 N00059 N00082 N00236 N00121 N00237 N00120 N00229 N00092	N00159-0 N00174-0 N00171-1 N00252-0 N00064-1 N00250-1 N00072-0 N00211-1
3185	U00319	11/12/2025 07:22:00 PM	N00131 N00059 N00082 N00236 N00121 N00237 N00120 N00229 N00092	N00120-0 N00251-0 N00127-1 N00221-0 N00208-0 N00026-0 N00073-1 N00228-0
3186	U00319	11/10/2025 03:56:00 PM	N00131 N00059 N00082 N00236 N00121 N00237 N00120 N00229 N00092	N00040-0 N00229-1 N00031-0 N00116-0 N00074-0
3187	U00319	11/15/2025 11:40:00 AM	N00131 N00059 N00082 N00236 N00121 N00237 N00120 N00229 N00092	N00235-0 N00263-0 N00260-1 N00202-0 N00168-1
3188	U00319	11/10/2025 10:18:00 PM	N00131 N00059 N00082 N00236 N00121 N00237 N00120 N00229 N00092	N00018-0 N00255-0 N00003-1 N00110-0 N00177-1 N00205-0 N00103-0 N00054-0 N00095-0
3189	U00319	11/12/2025 03:13:00 AM	N00131 N00059 N00082 N00236 N00121 N00237 N00120 N00229 N00092	N00101-0 N00223-0 N00250-1 N00298-1 N00271-0 N00137-0 N00120-0
3190	U00319	11/13/2025 01:42:00 PM	N00131 N00059 N00082 N00236 N00121 N00237 N00120 N00229 N00092	N00292-1 N00138-1 N00042-0 N00052-0 N00144-0 N00121-1
3191	U00320	11/13/2025 12:32:00 AM	N00020 N00004 N00274 N00100 N00299 N00214	N00078-0 N00189-0 N00067-1 N00214-0 N00194-0
3192	U00320	11/11/2025 04:03:00 PM	N00020 N00004 N00274 N00100 N00299 N00214	N00259-0 N00269-0 N00214-0 N00240-0 N00165-0 N00266-1
3193	U00320	11/13/2025 10:56:00 PM	N00020 N00004 N00274 N00100 N00299 N00214	N00118-0 N00121-0 N00165-0 N00143-0 N00054-0 N00019-0
3194	U00320	11/11/2025 05:03:00 PM	N00020 N00004 N00274 N00100 N00299 N00214	N00236-0 N00067-1 N00142-0 N00189-0 N00158-0 N00143-1
3195	U00320	11/15/2025 01:14:00 AM	N00020 N00004 N00274 N00100 N00299 N00214	N00037-0 N00246-0 N00121-0 N00266-1 N00288-0
3196	U00320	11/12/2025 12:52:00 PM	N00020 N00004 N00274 N00100 N00299 N00214	N00031-1 N00083-0 N00210-0 N00194-0 N00299-0 N00075-0
3197	U00320	11/11/2025 05:11:00 AM	N00020 N00004 N00274 N00100 N00299 N00214	N00203-0 N00081-0 N00091-1 N00069-0 N00130-0 N00028-1 N00085-1 N00295-0
3198	U00320	11/15/2025 12:15:00 AM	N00020 N00004 N00274 N00100 N00299 N00214	N00005-0 N00274-1 N00259-0 N00069-0 N00192-0 N00065-1 N00256-0
3199	U00320	11/15/2025 07:04:00 PM	N00020 N00004 N00274 N00100 N00299 N00214	N00168-0 N00288-1 N00048-1 N00104-0
3200	U00320	11/15/2025 08:47:00 PM	N00020 N00004 N00274 N00100 N00299 N00214	N00158-1 N00100-1 N00059-0 N00047-0 N00269-0 N00109-0 N00037-0
3201	U00321	11/11/2025 03:15:00 PM	N00067 N00214 N00020 N00100 N00040 N00274 N00048 N00143 N00088 N00178	N00294-0 N00029-0 N00114-0 N00165-0 N00048-0
3202	U00321	11/15/2025 05:16:00 AM	N00067 N00214 N00020 N00100 N00040 N00274 N00048 N00143 N00088 N00178	N00181-0 N00289-0 N00197-0 N00038-1 N00085-1 N00032-0
3203	U00321	11/11/2025 01:12:00 AM	N00067 N00214 N00020 N00100 N00040 N00274 N00048 N00143 N00088 N00178	N00293-0 N00033-0 N00091-0 N00067-0 N00004-1 N00170-1 N00128-0
3204	U00321	11/15/2025 11:39:00 PM	N00067 N00214 N00020 N00100 N00040 N00274 N00048 N00143 N00088 N00178	N00124-0 N00170-0 N00048-1 N00085-1 N00017-0 N00074-0
3205	U00321	11/15/2025 11:22:00 AM	N00067 N00214 N00020 N00100 N00040 N00274 N00048 N00143 N00088 N00178	N00226-1 N00172-0 N00034-0 N00004-1
3206	U00321	11/16/2025 12:37:00 AM	N00067 N00214 N00020 N00100 N00040 N00274 N00048 N00143 N00088 N00178	N00223-0 N00065-1 N00168-0 N00156-0 N00090-1
3207	U00321	11/13/2025 01:51:00 PM	N00067 N00214 N00020 N00100 N00040 N00274 N00048 N00143 N00088 N00178	N00247-1 N00256-0 N00214-1 N00203-0 N00074-1 N00217-0
3208	U00321	11/10/2025 05:11:00 PM	N00067 N00214 N00020 N00100 N00040 N00274 N00048 N00143 N00088 N00178	N00073-0 N00048-1 N00160-0 N00158-1
3209	U00321	11/11/2025 05:36:00 AM	N00067 N00214 N00020 N00100 N00040 N00274 N00048 N00143 N00088 N00178	N00076-0 N00097-1 N00095-0 N00065-1 N00215-0
3210	U00321	11/16/2025 12:42:00 AM	N00067 N00214 N00020 N00100 N00040 N00274 N00048 N00143 N00088 N00178	N00260-0 N00090-1 N00228-0 N00074-1 N00075-1 N00149-0
3211	U00322	11/14/2025 03:55:00 PM	N00078 N00068 N00189 N00118 N00092 N00270 N00237 N00254 N00109 N00184 N00105 N00120	N00152-0 N00219-0 N00040-0 N00035-0 N00008-0 N00092-0 N00156-1
3212	U00322	11/15/2025 11:03:00 AM	N00078 N00068 N00189 N00118 N00092 N00270 N00237 N00254 N00109 N00184 N00105 N00120	N00250-1 N00222-0 N00120-1 N00283-1 N00185-0 N00101-0 N00164-0
3213	U00322	11/13/2025 01:15:00 AM	N00078 N00068 N00189 N00118 N00092 N00270 N00237 N00254 N00109 N00184 N00105 N00120	N00173-0 N00213-0 N00231-1 N00135-0 N00010-1 N00016-0 N00120-0
3214	U00322	11/14/2025 02:24:00 AM	N00078 N00068 N00189 N00118 N00092 N00270 N00237 N00254 N00109 N00184 N00105 N00120	N00272-1 N00078-0 N00038-0 N00251-0
3215	U00322	11/11/2025 08:12:00 PM	N00078 N00068 N00189 N00118 N00092 N00270 N00237 N00254 N00109 N00184 N00105 N00120	N00009-0 N00025-0 N00170-0 N00129-1 N00064-0 N00117-1
3216	U00322	11/11/2025 05:33:00 AM	N00078 N00068 N00189 N00118 N00092 N00270 N00237 N00254 N00109 N00184 N00105 N00120	N00106-0 N00167-1 N00229-0 N00199-0 N00038-0 N00247-0 N00188-0 N00152-1 N00072-0
3217	U00322	11/13/2025 04:55:00 AM	N00078 N00068 N00189 N00118 N00092 N00270 N00237 N00254 N00109 N00184 N00105 N00120	N00224-0 N00037-1 N00260-0 N00167-0 N00110-0 N00090-0 N00033-0 N00013-0
3218	U00322	11/13/2025 05:35:00 AM	N00078 N00068 N00189 N00118 N00092 N00270 N00237 N00254 N00109 N00184 N00105 N00120	N00107-0 N00215-0 N00068-1 N00293-0 N00264-0 N00277-0 N00032-0 N00061-0 N00249-1
3219	U00322	11/15/2025 07:49:00 AM	N00078 N00068 N00189 N00118 N00092 N00270 N00237 N00254 N00109 N00184 N00105 N00120	N00194-1 N00005-1 N00087-1 N00088-0 N00120-0 N00122-0
3220	U00322	11/15/2025 04:46:00 PM	N00078 N00068 N00189 N00118 N00092 N00270 N00237 N00254 N00109 N00184 N00105 N00120	N00248-0 N00160-0 N00002-1 N00270-1
3221	U00323	11/11/2025 04:56:00 PM	N00016 N00220 N00130 N00084	N00157-0 N00172-1 N00175-0 N00161-1 N00098-0 N00133-0 N00291-0 N00021-0
3222	U00323	11/13/2025 09:56:00 PM	N00016 N00220 N00130 N00084	N00142-0 N00029-1 N00096-1 N00131-0 N00155-1 N00015-0
3223	U00323	11/12/2025 12:29:00 AM	N00016 N00220 N00130 N00084	N00273-0 N00021-1 N00132-0 N00082-0 N00233-0 N00249-0 N00071-0
3224	U00323	11/11/2025 07:30:00 AM	N00016 N00220 N00130 N00084	N00166-1 N00199-0 N00180-0 N00008-1
3225	U00323	11/12/2025 02:43:00 AM	N00016 N00220 N00130 N00084	N00295-0 N00184-0 N00195-0 N00212-1 N00217-0 N00123-0 N00266-0 N00159-0
3226	U00323	11/11/2025 02:12:00 AM	N00016 N00220 N00130 N00084	N00115-0 N00120-0 N00041-1 N00283-0 N00191-0 N00088-0 N00076-0
3227	U00323	11/16/2025 07:42:00 AM	N00016 N00220 N00130 N00084	N00166-1 N00081-0 N00198-1 N00165-0 N00257-1
3228	U00323	11/16/2025 02:59:00 AM	N00016 N00220 N00130 N00084	N00202-0 N00050-1 N00289-1 N00004-0 N00161-1 N00089-1 N00107-1 N00194-0
3229	U00323	11/12/2025 10:02:00 PM	N00016 N00220 N00130 N00084	N00044-1 N00018-0 N00200-0 N00122-1 N00102-0 N00254-0 N00240-0 N00230-1
3230	U00323	11/12/2025 10:50:00 PM	N00016 N00220 N00130 N00084	N00078-0 N00021-0 N00198-1 N00168-0
3231	U00324	11/15/2025 10:13:00 PM	N00277 N00233 N00016 N00136	N00057-0 N00053-0 N00286-1 N00066-0
3232	U00324	11/12/2025 07:31:00 PM	N00277 N00233 N00016 N00136	N00050-0 N00064-1 N00018-1 N00155-1 N00056-0 N00047-0 N00029-0 N00104-0
3233	U00324	11/13/2025 01:49:00 PM	N00277 N00233 N00016 N00136	N00103-0 N00290-0 N00288-0 N00199-0 N00240-0
3234	U00324	11/12/2025 02:46:00 PM	N00277 N00233 N00016 N00136	N00197-1 N00247-1 N00200-0 N00147-1 N00114-0
3235	U00324	11/11/2025 04:22:00 PM	N00277 N00233 N00016 N00136	N00147-0 N00188-1 N00064-0 N00010-0 N00140-1 N00065-0 N00264-0
3236	U00324	11/16/2025 06:57:00 AM	N00277 N00233 N00016 N00136	N00070-0 N00081-0 N00051-0 N00178-1 N00206-0 N00092-1 N00191-0
3237	U00324	11/12/2025 01:53:00 AM	N00277 N00233 N00016 N00136	N00072-1 N00038-0 N00199-0 N00011-0 N00083-1 N00196-1
3238	U00324	11/11/2025 06:55:00 AM	N00277 N00233 N00016 N00136	N00037-0 N00102-0 N00164-1 N00121-0 N00019-0 N00158-1
3239	U00324	11/14/2025 06:39:00 AM	N00277 N00233 N00016 N00136	N00018-0 N00186-0 N00195-0 N00120-0
3240	U00324	11/12/2025 04:55:00 AM	N00277 N00233 N00016 N00136	N00077-1 N00297-1 N00160-1 N00292-1
3241	U00325	11/12/2025 12:18:00 AM	N00116 N00204 N00039 N00281 N00003 N00184	N00287-0 N00134-0 N00141-0 N00056-0 N00054-0 N00111-0 N00190-0 N00025-1
3242	U00325	11/14/2025 03:10:00 PM	N00116 N00204 N00039 N00281 N00003 N00184	N00273-1 N00115-0 N00038-0 N00014-0 N00204-1 N00088-0 N00181-0
3243	U00325	11/14/2025 12:48:00 AM	N00116 N00204 N00039 N00281 N00003 N00184	N00059-1 N00003-1 N00229-0 N00233-0 N00179-0 N00070-0
3244	U00325	11/15/2025 03:00:00 AM	N00116 N00204 N00039 N00281 N00003 N00184	N00104-0 N00188-0 N00137-0 N00032-0 N00255-1 N00036-0 N00183-1
3245	U00325	11/13/2025 05:46:00 PM	N00116 N00204 N00039 N00281 N00003 N00184	N00070-0 N00001-0 N00048-0 N00009-0 N00084-0 N00105-1 N00015-0
3246	U00325	11/11/2025 01:34:00 AM	N00116 N00204 N00039 N00281 N00003 N00184	N00045-0 N00141-0 N00224-0 N00028-0 N00065-0 N00083-1 N00267-0 N00003-0
3247	U00325	11/12/2025 01:19:00 AM	N00116 N00204 N00039 N00281 N00003 N00184	N00121-1 N00153-0 N00091-0 N00073-1 N00144-0
3248	U00325	11/10/2025 06:49:00 PM	N00116 N00204 N00039 N00281 N00003 N00184	N00152-1 N00142-0 N00231-1 N00257-0 N00209-1 N00069-0 N00235-0 N00240-0
3249	U00325	11/14/2025 04:53:00 AM	N00116 N00204 N00039 N00281 N00003 N00184	N00191-0 N00120-1 N00053-0 N00223-0 N00108-1 N00169-1 N00275-0
3250	U00325	11/16/2025 06:08:00 AM	N00116 N00204 N00039 N00281 N00003 N00184	N00024-1 N00032-1 N00016-0 N00266-0 N00172-0 N00128-0 N00260-1 N00189-0 N00295-0
3251	U00326	11/11/2025 08:46:00 PM	N00148 N00008 N00159 N00225 N00205 N00072 N00071	N00252-0 N00096-1 N00140-0 N00272-0 N00046-1 N00123-0
3252	U00326	11/12/2025 01:47:00 PM	N00148 N00008 N00159 N00225 N00205 N00072 N00071	N00221-1 N00160-0 N00202-0 N00296-0
3253	U00326	11/12/2025 06:21:00 PM	N00148 N00008 N00159 N00225 N00205 N00072 N00071	N00049-1 N00183-0 N00205-1 N00078-0 N00003-0 N00245-1 N00263-0
3254	U00326	11/11/2025 11:30:00 PM	N00148 N00008 N00159 N00225 N00205 N00072 N00071	N00274-0 N00257-0 N00174-1 N00193-1 N00148-1 N00198-1
3255	U00326	11/14/2025 11:09:00 PM	N00148 N00008 N00159 N00225 N00205 N00072 N00071	N00036-0 N00029-1 N00174-1 N00203-0 N00052-0 N00128-0 N00026-1
3256	U00326	11/13/2025 04:30:00 PM	N00148 N00008 N00159 N00225 N00205 N00072 N00071	N00185-0 N00092-0 N00071-1 N00154-1 N00059-0
3257	U00326	11/13/2025 08:09:00 PM	N00148 N00008 N00159 N00225 N00205 N00072 N00071	N00151-1 N00231-0 N00007-1 N00144-1 N00256-1 N00055-1
3258	U00326	11/12/2025 08:13:00 PM	N00148 N00008 N00159 N00225 N00205 N00072 N00071	N00077-1 N00057-0 N00219-0 N00136-1 N00097-0 N00227-1 N00080-0 N00074-0
3259	U00326	11/12/2025 11:58:00 AM	N00148 N00008 N00159 N00225 N00205 N00072 N00071	N00234-0 N00200-0 N00249-0 N00264-0 N00141-0 N00238-0
3260	U00326	11/14/2025 07:34:00 AM	N00148 N00008 N00159 N00225 N00205 N00072 N00071	N00124-0 N00238-1 N00260-0 N00267-0 N00284-0 N00159-1 N00169-0
3261	U00327	11/10/2025 12:00:00 PM	N00212 N00016 N00235 N00230 N00130	N00278-1 N00145-0 N00158-0 N00168-0 N00164-1 N00128-0 N00288-0 N00077-1
3262	U00327	11/15/2025 03:28:00 PM	N00212 N00016 N00235 N00230 N00130	N00212-0 N00129-1 N00154-0 N00101-0 N00015-0 N00239-0 N00297-1 N00184-0 N00183-0
3263	U00327	11/10/2025 10:22:00 AM	N00212 N00016 N00235 N00230 N00130	N00150-0 N00019-1 N00059-0 N00254-0 N00185-1 N00208-0 N00168-0 N00264-1
3264	U00327	11/15/2025 09:09:00 AM	N00212 N00016 N00235 N00230 N00130	N00042-0 N00142-0 N00139-0 N00079-0 N00149-1 N00223-0 N00257-1 N00007-0 N00255-1
3265	U00327	11/13/2025 11:14:00 PM	N00212 N00016 N00235 N00230 N00130	N00244-0 N00197-1 N00227-0 N00292-0 N00150-0 N00116-0 N00168-0
3266	U00327	11/11/2025 12:07:00 AM	N00212 N00016 N00235 N00230 N00130	N00066-0 N00126-1 N00278-1 N00038-0
3267	U00327	11/11/2025 03:34:00 AM	N00212 N00016 N00235 N00230 N00130	N00079-1 N00194-0 N00278-1 N00166-1 N00087-0 N00168-0 N00230-1 N00092-0
3268	U00327	11/10/2025 04:57:00 PM	N00212 N00016 N00235 N00230 N00130	N00296-0 N00072-1 N00134-0 N00144-0 N00178-0
3269	U00327	11/12/2025 10:09:00 AM	N00212 N00016 N00235 N00230 N00130	N00184-1 N00146-0 N00264-0 N00286-0 N00116-0 N00273-0 N00278-1
3270	U00327	11/11/2025 04:06:00 PM	N00212 N00016 N00235 N00230 N00130	N00155-0 N00031-0 N00038-0 N00003-0 N00166-1 N00136-0 N00012-1
3271	U00328	11/11/2025 03:24:00 AM	N00013 N00058 N00078 N00291 N00131 N00259 N00105 N00181 N00267 N00207	N00100-0 N00079-1 N00173-0 N00272-0 N00099-0 N00235-0
3272	U00328	11/12/2025 11:26:00 PM	N00013 N00058 N00078 N00291 N00131 N00259 N00105 N00181 N00267 N00207	N00163-1 N00130-0 N00066-0 N00148-0 N00138-1 N00052-0 N00141-0 N00075-0
3273	U00328	11/14/2025 11:46:00 PM	N00013 N00058 N00078 N00291 N00131 N00259 N00105 N00181 N00267 N00207	N00241-0 N00037-1 N00141-0 N00203-0 N00199-1 N00293-0 N00183-0 N00233-0 N00275-0
3274	U00328	11/14/2025 07:17:00 AM	N00013 N00058 N00078 N00291 N00131 N00259 N00105 N00181 N00267 N00207	N00092-0 N00082-1 N00035-1 N00025-1 N00249-0 N00258-0
3275	U00328	11/11/2025 06:37:00 PM	N00013 N00058 N00078 N00291 N00131 N00259 N00105 N00181 N00267 N00207	N00278-0 N00239-0 N00136-1 N00210-0 N00089-0 N00087-1 N00014-0 N00059-1
3276	U00328	11/14/2025 10:55:00 AM	N00013 N00058 N00078 N00291 N00131 N00259 N00105 N00181 N00267 N00207	N00038-0 N00036-0 N00180-0 N00245-0 N00121-0 N00139-1 N00156-0 N00228-0 N00282-0
3277	U00328	11/10/2025 10:48:00 AM	N00013 N00058 N00078 N00291 N00131 N00259 N00105 N00181 N00267 N00207	N00014-0 N00057-0 N00069-0 N00294-0 N00092-0 N00068-0 N00157-0 N00182-0 N00043-0
3278	U00328	11/11/2025 03:45:00 AM	N00013 N00058 N00078 N00291 N00131 N00259 N00105 N00181 N00267 N00207	N00074-0 N00227-0 N00169-0 N00211-0 N00242-0 N00172-0 N00056-0 N00096-0
3279	U00328	11/11/2025 02:32:00 PM	N00013 N00058 N00078 N00291 N00131 N00259 N00105 N00181 N00267 N00207	N00007-1 N00074-0 N00066-0 N00123-0 N00012-1 N00116-1
3280	U00328	11/14/2025 05:15:00 AM	N00013 N00058 N00078 N00291 N00131 N00259 N00105 N00181 N00267 N00207	N00086-0 N00163-0 N00082-0 N00118-1 N00081-1 N00283-0 N00230-0
3281	U00329	11/12/2025 08:50:00 AM	N00110 N00235 N00264 N00149 N00164 N00046 N00130	N00052-1 N00191-0 N00059-0 N00057-0 N00263-0 N00258-0 N00290-0 N00085-0
3282	U00329	11/12/2025 02:57:00 AM	N00110 N00235 N00264 N00149 N00164 N00046 N00130	N00248-0 N00122-1 N00253-0 N00132-0 N00156-0 N00159-0
3283	U00329	11/12/2025 06:38:00 PM	N00110 N00235 N00264 N00149 N00164 N00046 N00130	N00033-1 N00141-0 N00291-1 N00227-0 N00024-1
3284	U00329	11/12/2025 08:04:00 PM	N00110 N00235 N00264 N00149 N00164 N00046 N00130	N00227-1 N00116-0 N00175-1 N00084-1
3285	U00329	11/15/2025 06:28:00 AM	N00110 N00235 N00264 N00149 N00164 N00046 N00130	N00264-0 N00072-1 N00205-0 N00153-0 N00206-1 N00078-0
3286	U00329	11/11/2025 07:48:00 AM	N00110 N00235 N00264 N00149 N00164 N00046 N00130	N00079-0 N00008-0 N00093-1 N00182-1 N00057-0 N00089-0 N00299-0
3287	U00329	11/12/2025 01:25:00 PM	N00110 N00235 N00264 N00149 N00164 N00046 N00130	N00239-0 N00257-0 N00270-1 N00278-1 N00150-1 N00007-1 N00288-0
3288	U00329	11/11/2025 07:21:00 AM	N00110 N00235 N00264 N00149 N00164 N00046 N00130	N00070-0 N00273-0 N00023-0 N00211-0
3289	U00329	11/12/2025 09:09:00 PM	N00110 N00235 N00264 N00149 N00164 N00046 N00130	N00017-0 N00054-0 N00003-0 N00053-0 N00268-1
3290	U00329	11/13/2025 04:11:00 PM	N00110 N00235 N00264 N00149 N00164 N00046 N00130	N00039-0 N00219-1 N00130-0 N00239-0 N00221-1 N00120-0 N00203-0 N00224-1
3291	U00330	11/13/2025 05:34:00 AM	N00220 N00149 N00223 N00148 N00103 N00173	N00291-0 N00149-1 N00232-0 N00051-0 N00158-0 N00266-0 N00185-0 N00183-0 N00093-1
3292	U00330	11/11/2025 09:00:00 AM	N00220 N00149 N00223 N00148 N00103 N00173	N00239-0 N00109-0 N00248-1 N00164-1 N00104-0 N00010-0 N00294-0
3293	U00330	11/16/2025 12:47:00 AM	N00220 N00149 N00223 N00148 N00103 N00173	N00028-0 N00139-0 N00052-1 N00294-0 N00035-0
3294	U00330	11/16/2025 12:43:00 AM	N00220 N00149 N00223 N00148 N00103 N00173	N00154-1 N00035-1 N00220-0 N00008-1 N00147-0 N00156-0
3295	U00330	11/12/2025 05:19:00 PM	N00220 N00149 N00223 N00148 N00103 N00173	N00062-0 N00053-1 N00280-1 N00290-0 N00161-1
3296	U00330	11/10/2025 05:39:00 PM	N00220 N00149 N00223 N00148 N00103 N00173	N00133-1 N00139-0 N00076-0 N00205-0 N00221-0 N00048-0 N00052-1
3297	U00330	11/14/2025 11:58:00 AM	N00220 N00149 N00223 N00148 N00103 N00173	N00180-0 N00171-0 N00021-1 N00093-0 N00044-1 N00158-0 N00051-0 N00025-0
3298	U00330	11/16/2025 06:18:00 AM	N00220 N00149 N00223 N00148 N00103 N00173	N00186-0 N00093-1 N00179-0 N00299-0 N00122-1 N00067-0 N00265-1
3299	U00330	11/15/2025 04:33:00 PM	N00220 N00149 N00223 N00148 N00103 N00173	N00245-0 N00112-0 N00251-0 N00130-1 N00267-0 N00174-0 N00183-1
3300	U00330	11/12/2025 01:34:00 AM	N00220 N00149 N00223 N00148 N00103 N00173	N00139-0 N00096-0 N00284-0 N00008-1 N00095-0 N00226-0 N00162-0
3301	U00331	11/13/2025 08:27:00 AM	N00054 N00131 N00068 N00243 N00234 N00204 N00292 N00298 N00047 N00180 N00117 N00079 N00157 N00196	N00232-0 N00101-0 N00281-1 N00103-0 N00209-1 N00183-0
3302	U00331	11/12/2025 10:06:00 AM	N00054 N00131 N00068 N00243 N00234 N00204 N00292 N00298 N00047 N00180 N00117 N00079 N00157 N00196	N00169-0 N00127-1 N00288-0 N00066-0 N00154-0 N00088-0 N00081-0 N00189-0
3303	U00331	11/14/2025 04:59:00 PM	N00054 N00131 N00068 N00243 N00234 N00204 N00292 N00298 N00047 N00180 N00117 N00079 N00157 N00196	N00031-0 N00146-0 N00100-0 N00269-1 N00153-1 N00203-0 N00244-0 N00249-1
3304	U00331	11/14/2025 03:53:00 PM	N00054 N00131 N00068 N00243 N00234 N00204 N00292 N00298 N00047 N00180 N00117 N00079 N00157 N00196	N00279-0 N00230-0 N00191-0 N00039-0 N00287-0
3305	U00331	11/11/2025 12:42:00 PM	N00054 N00131 N00068 N00243 N00234 N00204 N00292 N00298 N00047 N00180 N00117 N00079 N00157 N00196	N00281-1 N00030-0 N00183-0 N00287-0 N00146-0
3306	U00331	11/14/2025 08:22:00 AM	N00054 N00131 N00068 N00243 N00234 N00204 N00292 N00298 N00047 N00180 N00117 N00079 N00157 N00196	N00161-0 N00208-1 N00032-1 N00220-0 N00045-1 N00025-0 N00282-0
3307	U00331	11/11/2025 02:28:00 AM	N00054 N00131 N00068 N00243 N00234 N00204 N00292 N00298 N00047 N00180 N00117 N00079 N00157 N00196	N00118-1 N00236-0 N00174-0 N00263-0 N00033-0 N00080-1
3308	U00331	11/12/2025 09:28:00 AM	N00054 N00131 N00068 N00243 N00234 N00204 N00292 N00298 N00047 N00180 N00117 N00079 N00157 N00196	N00029-0 N00061-0 N00198-0 N00161-0 N00066-0 N00222-1 N00078-0
3309	U00331	11/12/2025 05:30:00 AM	N00054 N00131 N00068 N00243 N00234 N00204 N00292 N00298 N00047 N00180 N00117 N00079 N00157 N00196	N00185-0 N00064-0 N00042-1 N00131-1 N00219-1 N00102-0 N00196-0 N00080-1
3310	U00331	11/10/2025 09:56:00 PM	N00054 N00131 N00068 N00243 N00234 N00204 N00292 N00298 N00047 N00180 N00117 N00079 N00157 N00196	N00100-0 N00251-0 N00219-0 N00025-0 N00139-1 N00183-0 N00270-1 N00217-0
3311	U00332	11/13/2025 10:22:00 PM	N00214 N00038 N00020 N00274 N00075 N00067 N00048 N00097 N00009 N00040 N00208 N00065 N00100 N00134	N00266-1 N00158-0 N00213-0 N00088-1 N00142-0 N00172-0 N00188-1
3312	U00332	11/15/2025 11:55:00 AM	N00214 N00038 N00020 N00274 N00075 N00067 N00048 N00097 N00009 N00040 N00208 N00065 N00100 N00134	N00165-1 N00097-1 N00170-1 N00224-0 N00267-0 N00191-0
3313	U00332	11/11/2025 01:28:00 PM	N00214 N00038 N00020 N00274 N00075 N00067 N00048 N00097 N00009 N00040 N00208 N00065 N00100 N00134	N00269-0 N00019-1 N00288-1 N00145-0 N00214-1 N00294-0 N00286-0
3314	U00332	11/13/2025 03:24:00 PM	N00214 N00038 N00020 N00274 N00075 N00067 N00048 N00097 N00009 N00040 N00208 N00065 N00100 N00134	N00044-0 N00134-1 N00182-0 N00225-0 N00038-1 N00067-1 N00009-0
3315	U00332	11/15/2025 11:53:00 AM	N00214 N00038 N00020 N00274 N00075 N00067 N00048 N00097 N00009 N00040 N00208 N00065 N00100 N00134	N00107-1 N00062-0 N00170-0 N00071-0 N00297-0 N00067-0 N00199-1 N00282-0
3316	U00332	11/10/2025 12:19:00 PM	N00214 N00038 N00020 N00274 N00075 N00067 N00048 N00097 N00009 N00040 N00208 N00065 N00100 N00134	N00102-1 N00274-1 N00196-0 N00142-1 N00028-1 N00048-1 N00279-0
3317	U00332	11/12/2025 09:12:00 PM	N00214 N00038 N00020 N00274 N00075 N00067 N00048 N00097 N00009 N00040 N00208 N00065 N00100 N00134	N00139-0 N00256-0 N00100-1 N00005-0 N00216-0 N00134-1
3318	U00332	11/11/2025 11:28:00 AM	N00214 N00038 N00020 N00274 N00075 N00067 N00048 N00097 N00009 N00040 N00208 N00065 N00100 N00134	N00140-0 N00245-0 N00075-1 N00065-0 N00118-0 N00178-0 N00093-0 N00282-1 N00172-0
3319	U00332	11/13/2025 04:00:00 AM	N00214 N00038 N00020 N00274 N00075 N00067 N00048 N00097 N00009 N00040 N00208 N00065 N00100 N00134	N00246-1 N00102-0 N00273-1 N00253-0
3320	U00332	11/11/2025 04:57:00 PM	N00214 N00038 N00020 N00274 N00075 N00067 N00048 N00097 N00009 N00040 N00208 N00065 N00100 N00134	N00214-0 N00207-1 N00215-0 N00017-0 N00158-0 N00098-0
3321	U00333	11/11/2025 07:29:00 AM	N00100 N00091 N00208 N00040 N00028 N00299 N00107 N00075 N00085 N00009 N00246 N00214 N00143 N00282	N00282-1 N00103-0 N00113-0 N00089-0 N00208-1
3322	U00333	11/14/2025 02:00:00 PM	N00100 N00091 N00208 N00040 N00028 N00299 N00107 N00075 N00085 N00009 N00246 N00214 N00143 N00282	N00178-1 N00165-0 N00077-0 N00166-0 N00085-0 N00226-0
3323	U00333	11/15/2025 09:23:00 PM	N00100 N00091 N00208 N00040 N00028 N00299 N00107 N00075 N00085 N00009 N00246 N00214 N00143 N00282	N00068-1 N00291-0 N00067-1 N00297-1 N00208-1 N00274-0
3324	U00333	11/11/2025 03:18:00 AM	N00100 N00091 N00208 N00040 N00028 N00299 N00107 N00075 N00085 N00009 N00246 N00214 N00143 N00282	N00178-1 N00053-0 N00274-1 N00208-0 N00285-0
3325	U00333	11/10/2025 12:37:00 PM	N00100 N00091 N00208 N00040 N00028 N00299 N00107 N00075 N00085 N00009 N00246 N00214 N00143 N00282	N00067-1 N00085-0 N00246-1 N00106-0 N00178-1 N00264-0 N00018-0
3326	U00333	11/13/2025 08:30:00 PM	N00100 N00091 N00208 N00040 N00028 N00299 N00107 N00075 N00085 N00009 N00246 N00214 N00143 N00282	N00143-1 N00088-0 N00232-0 N00178-1 N00262-0
3327	U00333	11/12/2025 03:28:00 AM	N00100 N00091 N00208 N00040 N00028 N00299 N00107 N00075 N00085 N00009 N00246 N00214 N00143 N00282	N00225-0 N00121-0 N00022-0 N00004-1 N00131-0 N00274-1 N00090-1 N00113-1
3328	U00333	11/15/2025 01:18:00 PM	N00100 N00091 N00208 N00040 N00028 N00299 N00107 N00075 N00085 N00009 N00246 N00214 N00143 N00282	N00091-1 N00102-0 N00158-0 N00122-0 N00264-0 N00020-1
3329	U00333	11/14/2025 12:31:00 PM	N00100 N00091 N00208 N00040 N00028 N00299 N00107 N00075 N00085 N00009 N00246 N00214 N00143 N00282	N00267-0 N00246-0 N00224-1 N00260-0 N00184-0 N00074-1 N00220-0
3330	U00333	11/15/2025 08:13:00 PM	N00100 N00091 N00208 N00040 N00028 N00299 N00107 N00075 N00085 N00009 N00246 N00214 N00143 N00282	N00125-0 N00018-0 N00031-1 N00273-0 N00048-0 N00193-0 N00071-0
3331	U00334	11/12/2025 06:15:00 PM	N00207 N00117 N00087 N00079 N00298 N00125	N00055-0 N00253-0 N00242-0 N00182-0 N00118-1 N00257-0 N00216-1 N00251-0
3332	U00334	11/14/2025 01:12:00 PM	N00207 N00117 N00087 N00079 N00298 N00125	N00269-1 N00189-1 N00120-1 N00235-0 N00266-0 N00294-0
3333	U00334	11/13/2025 07:06:00 PM	N00207 N00117 N00087 N00079 N00298 N00125	N00167-1 N00144-0 N00126-0 N00218-0 N00145-0 N00012-1
3334	U00334	11/15/2025 01:40:00 PM	N00207 N00117 N00087 N00079 N00298 N00125	N00019-0 N00102-0 N00212-0 N00005-1 N00006-1
3335	U00334	11/11/2025 09:37:00 PM	N00207 N00117 N00087 N00079 N00298 N00125	N00138-0 N00189-0 N00003-1 N00146-1 N00290-0 N00195-0
3336	U00334	11/10/2025 09:21:00 PM	N00207 N00117 N00087 N00079 N00298 N00125	N00074-1 N00080-1 N00190-0 N00102-0 N00040-0 N00022-1 N00016-0
3337	U00334	11/11/2025 05:46:00 AM	N00207 N00117 N00087 N00079 N00298 N00125	N00003-0 N00269-0 N00214-0 N00181-1 N00299-0 N00044-0 N00261-0
3338	U00334	11/12/2025 04:12:00 AM	N00207 N00117 N00087 N00079 N00298 N00125	N00070-0 N00257-0 N00196-0 N00033-0 N00152-1 N00250-1
3339	U00334	11/10/2025 03:08:00 PM	N00207 N00117 N00087 N00079 N00298 N00125	N00266-1 N00298-0 N00228-1 N00098-1 N00226-1 N00008-0 N00258-0
3340	U00334	11/16/2025 01:00:00 AM	N00207 N00117 N00087 N00079 N00298 N00125	N00292-1 N00134-1 N00077-0 N00083-1 N00273-0 N00281-0 N00115-0 N00042-0 N00208-0
3341	U00335	11/12/2025 09:14:00 AM	N00165 N00088 N00214 N00107 N00009 N00170 N00266	N00175-0 N00040-0 N00283-1 N00048-1 N00145-0 N00236-0
3342	U00335	11/10/2025 01:28:00 PM	N00165 N00088 N00214 N00107 N00009 N00170 N00266	N00165-1 N00079-0 N00065-1 N00265-0 N00082-0
3343	U00335	11/10/2025 10:00:00 AM	N00165 N00088 N00214 N00107 N00009 N00170 N00266	N00299-0 N00095-1 N00007-0 N00211-0 N00245-0
3344	U00335	11/15/2025 05:05:00 AM	N00165 N00088 N00214 N00107 N00009 N00170 N00266	N00103-0 N00088-1 N00020-1 N00090-0 N00089-0
3345	U00335	11/10/2025 03:56:00 PM	N00165 N00088 N00214 N00107 N00009 N00170 N00266	N00100-1 N00105-0 N00028-1 N00199-1
3346	U00335	11/13/2025 12:31:00 AM	N00165 N00088 N00214 N00107 N00009 N00170 N00266	N00009-0 N00134-1 N00096-0 N00188-1 N00074-0 N00030-0 N00013-0
3347	U00335	11/10/2025 04:15:00 PM	N00165 N00088 N00214 N00107 N00009 N00170 N00266	N00140-0 N00150-0 N00005-0 N00100-1 N00102-1 N00211-0 N00224-0 N00090-0 N00210-0
3348	U00335	11/13/2025 01:35:00 AM	N00165 N00088 N00214 N00107 N00009 N00170 N00266	N00288-0 N00167-0 N00006-0 N00089-0 N00040-0
3349	U00335	11/10/2025 11:15:00 AM	N00165 N00088 N00214 N00107 N00009 N00170 N00266	N00143-1 N00272-0 N00102-1 N00155-0 N00126-0 N00061-0 N00274-1 N00148-0 N00074-1
3350	U00335	11/13/2025 01:56:00 AM	N00165 N00088 N00214 N00107 N00009 N00170 N00266	N00159-0 N00134-0 N00241-0 N00019-0 N00038-0 N00143-1 N00281-0 N00282-0
3351	U00336	11/10/2025 03:21:00 PM	N00184 N00003 N00109 N00228 N00267 N00043 N00291 N00120 N00080 N00199 N00022 N00298 N00087	N00060-0 N00196-0 N00152-1 N00107-0 N00057-0 N00274-0 N00283-0 N00215-0 N00102-0
3352	U00336	11/13/2025 06:35:00 AM	N00184 N00003 N00109 N00228 N00267 N00043 N00291 N00120 N00080 N00199 N00022 N00298 N00087	N00226-0 N00196-1 N00235-0 N00140-0 N00129-1 N00183-0 N00128-1 N00019-0
3353	U00336	11/13/2025 05:00:00 PM	N00184 N00003 N00109 N00228 N00267 N00043 N00291 N00120 N00080 N00199 N00022 N00298 N00087	N00283-0 N00118-1 N00251-0 N00196-1 N00012-1 N00062-0
3354	U00336	11/11/2025 12:22:00 PM	N00184 N00003 N00109 N00228 N00267 N00043 N00291 N00120 N00080 N00199 N00022 N00298 N00087	N00114-1 N00162-0 N00212-0 N00009-0 N00026-0 N00272-1 N00213-0 N00200-0 N00146-1
3355	U00336	11/14/2025 10:15:00 AM	N00184 N00003 N00109 N00228 N00267 N00043 N00291 N00120 N00080 N00199 N00022 N00298 N00087	N00041-0 N00259-1 N00064-0 N00228-1 N00092-0 N00285-0 N00296-0
3356	U00336	11/12/2025 09:46:00 PM	N00184 N00003 N00109 N00228 N00267 N00043 N00291 N00120 N00080 N00199 N00022 N00298 N00087	N00209-0 N00219-0 N00270-0 N00125-0 N00154-0 N00110-0 N00274-0 N00089-0
3357	U00336	11/11/2025 12:46:00 AM	N00184 N00003 N00109 N00228 N00267 N00043 N00291 N00120 N00080 N00199 N00022 N00298 N00087	N00005-1 N00157-1 N00141-0 N00188-0 N00248-0
3358	U00336	11/14/2025 07:33:00 AM	N00184 N00003 N00109 N00228 N00267 N00043 N00291 N00120 N00080 N00199 N00022 N00298 N00087	N00292-1 N00134-0 N00262-0 N00043-0 N00294-0
3359	U00336	11/12/2025 05:34:00 AM	N00184 N00003 N00109 N00228 N00267 N00043 N00291 N00120 N00080 N00199 N00022 N00298 N00087	N00042-1 N00231-0 N00230-0 N00248-0
3360	U00336	11/11/2025 04:21:00 PM	N00184 N00003 N00109 N00228 N00267 N00043 N00291 N00120 N00080 N00199 N00022 N00298 N00087	N00108-0 N00189-1 N00029-0 N00167-0 N00222-0 N00107-0
3361	U00337	11/15/2025 07:24:00 AM	N00090 N00102 N00088 N00266 N00067 N00134 N00028 N00226	N00028-1 N00020-1 N00153-0 N00134-1 N00046-0 N00121-0 N00031-1
3362	U00337	11/10/2025 09:00:00 PM	N00090 N00102 N00088 N00266 N00067 N00134 N00028 N00226	N00097-1 N00299-1 N00142-0 N00177-0 N00283-0 N00031-1 N00236-0 N00087-0
3363	U00337	11/12/2025 06:47:00 AM	N00090 N00102 N00088 N00266 N00067 N00134 N00028 N00226	N00208-0 N00022-0 N00218-0 N00028-1
3364	U00337	11/13/2025 11:30:00 AM	N00090 N00102 N00088 N00266 N00067 N00134 N00028 N00226	N00175-0 N00282-0 N00011-0 N00266-1
3365	U00337	11/11/2025 11:05:00 AM	N00090 N00102 N00088 N00266 N00067 N00134 N00028 N00226	N00048-0 N00246-1 N00214-1 N00220-0 N00206-0 N00116-0 N00055-0 N00170-1 N00239-0
3366	U00337	11/14/2025 07:14:00 PM	N00090 N00102 N00088 N00266 N00067 N00134 N00028 N00226	N00042-0 N00277-0 N00102-0 N00126-0 N00047-0 N00074-1 N00299-0 N00045-0
3367	U00337	11/12/2025 11:56:00 PM	N00090 N00102 N00088 N00266 N00067 N00134 N00028 N00226	N00097-1 N00054-0 N00288-1 N00279-1 N00012-0 N00282-1 N00009-1
3368	U00337	11/13/2025 04:18:00 PM	N00090 N00102 N00088 N00266 N00067 N00134 N00028 N00226	N00260-0 N00107-1 N00252-1 N00284-0 N00009-1
3369	U00337	11/13/2025 02:22:00 PM	N00090 N00102 N00088 N00266 N00067 N00134 N00028 N00226	N00274-1 N00063-0 N00202-0 N00020-0 N00261-0 N00186-0 N00226-1
3370	U00337	11/11/2025 03:34:00 PM	N00090 N00102 N00088 N00266 N00067 N00134 N00028 N00226	N00172-0 N00283-0 N00129-0 N00224-0 N00026-1 N00053-0 N00040-1
3371	U00338	11/11/2025 11:03:00 AM	N00095 N00226 N00178 N00288 N00208 N00048 N00282 N00028 N00091 N00165 N00246 N00274 N00188 N00097	N00070-0 N00020-1 N00028-1 N00040-0 N00169-0 N00048-0 N00083-0
3372	U00338	11/14/2025 03:00:00 AM	N00095 N00226 N00178 N00288 N00208 N00048 N00282 N00028 N00091 N00165 N00246 N00274 N00188 N00097	N00048-1 N00137-0 N00020-1 N00144-0 N00092-0 N00098-1 N00004-0 N00178-1 N00130-0
3373	U00338	11/15/2025 04:53:00 AM	N00095 N00226 N00178 N00288 N00208 N00048 N00282 N00028 N00091 N00165 N00246 N00274 N00188 N00097	N00260-0 N00216-1 N00165-0 N00170-1 N00293-0 N00020-1 N00067-1 N00287-0 N00241-0
3374	U00338	11/13/2025 07:28:00 PM	N00095 N00226 N00178 N00288 N00208 N00048 N00282 N00028 N00091 N00165 N00246 N00274 N00188 N00097	N00208-0 N00292-0 N00255-0 N00041-0 N00165-0 N00009-1
3375	U00338	11/10/2025 07:54:00 PM	N00095 N00226 N00178 N00288 N00208 N00048 N00282 N00028 N00091 N00165 N00246 N00274 N00188 N00097	N00007-0 N00134-1 N00216-0 N00004-0
3376	U00338	11/11/2025 06:21:00 PM	N00095 N00226 N00178 N00288 N00208 N00048 N00282 N00028 N00091 N00165 N00246 N00274 N00188 N00097	N00031-0 N00188-0 N00097-1 N00135-0 N00183-0
3377	U00338	11/15/2025 12:07:00 AM	N00095 N00226 N00178 N00288 N00208 N00048 N00282 N00028 N00091 N00165 N00246 N00274 N00188 N00097	N00120-0 N00253-0 N00143-0 N00090-1 N00134-0 N00159-0 N00242-0 N00093-0 N00299-0
3378	U00338	11/15/2025 12:05:00 AM	N00095 N00226 N00178 N00288 N00208 N00048 N00282 N00028 N00091 N00165 N00246 N00274 N00188 N00097	N00189-0 N00091-1 N00102-1 N00144-0 N00097-1 N00075-0 N00293-0 N00217-0
3379	U00338	11/16/2025 12:10:00 AM	N00095 N00226 N00178 N00288 N00208 N00048 N00282 N00028 N00091 N00165 N00246 N00274 N00188 N00097	N00207-1 N00229-0 N00178-1 N00067-1
3380	U00338	11/11/2025 01:46:00 PM	N00095 N00226 N00178 N00288 N00208 N00048 N00282 N00028 N00091 N00165 N00246 N00274 N00188 N00097	N00052-0 N00300-0 N00100-0 N00157-0 N00208-0 N00009-1 N00087-0 N00102-0
3381	U00339	11/12/2025 05:25:00 AM	N00168 N00287 N00001 N00080 N00255 N00022	N00260-0 N00046-0 N00101-0 N00268-0 N00241-0 N00127-1
3382	U00339	11/10/2025 11:03:00 PM	N00168 N00287 N00001 N00080 N00255 N00022	N00197-0 N00245-0 N00203-1 N00235-0 N00083-0 N00045-1 N00219-0
3383	U00339	11/10/2025 11:34:00 AM	N00168 N00287 N00001 N00080 N00255 N00022	N00226-0 N00142-0 N00047-0 N00078-1 N00061-0 N00080-1 N00009-0
3384	U00339	11/12/2025 10:12:00 PM	N00168 N00287 N00001 N00080 N00255 N00022	N00006-1 N00091-0 N00064-0 N00123-1 N00016-0
3385	U00339	11/12/2025 08:51:00 AM	N00168 N00287 N00001 N00080 N00255 N00022	N00260-1 N00214-0 N00274-0 N00143-0 N00179-0 N00204-1 N00294-0
3386	U00339	11/16/2025 07:04:00 AM	N00168 N00287 N00001 N00080 N00255 N00022	N00083-1 N00221-0 N00040-1 N00078-0 N00287-1 N00243-1 N00264-0 N00184-0
3387	U00339	11/14/2025 06:01:00 PM	N00168 N00287 N00001 N00080 N00255 N00022	N00203-1 N00056-0 N00155-0 N00013-0 N00072-0 N00007-0 N00126-0 N00168-0
3388	U00339	11/11/2025 09:56:00 PM	N00168 N00287 N00001 N00080 N00255 N00022	N00191-0 N00182-0 N00204-1 N00009-0 N00171-1 N00290-0
3389	U00339	11/14/2025 03:04:00 PM	N00168 N00287 N00001 N00080 N00255 N00022	N00064-0 N00243-1 N00197-0 N00127-1 N00118-1 N00228-1
3390	U00339	11/13/2025 10:13:00 AM	N00168 N00287 N00001 N00080 N00255 N00022	N00169-1 N00184-1 N00265-1 N00213-0 N00012-0
3391	U00340	11/14/2025 04:58:00 PM	N00200 N00153 N00104 N00155 N00149 N00225 N00086 N00081 N00205 N00248 N00257 N00244 N00183 N00206	N00290-1 N00122-1 N00266-1 N00060-0 N00110-0 N00099-1
3392	U00340	11/16/2025 06:14:00 AM	N00200 N00153 N00104 N00155 N00149 N00225 N00086 N00081 N00205 N00248 N00257 N00244 N00183 N00206	N00165-0 N00215-0 N00070-0 N00057-0 N00296-0
3393	U00340	11/11/2025 04:36:00 PM	N00200 N00153 N00104 N00155 N00149 N00225 N00086 N00081 N00205 N00248 N00257 N00244 N00183 N00206	N00088-0 N00111-1 N00032-0 N00146-0 N00054-1 N00206-1 N00014-0
3394	U00340	11/12/2025 10:15:00 AM	N00200 N00153 N00104 N00155 N00149 N00225 N00086 N00081 N00205 N00248 N00257 N00244 N00183 N00206	N00117-1 N00149-1 N00124-1 N00115-1 N00068-0 N00264-1 N00162-0
3395	U00340	11/11/2025 11:25:00 AM	N00200 N00153 N00104 N00155 N00149 N00225 N00086 N00081 N00205 N00248 N00257 N00244 N00183 N00206	N00046-1 N00224-0 N00244-1 N00138-0 N00136-0 N00263-1
3396	U00340	11/12/2025 03:09:00 AM	N00200 N00153 N00104 N00155 N00149 N00225 N00086 N00081 N00205 N00248 N00257 N00244 N00183 N00206	N00161-0 N00053-0 N00182-1 N00154-1 N00208-1
3397	U00340	11/13/2025 03:49:00 AM	N00200 N00153 N00104 N00155 N00149 N00225 N00086 N00081 N00205 N00248 N00257 N00244 N00183 N00206	N00089-1 N00076-1 N00015-0 N00058-0 N00295-1 N00018-0
3398	U00340	11/11/2025 07:39:00 PM	N00200 N00153 N00104 N00155 N00149 N00225 N00086 N00081 N00205 N00248 N00257 N00244 N00183 N00206	N00178-0 N00235-0 N00183-0 N00011-0 N00118-0 N00138-0
3399	U00340	11/13/2025 05:57:00 AM	N00200 N00153 N00104 N00155 N00149 N00225 N00086 N00081 N00205 N00248 N00257 N00244 N00183 N00206	N00009-1 N00198-0 N00202-0 N00099-0 N00206-0 N00225-0
3400	U00340	11/10/2025 08:06:00 AM	N00200 N00153 N00104 N00155 N00149 N00225 N00086 N00081 N00205 N00248 N00257 N00244 N00183 N00206	N00299-0 N00095-0 N00048-0 N00245-0 N00153-1 N00124-1 N00132-1
3401	U00341	11/14/2025 09:41:00 AM	N00005 N00003 N00138 N00012 N00169 N00215 N00249 N00082 N00180 N00194	N00076-1 N00096-0 N00073-0 N00163-1 N00223-0
3402	U00341	11/16/2025 06:26:00 AM	N00005 N00003 N00138 N00012 N00169 N00215 N00249 N00082 N00180 N00194	N00053-0 N00167-0 N00166-0 N00197-0 N00142-0 N00196-0 N00123-1 N00210-0
3403	U00341	11/15/2025 05:00:00 PM	N00005 N00003 N00138 N00012 N00169 N00215 N00249 N00082 N00180 N00194	N00255-0 N00047-1 N00211-1 N00029-0 N00236-0 N00263-0 N00147-1 N00133-0
3404	U00341	11/10/2025 10:30:00 PM	N00005 N00003 N00138 N00012 N00169 N00215 N00249 N00082 N00180 N00194	N00206-0 N00300-1 N00120-0 N00063-0 N00074-0 N00199-1
3405	U00341	11/11/2025 10:45:00 AM	N00005 N00003 N00138 N00012 N00169 N00215 N00249 N00082 N00180 N00194	N00215-0 N00099-0 N00119-0 N00229-1 N00136-0 N00293-0 N00207-0 N00044-0
3406	U00341	11/11/2025 12:00:00 AM	N00005 N00003 N00138 N00012 N00169 N00215 N00249 N00082 N00180 N00194	N00139-0 N00140-0 N00196-1 N00197-1 N00144-0
3407	U00341	11/16/2025 07:19:00 AM	N00005 N00003 N00138 N00012 N00169 N00215 N00249 N00082 N00180 N00194	N00290-0 N00141-1 N00170-0 N00184-1 N00079-0 N00022-1
3408	U00341	11/12/2025 02:03:00 AM	N00005 N00003 N00138 N00012 N00169 N00215 N00249 N00082 N00180 N00194	N00242-1 N00230-0 N00298-1 N00062-0 N00038-0
3409	U00341	11/11/2025 03:22:00 AM	N00005 N00003 N00138 N00012 N00169 N00215 N00249 N00082 N00180 N00194	N00281-0 N00240-1 N00271-0 N00157-0
3410	U00341	11/10/2025 07:35:00 PM	N00005 N00003 N00138 N00012 N00169 N00215 N00249 N00082 N00180 N00194	N00034-1 N00213-0 N00254-1 N00203-1 N00063-0 N00187-0
3411	U00342	11/10/2025 04:52:00 PM	N00046 N00027 N00135 N00200 N00164 N00008 N00094 N00235 N00077	N00171-1 N00280-1 N00259-0 N00202-0 N00105-0 N00106-0 N00251-0 N00151-1
3412	U00342	11/11/2025 02:09:00 AM	N00046 N00027 N00135 N00200 N00164 N00008 N00094 N00235 N00077	N00220-1 N00046-0 N00192-1 N00138-0 N00270-0
3413	U00342	11/10/2025 03:39:00 PM	N00046 N00027 N00135 N00200 N00164 N00008 N00094 N00235 N00077	N00039-0 N00031-0 N00036-0 N00041-0 N00051-0 N00094-1 N00204-1
3414	U00342	11/16/2025 05:29:00 AM	N00046 N00027 N00135 N00200 N00164 N00008 N00094 N00235 N00077	N00036-0 N00222-0 N00049-0 N00153-1 N00191-1 N00098-1
3415	U00342	11/13/2025 11:07:00 PM	N00046 N00027 N00135 N00200 N00164 N00008 N00094 N00235 N00077	N00270-0 N00049-0 N00160-0 N00100-1 N00292-0 N00007-0 N00046-0 N00185-0 N00026-0
3416	U00342	11/12/2025 07:14:00 PM	N00046 N00027 N00135 N00200 N00164 N00008 N00094 N00235 N00077	N00066-1 N00200-0 N00041-1 N00103-1 N00256-1 N00067-0 N00206-1 N00165-1 N00127-0
3417	U00342	11/14/2025 11:35:00 AM	N00046 N00027 N00135 N00200 N00164 N00008 N00094 N00235 N00077	N00267-1 N00027-1 N00271-0 N00209-0 N00126-0 N00117-0 N00145-1
3418	U00342	11/15/2025 03:19:00 PM	N00046 N00027 N00135 N00200 N00164 N00008 N00094 N00235 N00077	N00141-1 N00137-1 N00210-0 N00132-1 N00242-0 N00070-0
3419	U00342	11/13/2025 01:55:00 AM	N00046 N00027 N00135 N00200 N00164 N00008 N00094 N00235 N00077	N00026-0 N00132-0 N00246-0 N00053-1 N00081-1
3420	U00342	11/15/2025 05:29:00 PM	N00046 N00027 N00135 N00200 N00164 N00008 N00094 N00235 N00077	N00047-0 N00061-0 N00265-0 N00285-1 N00146-1
3421	U00343	11/12/2025 06:12:00 AM	N00148 N00185 N00268 N00130 N00248 N00225 N00071 N00219 N00140 N00021	N00197-0 N00241-0 N00142-1 N00194-0 N00118-0 N00095-0
3422	U00343	11/14/2025 07:39:00 AM	N00148 N00185 N00268 N00130 N00248 N00225 N00071 N00219 N00140 N00021	N00076-0 N00233-1 N00251-0 N00035-1 N00245-1 N00093-1
3423	U00343	11/14/2025 04:25:00 PM	N00148 N00185 N00268 N00130 N00248 N00225 N00071 N00219 N00140 N00021	N00165-0 N00198-0 N00166-1 N00264-0 N00038-0 N00178-0
3424	U00343	11/11/2025 11:39:00 PM	N00148 N00185 N00268 N00130 N00248 N00225 N00071 N00219 N00140 N00021	N00026-0 N00058-0 N00184-0 N00192-0 N00103-1 N00169-0
3425	U00343	11/14/2025 11:30:00 AM	N00148 N00185 N00268 N00130 N00248 N00225 N00071 N00219 N00140 N00021	N00167-0 N00124-1 N00096-1 N00125-0 N00286-0 N00199-0 N00103-1
3426	U00343	11/12/2025 05:53:00 AM	N00148 N00185 N00268 N00130 N00248 N00225 N00071 N00219 N00140 N00021	N00118-0 N00036-0 N00221-1 N00149-1 N00210-0 N00281-0 N00057-0 N00195-1
3427	U00343	11/11/2025 10:26:00 PM	N00148 N00185 N00268 N00130 N00248 N00225 N00071 N00219 N00140 N00021	N00239-0 N00293-1 N00244-0 N00055-1 N00026-0 N00070-0
3428	U00343	11/15/2025 06:26:00 AM	N00148 N00185 N00268 N00130 N00248 N00225 N00071 N00219 N00140 N00021	N00190-0 N00205-1 N00212-0 N00050-0 N00151-1 N00074-0 N00095-0 N00158-0
3429	U00343	11/12/2025 08:18:00 AM	N00148 N00185 N00268 N00130 N00248 N00225 N00071 N00219 N00140 N00021	N00121-0 N00089-1 N00223-0 N00162-0 N00009-0 N00044-1 N00094-0 N00282-0
3430	U00343	11/15/2025 06:09:00 AM	N00148 N00185 N00268 N00130 N00248 N00225 N00071 N00219 N00140 N00021	N00193-1 N00164-1 N00138-1 N00095-0 N00186-0 N00198-1 N00201-0
3431	U00344	11/11/2025 05:42:00 PM	N00252 N00220 N00161 N00240 N00104 N00295 N00099 N00205 N00192 N00172 N00019 N00175 N00098 N00145	N00093-0 N00220-1 N00092-0 N00084-1 N00114-0
3432	U00344	11/12/2025 03:38:00 PM	N00252 N00220 N00161 N00240 N00104 N00295 N00099 N00205 N00192 N00172 N00019 N00175 N00098 N00145	N00040-0 N00073-0 N00174-1 N00102-0 N00149-0 N00150-0 N00245-1
3433	U00344	11/10/2025 10:09:00 PM	N00252 N00220 N00161 N00240 N00104 N00295 N00099 N00205 N00192 N00172 N00019 N00175 N00098 N00145	N00120-0 N00191-1 N00207-0 N00124-1 N00126-0 N00094-0
3434	U00344	11/11/2025 12:21:00 AM	N00252 N00220 N00161 N00240 N00104 N00295 N00099 N00205 N00192 N00172 N00019 N00175 N00098 N00145	N00246-0 N00275-1 N00124-0 N00157-0 N00034-0 N00239-0 N00001-0
3435	U00344	11/13/2025 11:56:00 AM	N00252 N00220 N00161 N00240 N00104 N00295 N00099 N00205 N00192 N00172 N00019 N00175 N00098 N00145	N00132-0 N00180-0 N00134-0 N00050-1 N00012-1 N00055-1 N00029-0 N00137-1
3436	U00344	11/12/2025 05:10:00 AM	N00252 N00220 N00161 N00240 N00104 N00295 N00099 N00205 N00192 N00172 N00019 N00175 N00098 N00145	N00172-1 N00125-0 N00206-1 N00161-0 N00220-0 N00299-0
3437	U00344	11/12/2025 03:28:00 PM	N00252 N00220 N00161 N00240 N00104 N00295 N00099 N00205 N00192 N00172 N00019 N00175 N00098 N00145	N00086-0 N00144-0 N00187-1 N00210-0 N00061-0 N00136-0
3438	U00344	11/11/2025 09:02:00 AM	N00252 N00220 N00161 N00240 N00104 N00295 N00099 N00205 N00192 N00172 N00019 N00175 N00098 N00145	N00104-1 N00144-0 N00132-1 N00178-0 N00070-0 N00222-0 N00079-0 N00151-0
3439	U00344	11/15/2025 10:49:00 PM	N00252 N00220 N00161 N00240 N00104 N00295 N00099 N00205 N00192 N00172 N00019 N00175 N00098 N00145	N00116-0 N00103-1 N00048-0 N00255-0 N00187-1 N00282-0 N00076-0
3440	U00344	11/13/2025 05:58:00 PM	N00252 N00220 N00161 N00240 N00104 N00295 N00099 N00205 N00192 N00172 N00019 N00175 N00098 N00145	N00216-0 N00134-0 N00049-1 N00138-0 N00104-1 N00032-0 N00287-0 N00098-0
3441	U00345	11/11/2025 09:38:00 PM	N00173 N00200 N00081 N00016 N00055 N00295 N00019 N00164 N00182 N00277 N00147 N00161	N00262-0 N00234-0 N00127-1 N00248-1 N00256-0 N00231-1
3442	U00345	11/12/2025 09:33:00 PM	N00173 N00200 N00081 N00016 N00055 N00295 N00019 N00164 N00182 N00277 N00147 N00161	N00284-1 N00140-0 N00289-0 N00090-0 N00155-1 N00077-1
3443	U00345	11/16/2025 06:49:00 AM	N00173 N00200 N00081 N00016 N00055 N00295 N00019 N00164 N00182 N00277 N00147 N00161	N00020-0 N00042-0 N00135-1 N00292-0 N00149-0 N00193-1
3444	U00345	11/10/2025 03:41:00 PM	N00173 N00200 N00081 N00016 N00055 N00295 N00019 N00164 N00182 N00277 N00147 N00161	N00183-0 N00288-0 N00290-0 N00015-0
3445	U00345	11/11/2025 11:07:00 AM	N00173 N00200 N00081 N00016 N00055 N00295 N00019 N00164 N00182 N00277 N00147 N00161	N00034-1 N00183-0 N00161-0 N00198-1 N00007-1 N00095-0
3446	U00345	11/12/2025 05:04:00 PM	N00173 N00200 N00081 N00016 N00055 N00295 N00019 N00164 N00182 N00277 N00147 N00161	N00166-0 N00192-0 N00115-1 N00286-0 N00165-0 N00261-1 N00061-0 N00024-0
3447	U00345	11/10/2025 04:37:00 PM	N00173 N00200 N00081 N00016 N00055 N00295 N00019 N00164 N00182 N00277 N00147 N00161	N00248-1 N00059-0 N00058-0 N00254-0 N00071-0
3448	U00345	11/13/2025 01:46:00 PM	N00173 N00200 N00081 N00016 N00055 N00295 N00019 N00164 N00182 N00277 N00147 N00161	N00263-0 N00091-0 N00083-0 N00038-0 N00166-0 N00291-0 N00148-1 N00226-0
3449	U00345	11/12/2025 05:22:00 AM	N00173 N00200 N00081 N00016 N00055 N00295 N00019 N00164 N00182 N00277 N00147 N00161	N00246-0 N00007-0 N00291-0 N00266-0 N00018-0 N00223-0 N00179-1 N00150-0
3450	U00345	11/15/2025 06:27:00 PM	N00173 N00200 N00081 N00016 N00055 N00295 N00019 N00164 N00182 N00277 N00147 N00161	N00175-1 N00029-1 N00075-1 N00083-1 N00003-0 N00140-1 N00011-0
3451	U00346	11/13/2025 09:36:00 PM	N00213 N00232 N00285 N00007 N00019 N00166 N00023 N00173 N00221 N00030	N00289-1 N00185-1 N00219-1 N00005-0 N00102-0
3452	U00346	11/12/2025 06:14:00 AM	N00213 N00232 N00285 N00007 N00019 N00166 N00023 N00173 N00221 N00030	N00110-0 N00122-1 N00079-0 N00186-0
3453	U00346	11/10/2025 11:19:00 PM	N00213 N00232 N00285 N00007 N00019 N00166 N00023 N00173 N00221 N00030	N00078-0 N00192-1 N00227-1 N00103-0 N00204-0 N00126-0 N00006-0
3454	U00346	11/13/2025 11:38:00 PM	N00213 N00232 N00285 N00007 N00019 N00166 N00023 N00173 N00221 N00030	N00035-0 N00233-1 N00265-1 N00137-0 N00097-0
3455	U00346	11/14/2025 01:44:00 PM	N00213 N00232 N00285 N00007 N00019 N00166 N00023 N00173 N00221 N00030	N00218-0 N00088-0 N00161-0 N00077-0 N00186-1 N00172-0 N00118-0 N00053-1 N00111-1
3456	U00346	11/13/2025 06:33:00 PM	N00213 N00232 N00285 N00007 N00019 N00166 N00023 N00173 N00221 N00030	N00029-1 N00134-0 N00052-0 N00286-0
3457	U00346	11/14/2025 05:36:00 AM	N00213 N00232 N00285 N00007 N00019 N00166 N00023 N00173 N00221 N00030	N00002-0 N00086-0 N00029-0 N00103-0 N00044-0 N00060-0 N00258-0 N00261-1
3458	U00346	11/11/2025 03:45:00 AM	N00213 N00232 N00285 N00007 N00019 N00166 N00023 N00173 N00221 N00030	N00087-0 N00265-1 N00167-0 N00064-0 N00069-1 N00279-0
3459	U00346	11/16/2025 06:33:00 AM	N00213 N00232 N00285 N00007 N00019 N00166 N00023 N00173 N00221 N00030	N00241-0 N00144-0 N00164-0 N00057-0 N00034-1 N00044-1 N00185-0
3460	U00346	11/14/2025 06:45:00 AM	N00213 N00232 N00285 N00007 N00019 N00166 N00023 N00173 N00221 N00030	N00046-1 N00078-0 N00178-0 N00268-1 N00006-0 N00103-0
3461	U00347	11/10/2025 09:37:00 PM	N00067 N00048 N00091 N00188 N00020 N00288 N00088 N00074 N00282 N00065 N00004 N00165 N00040	N00254-0 N00052-0 N00066-0 N00091-1 N00263-0 N00095-1 N00097-1 N00216-0
3462	U00347	11/12/2025 12:26:00 AM	N00067 N00048 N00091 N00188 N00020 N00288 N00088 N00074 N00282 N00065 N00004 N00165 N00040	N00006-1 N00183-0 N00274-1 N00134-1
3463	U00347	11/15/2025 07:23:00 AM	N00067 N00048 N00091 N00188 N00020 N00288 N00088 N00074 N00282 N00065 N00004 N00165 N00040	N00011-0 N00245-0 N00248-0 N00075-0 N00004-0 N00196-0 N00002-0
3464	U00347	11/13/2025 10:02:00 AM	N00067 N00048 N00091 N00188 N00020 N00288 N00088 N00074 N00282 N00065 N00004 N00165 N00040	N00003-0 N00090-0 N00040-1 N00138-0 N00038-0
3465	U00347	11/12/2025 06:13:00 PM	N00067 N00048 N00091 N00188 N00020 N00288 N00088 N00074 N00282 N00065 N00004 N00165 N00040	N00189-0 N00065-0 N00280-0 N00233-1 N00165-0 N00020-1 N00060-0
3466	U00347	11/13/2025 12:17:00 PM	N00067 N00048 N00091 N00188 N00020 N00288 N00088 N00074 N00282 N00065 N00004 N00165 N00040	N00120-0 N00228-0 N00028-0 N00033-0 N00270-0 N00178-1 N00088-0 N00282-0
3467	U00347	11/12/2025 06:55:00 AM	N00067 N00048 N00091 N00188 N00020 N00288 N00088 N00074 N00282 N00065 N00004 N00165 N00040	N00098-0 N00037-0 N00031-0 N00140-0 N00143-0 N00085-0 N00109-0
3468	U00347	11/10/2025 09:46:00 AM	N00067 N00048 N00091 N00188 N00020 N00288 N00088 N00074 N00282 N00065 N00004 N00165 N00040	N00246-0 N00190-0 N00263-0 N00048-1 N00170-0 N00269-0 N00131-0
3469	U00347	11/16/2025 02:36:00 AM	N00067 N00048 N00091 N00188 N00020 N00288 N00088 N00074 N00282 N00065 N00004 N00165 N00040	N00227-0 N00170-1 N00075-0 N00121-1 N00040-1
3470	U00347	11/12/2025 05:09:00 PM	N00067 N00048 N00091 N00188 N00020 N00288 N00088 N00074 N00282 N00065 N00004 N00165 N00040	N00202-0 N00218-0 N00226-0 N00098-1 N00085-1 N00038-1 N00266-1
3471	U00348	11/11/2025 06:11:00 AM	N00165 N00178 N00009 N00074 N00065 N00299 N00090 N00031 N00088 N00075 N00288 N00282	N00088-1 N00004-0 N00100-1 N00058-0 N00189-0
3472	U00348	11/13/2025 05:01:00 PM	N00165 N00178 N00009 N00074 N00065 N00299 N00090 N00031 N00088 N00075 N00288 N00282	N00291-0 N00026-0 N00009-1 N00240-0 N00251-0 N00067-1 N00097-0 N00181-0
3473	U00348	11/11/2025 11:32:00 AM	N00165 N00178 N00009 N00074 N00065 N00299 N00090 N00031 N00088 N00075 N00288 N00282	N00274-0 N00020-0 N00092-1 N00104-0 N00134-1
3474	U00348	11/14/2025 05:40:00 PM	N00165 N00178 N00009 N00074 N00065 N00299 N00090 N00031 N00088 N00075 N00288 N00282	N00161-0 N00100-1 N00149-0 N00124-1 N00049-0 N00242-0 N00282-1
3475	U00348	11/11/2025 11:27:00 PM	N00165 N00178 N00009 N00074 N00065 N00299 N00090 N00031 N00088 N00075 N00288 N00282	N00061-0 N00244-0 N00075-1 N00288-0 N00076-0
3476	U00348	11/12/2025 03:37:00 AM	N00165 N00178 N00009 N00074 N00065 N00299 N00090 N00031 N00088 N00075 N00288 N00282	N00006-1 N00091-1 N00195-0 N00246-1 N00048-0 N00165-1 N00018-0 N00300-0 N00150-0
3477	U00348	11/11/2025 02:22:00 PM	N00165 N00178 N00009 N00074 N00065 N00299 N00090 N00031 N00088 N00075 N00288 N00282	N00151-0 N00121-0 N00282-0 N00020-0 N00107-1 N00108-0 N00162-0 N00091-1
3478	U00348	11/11/2025 11:34:00 PM	N00165 N00178 N00009 N00074 N00065 N00299 N00090 N00031 N00088 N00075 N00288 N00282	N00158-0 N00285-0 N00187-0 N00218-0 N00095-0 N00225-0 N00242-0
3479	U00348	11/13/2025 09:25:00 AM	N00165 N00178 N00009 N00074 N00065 N00299 N00090 N00031 N00088 N00075 N00288 N00282	N00107-0 N00186-0 N00213-0 N00243-0 N00004-1 N00062-0 N00202-0
3480	U00348	11/16/2025 01:10:00 AM	N00165 N00178 N00009 N00074 N00065 N00299 N00090 N00031 N00088 N00075 N00288 N00282	N00162-0 N00021-0 N00031-0 N00052-0 N00006-1 N00226-1
3481	U00349	11/12/2025 07:06:00 PM	N00199 N00222 N00013 N00180 N00234 N00066 N00079 N00168 N00228 N00284 N00203 N00160	N00259-0 N00131-0 N00142-0 N00287-0 N00116-0 N00110-0 N00124-0 N00282-0 N00102-0
3482	U00349	11/11/2025 05:05:00 AM	N00199 N00222 N00013 N00180 N00234 N00066 N00079 N00168 N00228 N00284 N00203 N00160	N00006-0 N00298-1 N00109-1 N00202-1 N00113-0
3483	U00349	11/13/2025 08:15:00 PM	N00199 N00222 N00013 N00180 N00234 N00066 N00079 N00168 N00228 N00284 N00203 N00160	N00246-0 N00286-1 N00112-0 N00254-0 N00263-0 N00174-0 N00253-0 N00143-0
3484	U00349	11/14/2025 08:10:00 PM	N00199 N00222 N00013 N00180 N00234 N00066 N00079 N00168 N00228 N00284 N00203 N00160	N00041-0 N00078-1 N00081-1 N00168-1 N00125-1 N00262-0
3485	U00349	11/13/2025 12:47:00 AM	N00199 N00222 N00013 N00180 N00234 N00066 N00079 N00168 N00228 N00284 N00203 N00160	N00006-1 N00041-0 N00224-0 N00206-0 N00083-0 N00054-0
3486	U00349	11/12/2025 10:06:00 AM	N00199 N00222 N00013 N00180 N00234 N00066 N00079 N00168 N00228 N00284 N00203 N00160	N00277-0 N00216-1 N00291-1 N00158-0 N00072-0
3487	U00349	11/12/2025 10:19:00 PM	N00199 N00222 N00013 N00180 N00234 N00066 N00079 N00168 N00228 N00284 N00203 N00160	N00009-0 N00209-0 N00187-0 N00089-0 N00122-0 N00270-0
3488	U00349	11/11/2025 03:30:00 PM	N00199 N00222 N00013 N00180 N00234 N00066 N00079 N00168 N00228 N00284 N00203 N00160	N00192-0 N00105-1 N00041-0 N00167-0 N00209-0 N00143-0 N00155-0
3489	U00349	11/12/2025 11:05:00 PM	N00199 N00222 N00013 N00180 N00234 N00066 N00079 N00168 N00228 N00284 N00203 N00160	N00228-0 N00177-0 N00267-1 N00036-1 N00206-1 N00191-0 N00106-0 N00165-0
3490	U00349	11/11/2025 06:46:00 PM	N00199 N00222 N00013 N00180 N00234 N00066 N00079 N00168 N00228 N00284 N00203 N00160	N00185-0 N00292-1 N00265-0 N00025-0
3491	U00350	11/11/2025 04:05:00 PM	N00006 N00013 N00180 N00272 N00203 N00037 N00168	N00062-0 N00236-0 N00263-0 N00296-0 N00204-1 N00042-1
3492	U00350	11/14/2025 09:34:00 AM	N00006 N00013 N00180 N00272 N00203 N00037 N00168	N00044-0 N00037-0 N00290-0 N00131-1 N00070-0 N00239-0 N00112-0
3493	U00350	11/11/2025 08:24:00 AM	N00006 N00013 N00180 N00272 N00203 N00037 N00168	N00197-0 N00078-1 N00053-0 N00016-0 N00264-1 N00037-1
3494	U00350	11/14/2025 05:54:00 PM	N00006 N00013 N00180 N00272 N00203 N00037 N00168	N00123-0 N00003-1 N00040-0 N00136-0 N00163-0 N00255-0
3495	U00350	11/12/2025 11:34:00 AM	N00006 N00013 N00180 N00272 N00203 N00037 N00168	N00010-1 N00030-0 N00286-1 N00043-0 N00084-0
3496	U00350	11/14/2025 04:34:00 PM	N00006 N00013 N00180 N00272 N00203 N00037 N00168	N00002-0 N00216-0 N00158-0 N00228-0 N00209-1 N00239-0 N00179-0 N00071-0
3497	U00350	11/11/2025 09:19:00 PM	N00006 N00013 N00180 N00272 N00203 N00037 N00168	N00074-1 N00189-1 N00118-0 N00143-0 N00042-1 N00267-1
3498	U00350	11/10/2025 09:10:00 AM	N00006 N00013 N00180 N00272 N00203 N00037 N00168	N00022-0 N00008-0 N00196-0 N00125-1 N00040-1 N00264-0
3499	U00350	11/10/2025 09:43:00 PM	N00006 N00013 N00180 N00272 N00203 N00037 N00168	N00233-0 N00071-0 N00182-0 N00027-0 N00041-0 N00181-0 N00210-0
3500	U00350	11/12/2025 08:42:00 PM	N00006 N00013 N00180 N00272 N00203 N00037 N00168	N00185-1 N00162-0 N00248-0 N00244-0 N00152-1 N00110-0 N00286-0 N00281-1
3501	U00351	11/11/2025 08:29:00 PM	N00020 N00031 N00088 N00274 N00158 N00226 N00074	N00060-0 N00175-0 N00113-1 N00039-0 N00170-1
3502	U00351	11/11/2025 07:21:00 PM	N00020 N00031 N00088 N00274 N00158 N00226 N00074	N00095-1 N00266-1 N00177-0 N00186-0
3503	U00351	11/12/2025 11:06:00 PM	N00020 N00031 N00088 N00274 N00158 N00226 N00074	N00040-1 N00214-1 N00208-1 N00053-1 N00035-0
3504	U00351	11/12/2025 08:46:00 PM	N00020 N00031 N00088 N00274 N00158 N00226 N00074	N00268-0 N00066-0 N00102-0 N00020-0 N00214-1
3505	U00351	11/11/2025 12:14:00 AM	N00020 N00031 N00088 N00274 N00158 N00226 N00074	N00224-0 N00288-1 N00036-0 N00061-0 N00282-1 N00096-0 N00067-1 N00025-0
3506	U00351	11/14/2025 09:51:00 PM	N00020 N00031 N00088 N00274 N00158 N00226 N00074	N00266-0 N00159-0 N00255-1 N00290-0 N00091-1
3507	U00351	11/14/2025 09:01:00 PM	N00020 N00031 N00088 N00274 N00158 N00226 N00074	N00107-0 N00020-0 N00091-1 N00008-0 N00294-0
3508	U00351	11/11/2025 05:42:00 PM	N00020 N00031 N00088 N00274 N00158 N00226 N00074	N00020-0 N00226-1 N00120-0 N00065-0 N00236-1
3509	U00351	11/13/2025 04:29:00 PM	N00020 N00031 N00088 N00274 N00158 N00226 N00074	N00274-1 N00193-0 N00149-0 N00038-1 N00282-0 N00133-1
3510	U00351	11/13/2025 06:07:00 PM	N00020 N00031 N00088 N00274 N00158 N00226 N00074	N00114-0 N00031-1 N00095-1 N00174-1 N00180-0 N00015-0 N00121-0
3511	U00352	11/15/2025 07:25:00 PM	N00185 N00062 N00235 N00115 N00017 N00052 N00268 N00217 N00029 N00192 N00103	N00193-1 N00173-1 N00166-0 N00112-1 N00209-0 N00015-1
3512	U00352	11/11/2025 12:05:00 PM	N00185 N00062 N00235 N00115 N00017 N00052 N00268 N00217 N00029 N00192 N00103	N00070-0 N00089-1 N00282-0 N00172-0 N00132-0 N00036-0 N00283-0
3513	U00352	11/14/2025 12:34:00 PM	N00185 N00062 N00235 N00115 N00017 N00052 N00268 N00217 N00029 N00192 N00103	N00057-1 N00098-1 N00138-0 N00192-0 N00254-0 N00197-1 N00204-0
3514	U00352	11/11/2025 04:42:00 PM	N00185 N00062 N00235 N00115 N00017 N00052 N00268 N00217 N00029 N00192 N00103	N00039-0 N00275-1 N00064-0 N00101-0
3515	U00352	11/11/2025 04:42:00 AM	N00185 N00062 N00235 N00115 N00017 N00052 N00268 N00217 N00029 N00192 N00103	N00063-0 N00038-0 N00198-0 N00176-1 N00224-0 N00150-1 N00119-0
3516	U00352	11/10/2025 08:21:00 AM	N00185 N00062 N00235 N00115 N00017 N00052 N00268 N00217 N00029 N00192 N00103	N00172-1 N00248-0 N00252-1 N00148-0 N00149-0 N00228-0
3517	U00352	11/11/2025 07:06:00 PM	N00185 N00062 N00235 N00115 N00017 N00052 N00268 N00217 N00029 N00192 N00103	N00055-1 N00027-0 N00285-1 N00118-0 N00103-0 N00190-1
3518	U00352	11/14/2025 05:26:00 PM	N00185 N00062 N00235 N00115 N00017 N00052 N00268 N00217 N00029 N00192 N00103	N00118-0 N00285-0 N00078-1 N00151-0 N00181-0 N00217-0 N00208-0
3519	U00352	11/10/2025 01:56:00 PM	N00185 N00062 N00235 N00115 N00017 N00052 N00268 N00217 N00029 N00192 N00103	N00141-0 N00130-0 N00043-0 N00193-1 N00235-1 N00293-1 N00291-1
3520	U00352	11/15/2025 06:01:00 AM	N00185 N00062 N00235 N00115 N00017 N00052 N00268 N00217 N00029 N00192 N00103	N00288-0 N00078-0 N00003-0 N00053-0 N00268-0 N00285-0 N00299-0 N00142-0
3521	U00353	11/11/2025 10:55:00 AM	N00162 N00255 N00196 N00051 N00117	N00270-0 N00040-0 N00030-0 N00236-1
3522	U00353	11/13/2025 07:38:00 PM	N00162 N00255 N00196 N00051 N00117	N00102-0 N00284-0 N00073-0 N00286-0 N00024-1 N00282-0 N00253-1
3523	U00353	11/10/2025 11:47:00 PM	N00162 N00255 N00196 N00051 N00117	N00045-0 N00265-0 N00190-0 N00097-0 N00222-1 N00006-1 N00235-1
3524	U00353	11/13/2025 08:36:00 PM	N00162 N00255 N00196 N00051 N00117	N00292-1 N00219-0 N00243-1 N00199-0 N00268-0
3525	U00353	11/12/2025 05:07:00 PM	N00162 N00255 N00196 N00051 N00117	N00249-1 N00066-1 N00015-0 N00010-0 N00088-0 N00162-1 N00122-0 N00113-0 N00103-0
3526	U00353	11/10/2025 11:08:00 AM	N00162 N00255 N00196 N00051 N00117	N00180-1 N00038-0 N00058-1 N00215-0 N00164-0 N00150-0 N00057-1
3527	U00353	11/15/2025 10:36:00 AM	N00162 N00255 N00196 N00051 N00117	N00060-0 N00270-1 N00208-0 N00287-1 N00248-0 N00083-0 N00284-1
3528	U00353	11/15/2025 02:55:00 AM	N00162 N00255 N00196 N00051 N00117	N00108-1 N00171-0 N00019-0 N00214-0
3529	U00353	11/13/2025 06:41:00 PM	N00162 N00255 N00196 N00051 N00117	N00169-1 N00241-0 N00229-1 N00186-1 N00027-0 N00022-1
3530	U00353	11/11/2025 09:29:00 AM	N00162 N00255 N00196 N00051 N00117	N00283-0 N00158-0 N00140-0 N00286-1 N00072-0 N00021-0 N00059-1
3531	U00354	11/11/2025 01:33:00 PM	N00236 N00039 N00127 N00041 N00194 N00105 N00177 N00234 N00001 N00059 N00269	N00060-0 N00108-1 N00066-0 N00129-0 N00173-0
3532	U00354	11/13/2025 11:09:00 PM	N00236 N00039 N00127 N00041 N00194 N00105 N00177 N00234 N00001 N00059 N00269	N00079-1 N00182-0 N00231-0 N00276-1 N00228-0 N00246-0 N00278-0
3533	U00354	11/15/2025 12:44:00 PM	N00236 N00039 N00127 N00041 N00194 N00105 N00177 N00234 N00001 N00059 N00269	N00247-0 N00255-1 N00138-1 N00050-0 N00207-0
3534	U00354	11/14/2025 12:23:00 PM	N00236 N00039 N00127 N00041 N00194 N00105 N00177 N00234 N00001 N00059 N00269	N00254-1 N00133-1 N00260-0 N00237-0 N00170-0 N00100-0 N00134-0 N00027-0
3535	U00354	11/11/2025 04:23:00 AM	N00236 N00039 N00127 N00041 N00194 N00105 N00177 N00234 N00001 N00059 N00269	N00058-1 N00022-1 N00145-1 N00149-0 N00243-1 N00289-0 N00186-0
3536	U00354	11/14/2025 03:29:00 AM	N00236 N00039 N00127 N00041 N00194 N00105 N00177 N00234 N00001 N00059 N00269	N00038-0 N00291-1 N00261-0 N00041-0 N00186-0 N00176-0 N00144-0 N00273-0
3537	U00354	11/13/2025 05:42:00 AM	N00236 N00039 N00127 N00041 N00194 N00105 N00177 N00234 N00001 N00059 N00269	N00022-0 N00025-0 N00115-0 N00213-0 N00216-1 N00027-0 N00142-0 N00276-1
3538	U00354	11/13/2025 10:20:00 AM	N00236 N00039 N00127 N00041 N00194 N00105 N00177 N00234 N00001 N00059 N00269	N00016-0 N00041-1 N00242-1 N00058-1 N00080-1 N00076-0 N00247-0 N00110-0 N00238-0
3539	U00354	11/10/2025 11:32:00 AM	N00236 N00039 N00127 N00041 N00194 N00105 N00177 N00234 N00001 N00059 N00269	N00020-0 N00208-0 N00170-0 N00277-0 N00162-1 N00151-0 N00032-0
3540	U00354	11/12/2025 01:00:00 PM	N00236 N00039 N00127 N00041 N00194 N00105 N00177 N00234 N00001 N00059 N00269	N00032-1 N00018-1 N00078-1 N00007-0 N00171-1
3541	U00355	11/14/2025 07:40:00 AM	N00266 N00274 N00214 N00004 N00020 N00028 N00102 N00074 N00048 N00031	N00187-0 N00134-1 N00203-0 N00097-1 N00165-0 N00022-1
3542	U00355	11/11/2025 10:14:00 AM	N00266 N00274 N00214 N00004 N00020 N00028 N00102 N00074 N00048 N00031	N00160-1 N00152-0 N00205-0 N00009-0 N00065-1 N00170-1 N00133-0 N00214-0
3543	U00355	11/11/2025 11:18:00 AM	N00266 N00274 N00214 N00004 N00020 N00028 N00102 N00074 N00048 N00031	N00163-0 N00226-0 N00102-0 N00049-0 N00282-1 N00283-0 N00253-0 N00246-1
3544	U00355	11/10/2025 07:21:00 PM	N00266 N00274 N00214 N00004 N00020 N00028 N00102 N00074 N00048 N00031	N00008-0 N00208-1 N00100-0 N00010-0 N00038-0 N00113-1
3545	U00355	11/14/2025 06:04:00 AM	N00266 N00274 N00214 N00004 N00020 N00028 N00102 N00074 N00048 N00031	N00088-1 N00203-0 N00246-1 N00198-0
3546	U00355	11/16/2025 06:46:00 AM	N00266 N00274 N00214 N00004 N00020 N00028 N00102 N00074 N00048 N00031	N00134-0 N00146-0 N00216-0 N00091-0 N00083-0 N00074-0 N00196-0
3547	U00355	11/12/2025 08:35:00 AM	N00266 N00274 N00214 N00004 N00020 N00028 N00102 N00074 N00048 N00031	N00299-1 N00201-0 N00274-0 N00084-0 N00070-0 N00098-0
3548	U00355	11/11/2025 01:58:00 AM	N00266 N00274 N00214 N00004 N00020 N00028 N00102 N00074 N00048 N00031	N00049-0 N00149-0 N00288-1 N00183-0 N00113-0 N00274-1 N00085-1
3549	U00355	11/12/2025 05:23:00 PM	N00266 N00274 N00214 N00004 N00020 N00028 N00102 N00074 N00048 N00031	N00072-0 N00091-1 N00166-0 N00067-0 N00018-0
3550	U00355	11/11/2025 09:31:00 PM	N00266 N00274 N00214 N00004 N00020 N00028 N00102 N00074 N00048 N00031	N00188-1 N00074-1 N00026-0 N00274-0 N00225-0 N00267-0 N00134-1
3551	U00356	11/13/2025 07:45:00 AM	N00195 N00145 N00175 N00244 N00053 N00046 N00119 N00147 N00258 N00277 N00155 N00182 N00257 N00111 N00072	N00101-0 N00289-1 N00174-1 N00251-0 N00029-0 N00140-1 N00084-1 N00041-0
3552	U00356	11/11/2025 12:47:00 AM	N00195 N00145 N00175 N00244 N00053 N00046 N00119 N00147 N00258 N00277 N00155 N00182 N00257 N00111 N00072	N00010-0 N00182-1 N00013-0 N00296-1 N00024-1
3553	U00356	11/15/2025 01:33:00 PM	N00195 N00145 N00175 N00244 N00053 N00046 N00119 N00147 N00258 N00277 N00155 N00182 N00257 N00111 N00072	N00164-0 N00098-1 N00120-1 N00183-1 N00215-0 N00196-0
3554	U00356	11/15/2025 07:46:00 PM	N00195 N00145 N00175 N00244 N00053 N00046 N00119 N00147 N00258 N00277 N00155 N00182 N00257 N00111 N00072	N00293-0 N00064-1 N00249-0 N00160-0 N00053-0 N00200-1 N00296-0
3555	U00356	11/16/2025 01:15:00 AM	N00195 N00145 N00175 N00244 N00053 N00046 N00119 N00147 N00258 N00277 N00155 N00182 N00257 N00111 N00072	N00007-0 N00167-0 N00149-1 N00257-1 N00212-0
3556	U00356	11/11/2025 08:26:00 AM	N00195 N00145 N00175 N00244 N00053 N00046 N00119 N00147 N00258 N00277 N00155 N00182 N00257 N00111 N00072	N00223-1 N00062-0 N00184-0 N00180-1 N00089-0 N00011-0
3557	U00356	11/13/2025 06:15:00 AM	N00195 N00145 N00175 N00244 N00053 N00046 N00119 N00147 N00258 N00277 N00155 N00182 N00257 N00111 N00072	N00233-0 N00006-0 N00296-0 N00114-0 N00062-0 N00057-1
3558	U00356	11/13/2025 03:23:00 PM	N00195 N00145 N00175 N00244 N00053 N00046 N00119 N00147 N00258 N00277 N00155 N00182 N00257 N00111 N00072	N00224-0 N00130-0 N00182-1 N00066-0 N00258-1
3559	U00356	11/12/2025 06:11:00 AM	N00195 N00145 N00175 N00244 N00053 N00046 N00119 N00147 N00258 N00277 N00155 N00182 N00257 N00111 N00072	N00034-0 N00085-0 N00255-0 N00033-1 N00168-0 N00293-1 N00060-1 N00106-0 N00061-0
3560	U00356	11/14/2025 01:26:00 AM	N00195 N00145 N00175 N00244 N00053 N00046 N00119 N00147 N00258 N00277 N00155 N00182 N00257 N00111 N00072	N00280-1 N00115-1 N00114-0 N00014-1 N00221-0
3561	U00357	11/12/2025 04:08:00 PM	N00197 N00198 N00062 N00150 N00148 N00192 N00172 N00089 N00245 N00096 N00103 N00277 N00035 N00227 N00015	N00070-1 N00066-0 N00137-0 N00221-0
3562	U00357	11/13/2025 08:45:00 PM	N00197 N00198 N00062 N00150 N00148 N00192 N00172 N00089 N00245 N00096 N00103 N00277 N00035 N00227 N00015	N00125-0 N00263-1 N00009-0 N00167-0 N00007-1 N00132-0 N00251-0
3563	U00357	11/10/2025 10:23:00 AM	N00197 N00198 N00062 N00150 N00148 N00192 N00172 N00089 N00245 N00096 N00103 N00277 N00035 N00227 N00015	N00111-0 N00003-0 N00049-1 N00259-0 N00248-1 N00285-1 N00286-0
3564	U00357	11/10/2025 01:36:00 PM	N00197 N00198 N00062 N00150 N00148 N00192 N00172 N00089 N00245 N00096 N00103 N00277 N00035 N00227 N00015	N00026-0 N00149-0 N00251-1 N00168-0 N00228-0 N00156-0 N00266-0
3565	U00357	11/10/2025 09:43:00 AM	N00197 N00198 N00062 N00150 N00148 N00192 N00172 N00089 N00245 N00096 N00103 N00277 N00035 N00227 N00015	N00244-0 N00166-0 N00274-0 N00035-1 N00194-0 N00247-1 N00029-1 N00142-0 N00156-1
3566	U00357	11/12/2025 01:45:00 AM	N00197 N00198 N00062 N00150 N00148 N00192 N00172 N00089 N00245 N00096 N00103 N00277 N00035 N00227 N00015	N00101-1 N00254-0 N00297-0 N00041-1 N00268-1 N00225-1 N00010-0
3567	U00357	11/15/2025 11:49:00 PM	N00197 N00198 N00062 N00150 N00148 N00192 N00172 N00089 N00245 N00096 N00103 N00277 N00035 N00227 N00015	N00013-0 N00034-1 N00217-0 N00004-0 N00158-0 N00288-0 N00256-1
3568	U00357	11/12/2025 06:29:00 PM	N00197 N00198 N00062 N00150 N00148 N00192 N00172 N00089 N00245 N00096 N00103 N00277 N00035 N00227 N00015	N00060-0 N00040-0 N00235-1 N00104-1 N00191-0 N00095-0 N00182-1
3569	U00357	11/12/2025 06:10:00 PM	N00197 N00198 N00062 N00150 N00148 N00192 N00172 N00089 N00245 N00096 N00103 N00277 N00035 N00227 N00015	N00003-0 N00283-1 N00221-1 N00053-0 N00223-1 N00079-0 N00105-0 N00075-0 N00093-0
3570	U00357	11/14/2025 11:07:00 PM	N00197 N00198 N00062 N00150 N00148 N00192 N00172 N00089 N00245 N00096 N00103 N00277 N00035 N00227 N00015	N00157-0 N00034-0 N00046-0 N00108-0 N00138-0 N00096-0 N00142-1 N00025-0
3571	U00358	11/11/2025 11:42:00 PM	N00130 N00251 N00164 N00268 N00019 N00093 N00008 N00265 N00136 N00174 N00149	N00148-0 N00287-0 N00048-0 N00238-0 N00093-1
3572	U00358	11/15/2025 11:25:00 PM	N00130 N00251 N00164 N00268 N00019 N00093 N00008 N00265 N00136 N00174 N00149	N00279-0 N00068-0 N00184-0 N00122-1
3573	U00358	11/13/2025 11:35:00 PM	N00130 N00251 N00164 N00268 N00019 N00093 N00008 N00265 N00136 N00174 N00149	N00245-1 N00101-0 N00250-0 N00003-0 N00150-0 N00035-1
3574	U00358	11/14/2025 11:45:00 AM	N00130 N00251 N00164 N00268 N00019 N00093 N00008 N00265 N00136 N00174 N00149	N00164-0 N00034-0 N00098-0 N00129-0 N00113-0 N00107-0 N00251-1 N00220-1 N00014-0
3575	U00358	11/13/2025 12:36:00 AM	N00130 N00251 N00164 N00268 N00019 N00093 N00008 N00265 N00136 N00174 N00149	N00119-0 N00257-1 N00174-1 N00112-0 N00293-0 N00121-0
3576	U00358	11/12/2025 01:17:00 PM	N00130 N00251 N00164 N00268 N00019 N00093 N00008 N00265 N00136 N00174 N00149	N00199-0 N00025-0 N00230-0 N00003-0 N00023-1 N00224-0
3577	U00358	11/12/2025 01:13:00 AM	N00130 N00251 N00164 N00268 N00019 N00093 N00008 N00265 N00136 N00174 N00149	N00227-1 N00216-0 N00026-0 N00073-0
3578	U00358	11/12/2025 11:01:00 PM	N00130 N00251 N00164 N00268 N00019 N00093 N00008 N00265 N00136 N00174 N00149	N00203-0 N00066-0 N00084-1 N00129-0 N00064-0 N00227-1 N00028-0
3579	U00358	11/16/2025 03:02:00 AM	N00130 N00251 N00164 N00268 N00019 N00093 N00008 N00265 N00136 N00174 N00149	N00106-0 N00091-0 N00096-1 N00151-0 N00276-0 N00110-1 N00236-0
3580	U00358	11/11/2025 08:40:00 AM	N00130 N00251 N00164 N00268 N00019 N00093 N00008 N00265 N00136 N00174 N00149	N00238-1 N00119-0 N00228-0 N00210-0 N00207-0 N00056-0 N00147-1 N00206-0
3581	U00359	11/15/2025 09:58:00 PM	N00192 N00023 N00289 N00115 N00062 N00251 N00261 N00077 N00197 N00205 N00130 N00015 N00136 N00176	N00224-0 N00059-0 N00108-0 N00175-0 N00256-1 N00154-1 N00186-0
3582	U00359	11/15/2025 01:43:00 AM	N00192 N00023 N00289 N00115 N00062 N00251 N00261 N00077 N00197 N00205 N00130 N00015 N00136 N00176	N00044-0 N00204-0 N00220-0 N00231-1 N00135-0 N00072-1 N00093-0 N00286-0
3583	U00359	11/10/2025 02:08:00 PM	N00192 N00023 N00289 N00115 N00062 N00251 N00261 N00077 N00197 N00205 N00130 N00015 N00136 N00176	N00151-0 N00176-1 N00289-1 N00211-0 N00160-0 N00265-0 N00281-0 N00161-1 N00290-0
3584	U00359	11/13/2025 11:13:00 PM	N00192 N00023 N00289 N00115 N00062 N00251 N00261 N00077 N00197 N00205 N00130 N00015 N00136 N00176	N00054-1 N00266-0 N00136-1 N00150-0 N00235-0
3585	U00359	11/13/2025 12:33:00 AM	N00192 N00023 N00289 N00115 N00062 N00251 N00261 N00077 N00197 N00205 N00130 N00015 N00136 N00176	N00082-0 N00083-0 N00070-0 N00148-0 N00129-0 N00244-0
3586	U00359	11/12/2025 07:17:00 AM	N00192 N00023 N00289 N00115 N00062 N00251 N00261 N00077 N00197 N00205 N00130 N00015 N00136 N00176	N00150-1 N00104-0 N00033-1 N00202-0 N00215-0 N00055-0 N00134-0
3587	U00359	11/11/2025 12:01:00 PM	N00192 N00023 N00289 N00115 N00062 N00251 N00261 N00077 N00197 N00205 N00130 N00015 N00136 N00176	N00240-0 N00201-0 N00105-0 N00228-0 N00198-0 N00016-0 N00072-1 N00091-0
3588	U00359	11/13/2025 07:56:00 PM	N00192 N00023 N00289 N00115 N00062 N00251 N00261 N00077 N00197 N00205 N00130 N00015 N00136 N00176	N00181-0 N00162-0 N00050-1 N00099-0 N00288-0 N00055-1
3589	U00359	11/13/2025 06:51:00 PM	N00192 N00023 N00289 N00115 N00062 N00251 N00261 N00077 N00197 N00205 N00130 N00015 N00136 N00176	N00278-1 N00023-0 N00197-1 N00139-0 N00190-1 N00100-0
3590	U00359	11/13/2025 07:56:00 PM	N00192 N00023 N00289 N00115 N00062 N00251 N00261 N00077 N00197 N00205 N00130 N00015 N00136 N00176	N00166-0 N00287-0 N00225-0 N00016-0 N00267-0 N00244-0 N00182-1 N00239-0
3591	U00360	11/13/2025 11:38:00 AM	N00124 N00155 N00290 N00147 N00034	N00192-0 N00158-0 N00286-0 N00186-0 N00025-1 N00254-0 N00225-0
3592	U00360	11/14/2025 02:17:00 PM	N00124 N00155 N00290 N00147 N00034	N00257-0 N00193-1 N00060-0 N00240-0 N00233-0 N00300-0
3593	U00360	11/14/2025 05:11:00 PM	N00124 N00155 N00290 N00147 N00034	N00074-0 N00263-1 N00159-0 N00016-0 N00094-1 N00192-1 N00130-0 N00171-0 N00026-1
3594	U00360	11/15/2025 12:40:00 AM	N00124 N00155 N00290 N00147 N00034	N00041-0 N00060-1 N00252-1 N00111-1 N00210-0
3595	U00360	11/12/2025 05:04:00 PM	N00124 N00155 N00290 N00147 N00034	N00029-1 N00119-1 N00012-0 N00124-0
3596	U00360	11/12/2025 12:55:00 AM	N00124 N00155 N00290 N00147 N00034	N00245-0 N00248-1 N00016-0 N00286-0 N00193-1 N00148-0 N00002-1
3597	U00360	11/15/2025 06:10:00 PM	N00124 N00155 N00290 N00147 N00034	N00154-0 N00051-0 N00179-1 N00015-1 N00018-1
3598	U00360	11/15/2025 05:32:00 AM	N00124 N00155 N00290 N00147 N00034	N00010-0 N00007-0 N00220-0 N00156-1 N00238-0 N00016-1 N00250-0
3599	U00360	11/16/2025 01:11:00 AM	N00124 N00155 N00290 N00147 N00034	N00245-0 N00275-0 N00169-1 N00283-0 N00265-1
3600	U00360	11/15/2025 12:12:00 AM	N00124 N00155 N00290 N00147 N00034	N00022-1 N00008-0 N00206-1 N00147-0 N00200-0 N00292-0 N00070-0 N00105-1 N00030-0
3601	U00361	11/15/2025 07:21:00 AM	N00150 N00049 N00182 N00033 N00007 N00195 N00245 N00232 N00264 N00197 N00212 N00225	N00193-1 N00122-1 N00138-0 N00160-0 N00190-0
3602	U00361	11/15/2025 05:29:00 AM	N00150 N00049 N00182 N00033 N00007 N00195 N00245 N00232 N00264 N00197 N00212 N00225	N00112-0 N00236-0 N00261-1 N00205-0 N00099-0
3603	U00361	11/14/2025 05:31:00 AM	N00150 N00049 N00182 N00033 N00007 N00195 N00245 N00232 N00264 N00197 N00212 N00225	N00049-0 N00292-0 N00137-0 N00220-1
3604	U00361	11/16/2025 05:52:00 AM	N00150 N00049 N00182 N00033 N00007 N00195 N00245 N00232 N00264 N00197 N00212 N00225	N00230-1 N00263-1 N00270-0 N00067-1 N00003-0 N00026-1 N00058-0 N00030-1
3605	U00361	11/11/2025 05:14:00 AM	N00150 N00049 N00182 N00033 N00007 N00195 N00245 N00232 N00264 N00197 N00212 N00225	N00033-1 N00225-0 N00021-0 N00012-0 N00083-1 N00224-0 N00044-1
3606	U00361	11/15/2025 12:30:00 AM	N00150 N00049 N00182 N00033 N00007 N00195 N00245 N00232 N00264 N00197 N00212 N00225	N00262-0 N00230-0 N00186-0 N00093-0 N00096-1 N00171-0
3607	U00361	11/12/2025 03:22:00 AM	N00150 N00049 N00182 N00033 N00007 N00195 N00245 N00232 N00264 N00197 N00212 N00225	N00072-1 N00020-0 N00285-0 N00218-0 N00178-0 N00215-0 N00103-1 N00191-1
3608	U00361	11/13/2025 06:19:00 PM	N00150 N00049 N00182 N00033 N00007 N00195 N00245 N00232 N00264 N00197 N00212 N00225	N00190-1 N00143-0 N00147-0 N00212-1 N00024-1 N00154-1 N00061-0 N00109-0
3609	U00361	11/10/2025 10:27:00 AM	N00150 N00049 N00182 N00033 N00007 N00195 N00245 N00232 N00264 N00197 N00212 N00225	N00046-1 N00282-0 N00158-0 N00275-0 N00182-0 N00026-0
3610	U00361	11/11/2025 12:45:00 AM	N00150 N00049 N00182 N00033 N00007 N00195 N00245 N00232 N00264 N00197 N00212 N00225	N00297-0 N00128-0 N00150-0 N00213-1 N00080-0 N00085-0
3611	U00362	11/10/2025 06:14:00 PM	N00140 N00205 N00103 N00096 N00279 N00056 N00223 N00217 N00046 N00275 N00197 N00161 N00277 N00164	N00263-0 N00223-1 N00183-0 N00123-0 N00268-0
3612	U00362	11/11/2025 08:07:00 PM	N00140 N00205 N00103 N00096 N00279 N00056 N00223 N00217 N00046 N00275 N00197 N00161 N00277 N00164	N00126-0 N00109-0 N00212-0 N00193-1 N00252-0 N00242-0 N00008-0
3613	U00362	11/15/2025 08:21:00 AM	N00140 N00205 N00103 N00096 N00279 N00056 N00223 N00217 N00046 N00275 N00197 N00161 N00277 N00164	N00195-1 N00259-0 N00207-0 N00037-1 N00058-0 N00213-0 N00197-1 N00007-1
3614	U00362	11/11/2025 04:31:00 AM	N00140 N00205 N00103 N00096 N00279 N00056 N00223 N00217 N00046 N00275 N00197 N00161 N00277 N00164	N00088-0 N00142-0 N00235-1 N00104-0 N00184-0 N00109-0 N00083-1 N00152-0
3615	U00362	11/13/2025 01:01:00 AM	N00140 N00205 N00103 N00096 N00279 N00056 N00223 N00217 N00046 N00275 N00197 N00161 N00277 N00164	N00191-0 N00286-0 N00251-1 N00231-0
3616	U00362	11/10/2025 05:46:00 PM	N00140 N00205 N00103 N00096 N00279 N00056 N00223 N00217 N00046 N00275 N00197 N00161 N00277 N00164	N00264-0 N00090-0 N00223-1 N00100-0 N00052-1 N00295-0 N00167-0 N00072-1
3617	U00362	11/15/2025 05:27:00 AM	N00140 N00205 N00103 N00096 N00279 N00056 N00223 N00217 N00046 N00275 N00197 N00161 N00277 N00164	N00235-0 N00161-0 N00041-0 N00099-0 N00266-0 N00280-0 N00015-1 N00146-0 N00101-0
3618	U00362	11/12/2025 09:59:00 AM	N00140 N00205 N00103 N00096 N00279 N00056 N00223 N00217 N00046 N00275 N00197 N00161 N00277 N00164	N00287-0 N00242-0 N00062-1 N00033-1 N00202-0 N00096-0 N00298-0 N00251-0
3619	U00362	11/10/2025 02:48:00 PM	N00140 N00205 N00103 N00096 N00279 N00056 N00223 N00217 N00046 N00275 N00197 N00161 N00277 N00164	N00296-1 N00243-0 N00116-0 N00172-1
3620	U00362	11/13/2025 08:27:00 AM	N00140 N00205 N00103 N00096 N00279 N00056 N00223 N00217 N00046 N00275 N00197 N00161 N00277 N00164	N00175-0 N00286-0 N00256-1 N00149-0 N00237-0
3621	U00363	11/12/2025 01:30:00 PM	N00180 N00215 N00127 N00114 N00272 N00079 N00249 N00123 N00236	N00040-0 N00186-1 N00032-1 N00138-0 N00134-0 N00252-1 N00148-0 N00012-1
3622	U00363	11/15/2025 01:55:00 PM	N00180 N00215 N00127 N00114 N00272 N00079 N00249 N00123 N00236	N00245-0 N00002-0 N00141-0 N00242-1 N00148-0
3623	U00363	11/12/2025 04:17:00 PM	N00180 N00215 N00127 N00114 N00272 N00079 N00249 N00123 N00236	N00023-0 N00028-0 N00082-1 N00129-0 N00190-0
3624	U00363	11/10/2025 02:09:00 PM	N00180 N00215 N00127 N00114 N00272 N00079 N00249 N00123 N00236	N00222-1 N00085-0 N00263-0 N00236-0
3625	U00363	11/14/2025 03:49:00 PM	N00180 N00215 N00127 N00114 N00272 N00079 N00249 N00123 N00236	N00232-0 N00249-0 N00013-0 N00116-1 N00193-1 N00082-1
3626	U00363	11/13/2025 11:15:00 PM	N00180 N00215 N00127 N00114 N00272 N00079 N00249 N00123 N00236	N00176-0 N00040-0 N00129-1 N00067-0 N00092-1
3627	U00363	11/14/2025 06:32:00 AM	N00180 N00215 N00127 N00114 N00272 N00079 N00249 N00123 N00236	N00153-0 N00087-0 N00204-1 N00120-0 N00079-1 N00024-0 N00158-0 N00016-0 N00086-0
3628	U00363	11/10/2025 03:17:00 PM	N00180 N00215 N00127 N00114 N00272 N00079 N00249 N00123 N00236	N00102-0 N00093-0 N00131-0 N00103-1 N00163-1
3629	U00363	11/12/2025 03:22:00 AM	N00180 N00215 N00127 N00114 N00272 N00079 N00249 N00123 N00236	N00082-1 N00114-0 N00165-0 N00049-0 N00211-0
3630	U00363	11/13/2025 01:57:00 PM	N00180 N00215 N00127 N00114 N00272 N00079 N00249 N00123 N00236	N00164-0 N00210-0 N00168-1 N00297-0 N00287-1
3631	U00364	11/12/2025 05:26:00 PM	N00129 N00003 N00058 N00207 N00181 N00059 N00152 N00079 N00157	N00032-0 N00261-0 N00275-0 N00197-0 N00207-0 N00233-1 N00157-0 N00011-0
3632	U00364	11/11/2025 08:56:00 PM	N00129 N00003 N00058 N00207 N00181 N00059 N00152 N00079 N00157	N00281-1 N00113-0 N00069-0 N00240-0 N00025-1 N00068-1 N00138-1 N00164-0
3633	U00364	11/12/2025 05:56:00 AM	N00129 N00003 N00058 N00207 N00181 N00059 N00152 N00079 N00157	N00105-0 N00029-0 N00180-1 N00009-0 N00250-0
3634	U00364	11/11/2025 11:17:00 AM	N00129 N00003 N00058 N00207 N00181 N00059 N00152 N00079 N00157	N00072-0 N00277-0 N00229-1 N00212-0 N00184-1 N00295-0
3635	U00364	11/15/2025 05:48:00 PM	N00129 N00003 N00058 N00207 N00181 N00059 N00152 N00079 N00157	N00196-1 N00042-1 N00185-0 N00117-1 N00048-0
3636	U00364	11/16/2025 03:29:00 AM	N00129 N00003 N00058 N00207 N00181 N00059 N00152 N00079 N00157	N00245-0 N00257-0 N00169-0 N00284-1 N00260-0
3637	U00364	11/12/2025 02:31:00 AM	N00129 N00003 N00058 N00207 N00181 N00059 N00152 N00079 N00157	N00226-0 N00004-0 N00015-0 N00082-1 N00250-1 N00081-1
3638	U00364	11/13/2025 06:24:00 AM	N00129 N00003 N00058 N00207 N00181 N00059 N00152 N00079 N00157	N00273-1 N00222-1 N00215-1 N00227-0 N00151-0 N00091-0 N00284-0
3639	U00364	11/15/2025 07:07:00 PM	N00129 N00003 N00058 N00207 N00181 N00059 N00152 N00079 N00157	N00199-0 N00045-1 N00139-0 N00083-0 N00104-0
3640	U00364	11/10/2025 11:40:00 PM	N00129 N00003 N00058 N00207 N00181 N00059 N00152 N00079 N00157	N00284-1 N00015-0 N00051-1 N00209-0 N00166-0 N00217-0 N00181-0 N00111-0
3641	U00365	11/14/2025 08:06:00 PM	N00038 N00091 N00075 N00031 N00048 N00224 N00028 N00107 N00100 N00170 N00067 N00085 N00178	N00288-0 N00056-0 N00083-0 N00162-0 N00282-1 N00208-0 N00234-0 N00124-1
3642	U00365	11/11/2025 11:18:00 AM	N00038 N00091 N00075 N00031 N00048 N00224 N00028 N00107 N00100 N00170 N00067 N00085 N00178	N00170-1 N00155-0 N00124-0 N00038-0 N00134-1 N00015-0 N00048-1
3643	U00365	11/10/2025 08:14:00 AM	N00038 N00091 N00075 N00031 N00048 N00224 N00028 N00107 N00100 N00170 N00067 N00085 N00178	N00214-1 N00072-0 N00065-1 N00221-0 N00226-1 N00097-0 N00060-1 N00199-0
3644	U00365	11/13/2025 10:08:00 AM	N00038 N00091 N00075 N00031 N00048 N00224 N00028 N00107 N00100 N00170 N00067 N00085 N00178	N00095-1 N00046-0 N00235-0 N00028-0 N00102-1 N00200-0
3645	U00365	11/13/2025 04:03:00 AM	N00038 N00091 N00075 N00031 N00048 N00224 N00028 N00107 N00100 N00170 N00067 N00085 N00178	N00229-0 N00178-0 N00158-1 N00115-0 N00140-0
3646	U00365	11/12/2025 02:21:00 AM	N00038 N00091 N00075 N00031 N00048 N00224 N00028 N00107 N00100 N00170 N00067 N00085 N00178	N00207-0 N00102-1 N00164-0 N00121-0 N00223-0 N00009-0 N00288-1 N00131-1 N00090-0
3647	U00365	11/12/2025 08:44:00 PM	N00038 N00091 N00075 N00031 N00048 N00224 N00028 N00107 N00100 N00170 N00067 N00085 N00178	N00062-0 N00224-1 N00207-0 N00188-0 N00156-1 N00276-0
3648	U00365	11/12/2025 02:04:00 AM	N00038 N00091 N00075 N00031 N00048 N00224 N00028 N00107 N00100 N00170 N00067 N00085 N00178	N00033-0 N00067-1 N00095-1 N00157-0 N00282-1 N00262-0
3649	U00365	11/14/2025 12:47:00 PM	N00038 N00091 N00075 N00031 N00048 N00224 N00028 N00107 N00100 N00170 N00067 N00085 N00178	N00143-0 N00232-0 N00020-1 N00208-0 N00033-0
3650	U00365	11/14/2025 02:51:00 AM	N00038 N00091 N00075 N00031 N00048 N00224 N00028 N00107 N00100 N00170 N00067 N00085 N00178	N00298-1 N00246-0 N00065-0 N00085-0 N00285-0 N00300-0
3651	U00366	11/12/2025 12:31:00 AM	N00131 N00005 N00129 N00250 N00138	N00084-0 N00012-1 N00123-1 N00226-0
3652	U00366	11/15/2025 07:04:00 PM	N00131 N00005 N00129 N00250 N00138	N00058-1 N00066-1 N00276-1 N00198-0 N00071-0 N00095-0
3653	U00366	11/14/2025 08:39:00 AM	N00131 N00005 N00129 N00250 N00138	N00005-1 N00196-1 N00276-0 N00291-1 N00290-0 N00007-0
3654	U00366	11/10/2025 11:50:00 AM	N00131 N00005 N00129 N00250 N00138	N00081-1 N00276-0 N00274-1 N00016-0 N00106-1 N00162-1
3655	U00366	11/12/2025 07:31:00 AM	N00131 N00005 N00129 N00250 N00138	N00202-0 N00125-1 N00087-1 N00292-0 N00159-0
3656	U00366	11/14/2025 12:56:00 PM	N00131 N00005 N00129 N00250 N00138	N00231-0 N00185-0 N00257-0 N00155-0 N00189-0 N00235-0 N00169-0 N00270-0 N00147-1
3657	U00366	11/11/2025 06:03:00 PM	N00131 N00005 N00129 N00250 N00138	N00019-0 N00010-0 N00017-0 N00153-0 N00283-0
3658	U00366	11/10/2025 09:33:00 PM	N00131 N00005 N00129 N00250 N00138	N00096-0 N00039-1 N00278-1 N00054-1 N00175-0 N00061-0 N00170-0 N00131-1 N00250-1
3659	U00366	11/13/2025 12:07:00 AM	N00131 N00005 N00129 N00250 N00138	N00014-0 N00253-0 N00237-1 N00055-0
3660	U00366	11/13/2025 10:54:00 AM	N00131 N00005 N00129 N00250 N00138	N00151-0 N00078-1 N00046-0 N00095-0 N00279-0 N00215-1 N00250-0 N00231-1
3661	U00367	11/10/2025 09:45:00 PM	N00185 N00145 N00258 N00119 N00153 N00110	N00052-0 N00256-1 N00240-0 N00001-0 N00121-0
3662	U00367	11/11/2025 12:34:00 AM	N00185 N00145 N00258 N00119 N00153 N00110	N00134-0 N00190-0 N00221-0 N00137-0 N00052-1 N00229-0 N00198-0
3663	U00367	11/11/2025 10:05:00 PM	N00185 N00145 N00258 N00119 N00153 N00110	N00253-1 N00086-0 N00172-0 N00159-0 N00128-0 N00151-0 N00243-0
3664	U00367	11/15/2025 10:10:00 AM	N00185 N00145 N00258 N00119 N00153 N00110	N00213-0 N00261-1 N00099-1 N00138-0
3665	U00367	11/13/2025 12:36:00 AM	N00185 N00145 N00258 N00119 N00153 N00110	N00005-0 N00110-0 N00199-0 N00263-0 N00290-0 N00276-1 N00174-1
3666	U00367	11/12/2025 01:51:00 PM	N00185 N00145 N00258 N00119 N00153 N00110	N00069-1 N00293-0 N00277-0 N00123-0 N00009-0 N00188-0
3667	U00367	11/13/2025 11:07:00 AM	N00185 N00145 N00258 N00119 N00153 N00110	N00266-1 N00235-1 N00291-1 N00193-0 N00200-0 N00163-0
3668	U00367	11/14/2025 11:53:00 AM	N00185 N00145 N00258 N00119 N00153 N00110	N00195-1 N00276-0 N00252-1 N00180-0 N00185-1 N00100-1 N00265-1 N00122-1
3669	U00367	11/14/2025 04:55:00 AM	N00185 N00145 N00258 N00119 N00153 N00110	N00202-1 N00222-0 N00066-0 N00239-0 N00018-0 N00065-0
3670	U00367	11/13/2025 06:38:00 AM	N00185 N00145 N00258 N00119 N00153 N00110	N00137-0 N00007-0 N00117-0 N00132-0 N00291-0 N00016-1 N00144-0 N00207-1
3671	U00368	11/13/2025 12:03:00 PM	N00069 N00110 N00053 N00099 N00055 N00218 N00164 N00027 N00179 N00036	N00004-0 N00086-1 N00187-1 N00091-0 N00294-0 N00056-0 N00282-0 N00147-0
3672	U00368	11/13/2025 09:33:00 PM	N00069 N00110 N00053 N00099 N00055 N00218 N00164 N00027 N00179 N00036	N00248-0 N00204-0 N00139-0 N00045-1 N00135-1 N00270-0 N00093-0 N00183-1
3673	U00368	11/15/2025 05:44:00 PM	N00069 N00110 N00053 N00099 N00055 N00218 N00164 N00027 N00179 N00036	N00261-1 N00242-0 N00185-0 N00101-0 N00156-1 N00293-0 N00227-1 N00150-0
3674	U00368	11/15/2025 10:55:00 AM	N00069 N00110 N00053 N00099 N00055 N00218 N00164 N00027 N00179 N00036	N00040-0 N00103-1 N00012-0 N00172-0 N00017-0
3675	U00368	11/12/2025 01:36:00 AM	N00069 N00110 N00053 N00099 N00055 N00218 N00164 N00027 N00179 N00036	N00071-0 N00106-0 N00285-0 N00034-1 N00026-0 N00120-0 N00202-1
3676	U00368	11/12/2025 11:27:00 AM	N00069 N00110 N00053 N00099 N00055 N00218 N00164 N00027 N00179 N00036	N00282-0 N00055-1 N00149-0 N00059-0
3677	U00368	11/11/2025 11:21:00 AM	N00069 N00110 N00053 N00099 N00055 N00218 N00164 N00027 N00179 N00036	N00205-0 N00018-0 N00126-0 N00010-0
3678	U00368	11/15/2025 11:49:00 AM	N00069 N00110 N00053 N00099 N00055 N00218 N00164 N00027 N00179 N00036	N00135-0 N00172-0 N00091-0 N00012-1 N00195-1
3679	U00368	11/11/2025 06:06:00 AM	N00069 N00110 N00053 N00099 N00055 N00218 N00164 N00027 N00179 N00036	N00016-0 N00230-1 N00024-1 N00239-0
3680	U00368	11/10/2025 01:55:00 PM	N00069 N00110 N00053 N00099 N00055 N00218 N00164 N00027 N00179 N00036	N00279-1 N00007-1 N00104-1 N00094-1 N00258-0 N00039-0
3681	U00369	11/13/2025 11:15:00 PM	N00107 N00246 N00048 N00065 N00214 N00040	N00044-0 N00206-1 N00107-1 N00266-0 N00292-0 N00078-0 N00036-0
3682	U00369	11/14/2025 06:31:00 AM	N00107 N00246 N00048 N00065 N00214 N00040	N00050-0 N00053-0 N00056-0 N00107-0 N00228-0 N00004-0 N00102-1 N00048-0 N00251-0
3683	U00369	11/14/2025 09:39:00 PM	N00107 N00246 N00048 N00065 N00214 N00040	N00208-1 N00071-0 N00296-0 N00274-1 N00028-1 N00075-0
3684	U00369	11/13/2025 09:13:00 AM	N00107 N00246 N00048 N00065 N00214 N00040	N00040-1 N00060-1 N00102-0 N00043-0 N00091-1 N00045-0 N00004-1
3685	U00369	11/12/2025 07:24:00 PM	N00107 N00246 N00048 N00065 N00214 N00040	N00072-0 N00090-1 N00015-0 N00123-0 N00026-0 N00067-1
3686	U00369	11/14/2025 04:58:00 PM	N00107 N00246 N00048 N00065 N00214 N00040	N00079-0 N00233-0 N00045-0 N00066-0 N00074-1 N00274-0 N00208-1 N00190-0
3687	U00369	11/11/2025 04:13:00 PM	N00107 N00246 N00048 N00065 N00214 N00040	N00095-0 N00090-1 N00063-0 N00274-0 N00180-0 N00197-0 N00204-0 N00269-0
3688	U00369	11/15/2025 09:04:00 AM	N00107 N00246 N00048 N00065 N00214 N00040	N00038-0 N00112-0 N00113-0 N00294-0 N00020-1 N00149-0
3689	U00369	11/14/2025 06:04:00 AM	N00107 N00246 N00048 N00065 N00214 N00040	N00038-1 N00107-0 N00158-1 N00133-0 N00134-1 N00057-0
3690	U00369	11/16/2025 03:59:00 AM	N00107 N00246 N00048 N00065 N00214 N00040	N00020-1 N00192-0 N00028-0 N00067-0 N00183-0 N00228-0 N00086-0 N00113-1 N00089-0
3691	U00370	11/16/2025 12:47:00 AM	N00185 N00056 N00205 N00055 N00136 N00015 N00084 N00008 N00017 N00070 N00279 N00210 N00278	N00083-1 N00034-0 N00009-0 N00104-0 N00093-1 N00162-0 N00022-0
3692	U00370	11/15/2025 06:37:00 PM	N00185 N00056 N00205 N00055 N00136 N00015 N00084 N00008 N00017 N00070 N00279 N00210 N00278	N00040-1 N00150-0 N00067-0 N00293-1 N00054-0 N00213-0 N00140-0 N00273-0
3693	U00370	11/11/2025 06:57:00 PM	N00185 N00056 N00205 N00055 N00136 N00015 N00084 N00008 N00017 N00070 N00279 N00210 N00278	N00271-0 N00018-1 N00246-1 N00099-0 N00197-1 N00062-1
3694	U00370	11/13/2025 06:50:00 AM	N00185 N00056 N00205 N00055 N00136 N00015 N00084 N00008 N00017 N00070 N00279 N00210 N00278	N00119-0 N00174-1 N00211-0 N00042-0 N00055-1 N00085-0 N00127-0 N00062-1
3695	U00370	11/12/2025 10:38:00 AM	N00185 N00056 N00205 N00055 N00136 N00015 N00084 N00008 N00017 N00070 N00279 N00210 N00278	N00024-1 N00193-0 N00127-0 N00082-0 N00197-1 N00166-1 N00136-0 N00156-0 N00133-0
3696	U00370	11/10/2025 10:52:00 AM	N00185 N00056 N00205 N00055 N00136 N00015 N00084 N00008 N00017 N00070 N00279 N00210 N00278	N00268-1 N00148-0 N00276-0 N00298-0
3697	U00370	11/15/2025 01:15:00 AM	N00185 N00056 N00205 N00055 N00136 N00015 N00084 N00008 N00017 N00070 N00279 N00210 N00278	N00161-1 N00062-1 N00188-0 N00215-0
3698	U00370	11/13/2025 04:01:00 PM	N00185 N00056 N00205 N00055 N00136 N00015 N00084 N00008 N00017 N00070 N00279 N00210 N00278	N00008-1 N00233-0 N00195-0 N00264-1 N00058-0 N00114-0 N00003-0 N00081-0 N00026-0
3699	U00370	11/11/2025 06:00:00 PM	N00185 N00056 N00205 N00055 N00136 N00015 N00084 N00008 N00017 N00070 N00279 N00210 N00278	N00103-1 N00054-0 N00075-0 N00038-0 N00245-1 N00008-0
3700	U00370	11/15/2025 01:49:00 PM	N00185 N00056 N00205 N00055 N00136 N00015 N00084 N00008 N00017 N00070 N00279 N00210 N00278	N00124-0 N00154-0 N00242-0 N00238-0 N00281-0 N00184-0
3701	U00371	11/14/2025 09:29:00 AM	N00226 N00020 N00074 N00288 N00090	N00208-0 N00027-0 N00144-0 N00110-0 N00246-0 N00113-1
3702	U00371	11/11/2025 10:24:00 PM	N00226 N00020 N00074 N00288 N00090	N00208-0 N00065-0 N00259-0 N00276-0
3703	U00371	11/11/2025 12:18:00 PM	N00226 N00020 N00074 N00288 N00090	N00011-0 N00020-0 N00209-0 N00143-0 N00214-0
3704	U00371	11/11/2025 08:45:00 PM	N00226 N00020 N00074 N00288 N00090	N00113-0 N00092-0 N00028-0 N00031-0 N00208-0 N00211-0 N00171-0
3705	U00371	11/11/2025 01:35:00 PM	N00226 N00020 N00074 N00288 N00090	N00117-1 N00006-1 N00292-0 N00123-0 N00074-1 N00130-0 N00031-0
3706	U00371	11/11/2025 11:46:00 PM	N00226 N00020 N00074 N00288 N00090	N00226-1 N00067-1 N00285-0 N00224-1 N00112-0 N00031-1 N00168-0
3707	U00371	11/13/2025 08:58:00 PM	N00226 N00020 N00074 N00288 N00090	N00113-1 N00143-0 N00104-0 N00186-0 N00175-0
3708	U00371	11/16/2025 05:48:00 AM	N00226 N00020 N00074 N00288 N00090	N00298-0 N00004-1 N00259-0 N00040-1 N00009-0 N00033-0 N00091-0 N00056-0
3709	U00371	11/15/2025 05:37:00 PM	N00226 N00020 N00074 N00288 N00090	N00291-0 N00247-0 N00158-1 N00007-0 N00165-1 N00113-1 N00117-0 N00017-0
3710	U00371	11/14/2025 03:49:00 AM	N00226 N00020 N00074 N00288 N00090	N00258-0 N00102-0 N00100-1 N00031-0 N00274-1 N00105-0 N00194-0 N00181-0
3711	U00372	11/14/2025 12:05:00 AM	N00003 N00123 N00116 N00118 N00228 N00129 N00249 N00043 N00229 N00080 N00270 N00181 N00105 N00010	N00004-0 N00242-0 N00205-0 N00240-0 N00278-0 N00140-0 N00203-1
3712	U00372	11/16/2025 12:42:00 AM	N00003 N00123 N00116 N00118 N00228 N00129 N00249 N00043 N00229 N00080 N00270 N00181 N00105 N00010	N00181-1 N00066-0 N00003-0 N00062-0 N00285-0
3713	U00372	11/12/2025 12:49:00 PM	N00003 N00123 N00116 N00118 N00228 N00129 N00249 N00043 N00229 N00080 N00270 N00181 N00105 N00010	N00111-0 N00126-0 N00069-0 N00051-0 N00138-1 N00179-0 N00011-0
3714	U00372	11/13/2025 07:59:00 AM	N00003 N00123 N00116 N00118 N00228 N00129 N00249 N00043 N00229 N00080 N00270 N00181 N00105 N00010	N00013-0 N00152-1 N00156-0 N00024-0 N00107-0 N00073-1 N00194-1
3715	U00372	11/12/2025 10:26:00 PM	N00003 N00123 N00116 N00118 N00228 N00129 N00249 N00043 N00229 N00080 N00270 N00181 N00105 N00010	N00181-0 N00006-0 N00233-0 N00126-0 N00185-0 N00144-0
3716	U00372	11/16/2025 04:42:00 AM	N00003 N00123 N00116 N00118 N00228 N00129 N00249 N00043 N00229 N00080 N00270 N00181 N00105 N00010	N00197-0 N00022-1 N00097-0 N00254-1 N00104-0 N00159-0
3717	U00372	11/11/2025 09:28:00 AM	N00003 N00123 N00116 N00118 N00228 N00129 N00249 N00043 N00229 N00080 N00270 N00181 N00105 N00010	N00097-0 N00001-1 N00055-0 N00281-1 N00189-0 N00124-0
3718	U00372	11/13/2025 12:46:00 PM	N00003 N00123 N00116 N00118 N00228 N00129 N00249 N00043 N00229 N00080 N00270 N00181 N00105 N00010	N00220-0 N00275-0 N00215-1 N00169-0 N00289-0 N00159-0 N00267-0
3719	U00372	11/12/2025 05:44:00 PM	N00003 N00123 N00116 N00118 N00228 N00129 N00249 N00043 N00229 N00080 N00270 N00181 N00105 N00010	N00046-0 N00222-1 N00270-1 N00047-1 N00209-1 N00023-0
3720	U00372	11/15/2025 12:58:00 AM	N00003 N00123 N00116 N00118 N00228 N00129 N00249 N00043 N00229 N00080 N00270 N00181 N00105 N00010	N00180-0 N00211-0 N00153-1 N00002-1 N00129-1
3721	U00373	11/12/2025 06:24:00 AM	N00118 N00284 N00063 N00045 N00109 N00059 N00250 N00199 N00022	N00052-1 N00114-1 N00270-1 N00226-0 N00173-0
3722	U00373	11/10/2025 11:00:00 AM	N00118 N00284 N00063 N00045 N00109 N00059 N00250 N00199 N00022	N00137-0 N00135-0 N00060-0 N00286-0 N00099-0 N00125-1
3723	U00373	11/12/2025 11:24:00 PM	N00118 N00284 N00063 N00045 N00109 N00059 N00250 N00199 N00022	N00181-0 N00051-0 N00062-0 N00010-0 N00178-0 N00245-0 N00232-0
3724	U00373	11/11/2025 01:27:00 PM	N00118 N00284 N00063 N00045 N00109 N00059 N00250 N00199 N00022	N00186-1 N00213-0 N00229-1 N00031-0 N00201-0 N00209-1
3725	U00373	11/12/2025 10:25:00 AM	N00118 N00284 N00063 N00045 N00109 N00059 N00250 N00199 N00022	N00173-0 N00298-0 N00160-0 N00253-0 N00126-0 N00111-0
3726	U00373	11/11/2025 11:56:00 AM	N00118 N00284 N00063 N00045 N00109 N00059 N00250 N00199 N00022	N00183-0 N00215-0 N00115-0 N00082-1 N00186-1 N00071-0
3727	U00373	11/10/2025 01:16:00 PM	N00118 N00284 N00063 N00045 N00109 N00059 N00250 N00199 N00022	N00296-0 N00132-1 N00001-1 N00276-1 N00208-0
3728	U00373	11/15/2025 09:06:00 PM	N00118 N00284 N00063 N00045 N00109 N00059 N00250 N00199 N00022	N00247-0 N00273-1 N00292-1 N00115-0 N00180-0 N00039-0 N00076-1
3729	U00373	11/12/2025 07:58:00 AM	N00118 N00284 N00063 N00045 N00109 N00059 N00250 N00199 N00022	N00145-0 N00134-0 N00229-0 N00138-0 N00154-1 N00201-0 N00223-0
3730	U00373	11/13/2025 02:13:00 AM	N00118 N00284 N00063 N00045 N00109 N00059 N00250 N00199 N00022	N00169-1 N00288-0 N00025-0 N00119-0 N00273-0 N00267-0
3731	U00374	11/11/2025 11:51:00 AM	N00133 N00183 N00002 N00081 N00024 N00017 N00016 N00192 N00099 N00241 N00195 N00018	N00145-0 N00250-1 N00272-0 N00023-1 N00169-0 N00136-0
3732	U00374	11/11/2025 05:41:00 AM	N00133 N00183 N00002 N00081 N00024 N00017 N00016 N00192 N00099 N00241 N00195 N00018	N00238-1 N00074-0 N00017-0 N00107-1 N00066-0 N00106-1 N00091-0
3733	U00374	11/13/2025 04:23:00 AM	N00133 N00183 N00002 N00081 N00024 N00017 N00016 N00192 N00099 N00241 N00195 N00018	N00248-1 N00025-0 N00016-0 N00089-1 N00214-0
3734	U00374	11/10/2025 09:17:00 PM	N00133 N00183 N00002 N00081 N00024 N00017 N00016 N00192 N00099 N00241 N00195 N00018	N00091-0 N00226-0 N00178-0 N00221-0 N00137-1
3735	U00374	11/12/2025 03:51:00 AM	N00133 N00183 N00002 N00081 N00024 N00017 N00016 N00192 N00099 N00241 N00195 N00018	N00096-0 N00223-0 N00298-0 N00222-0 N00190-0 N00235-1 N00185-0 N00189-0 N00024-0
3736	U00374	11/14/2025 05:32:00 AM	N00133 N00183 N00002 N00081 N00024 N00017 N00016 N00192 N00099 N00241 N00195 N00018	N00180-0 N00275-1 N00084-1 N00154-0 N00111-0 N00203-0 N00058-1 N00130-0 N00227-1
3737	U00374	11/11/2025 01:13:00 AM	N00133 N00183 N00002 N00081 N00024 N00017 N00016 N00192 N00099 N00241 N00195 N00018	N00054-1 N00003-0 N00233-0 N00075-0 N00140-0
3738	U00374	11/11/2025 11:21:00 AM	N00133 N00183 N00002 N00081 N00024 N00017 N00016 N00192 N00099 N00241 N00195 N00018	N00214-0 N00244-1 N00285-0 N00076-1 N00034-0 N00221-1
3739	U00374	11/16/2025 12:28:00 AM	N00133 N00183 N00002 N00081 N00024 N00017 N00016 N00192 N00099 N00241 N00195 N00018	N00036-1 N00021-1 N00087-0 N00057-0 N00210-1 N00215-0
3740	U00374	11/13/2025 02:25:00 AM	N00133 N00183 N00002 N00081 N00024 N00017 N00016 N00192 N00099 N00241 N00195 N00018	N00001-0 N00178-0 N00136-0 N00280-1 N00048-0
3741	U00375	11/16/2025 12:59:00 AM	N00288 N00048 N00028 N00074 N00088 N00038 N00091 N00188 N00100 N00143 N00170 N00107 N00208 N00224	N00050-0 N00003-0 N00097-1 N00165-1 N00002-0 N00291-0
3742	U00375	11/10/2025 05:54:00 PM	N00288 N00048 N00028 N00074 N00088 N00038 N00091 N00188 N00100 N00143 N00170 N00107 N00208 N00224	N00113-0 N00169-1 N00063-1 N00027-0 N00107-1 N00181-0 N00136-0 N00020-0 N00246-1
3743	U00375	11/12/2025 07:15:00 AM	N00288 N00048 N00028 N00074 N00088 N00038 N00091 N00188 N00100 N00143 N00170 N00107 N00208 N00224	N00134-1 N00088-1 N00077-0 N00222-0 N00214-0 N00161-0 N00058-0
3744	U00375	11/13/2025 06:41:00 PM	N00288 N00048 N00028 N00074 N00088 N00038 N00091 N00188 N00100 N00143 N00170 N00107 N00208 N00224	N00090-1 N00095-0 N00010-0 N00051-0 N00148-0 N00274-0 N00253-0 N00188-1
3745	U00375	11/14/2025 12:13:00 PM	N00288 N00048 N00028 N00074 N00088 N00038 N00091 N00188 N00100 N00143 N00170 N00107 N00208 N00224	N00224-1 N00052-1 N00048-0 N00169-0
3746	U00375	11/10/2025 06:22:00 PM	N00288 N00048 N00028 N00074 N00088 N00038 N00091 N00188 N00100 N00143 N00170 N00107 N00208 N00224	N00091-0 N00040-1 N00097-0 N00089-0 N00014-0
3747	U00375	11/12/2025 07:34:00 AM	N00288 N00048 N00028 N00074 N00088 N00038 N00091 N00188 N00100 N00143 N00170 N00107 N00208 N00224	N00199-0 N00074-0 N00025-0 N00095-0 N00016-0
3748	U00375	11/12/2025 12:26:00 PM	N00288 N00048 N00028 N00074 N00088 N00038 N00091 N00188 N00100 N00143 N00170 N00107 N00208 N00224	N00213-0 N00126-0 N00088-0 N00048-0 N00099-0
3749	U00375	11/15/2025 06:23:00 PM	N00288 N00048 N00028 N00074 N00088 N00038 N00091 N00188 N00100 N00143 N00170 N00107 N00208 N00224	N00065-1 N00276-0 N00076-0 N00299-1 N00043-0 N00094-0 N00241-1
3750	U00375	11/14/2025 05:37:00 AM	N00288 N00048 N00028 N00074 N00088 N00038 N00091 N00188 N00100 N00143 N00170 N00107 N00208 N00224	N00224-0 N00028-0 N00012-0 N00113-1 N00278-0 N00162-0
3751	U00376	11/12/2025 03:06:00 PM	N00017 N00159 N00227 N00096 N00077 N00217 N00089 N00093 N00263 N00016 N00053	N00277-1 N00073-0 N00169-0 N00140-1
3752	U00376	11/12/2025 04:06:00 AM	N00017 N00159 N00227 N00096 N00077 N00217 N00089 N00093 N00263 N00016 N00053	N00056-1 N00095-0 N00281-0 N00256-0 N00249-0 N00170-0 N00019-1
3753	U00376	11/12/2025 12:35:00 PM	N00017 N00159 N00227 N00096 N00077 N00217 N00089 N00093 N00263 N00016 N00053	N00067-0 N00122-0 N00269-0 N00206-0 N00217-1
3754	U00376	11/13/2025 07:11:00 AM	N00017 N00159 N00227 N00096 N00077 N00217 N00089 N00093 N00263 N00016 N00053	N00191-0 N00220-0 N00063-0 N00271-1
3755	U00376	11/15/2025 01:40:00 AM	N00017 N00159 N00227 N00096 N00077 N00217 N00089 N00093 N00263 N00016 N00053	N00033-1 N00164-0 N00261-1 N00185-0 N00107-0 N00229-0 N00092-1 N00183-0 N00297-1
3756	U00376	11/14/2025 02:01:00 AM	N00017 N00159 N00227 N00096 N00077 N00217 N00089 N00093 N00263 N00016 N00053	N00296-1 N00052-0 N00077-1 N00186-0 N00268-1 N00107-1
3757	U00376	11/14/2025 01:10:00 AM	N00017 N00159 N00227 N00096 N00077 N00217 N00089 N00093 N00263 N00016 N00053	N00046-1 N00138-0 N00219-0 N00005-0 N00256-1 N00186-0
3758	U00376	11/15/2025 03:21:00 AM	N00017 N00159 N00227 N00096 N00077 N00217 N00089 N00093 N00263 N00016 N00053	N00107-0 N00188-0 N00019-1 N00251-1 N00217-1 N00082-0 N00228-0 N00211-0
3759	U00376	11/13/2025 05:10:00 AM	N00017 N00159 N00227 N00096 N00077 N00217 N00089 N00093 N00263 N00016 N00053	N00112-0 N00057-1 N00180-0 N00043-0 N00300-0 N00277-0 N00093-0
3760	U00376	11/14/2025 07:56:00 AM	N00017 N00159 N00227 N00096 N00077 N00217 N00089 N00093 N00263 N00016 N00053	N00118-0 N00111-0 N00087-1 N00161-0 N00233-0 N00188-0 N00035-1
3761	U00377	11/10/2025 05:39:00 PM	N00071 N00145 N00151 N00148 N00220 N00136 N00016	N00153-1 N00188-1 N00189-0 N00021-0 N00206-1 N00132-1 N00290-0
3762	U00377	11/11/2025 08:17:00 PM	N00071 N00145 N00151 N00148 N00220 N00136 N00016	N00194-0 N00279-1 N00148-0 N00232-0 N00286-0 N00195-1 N00197-0
3763	U00377	11/15/2025 06:21:00 AM	N00071 N00145 N00151 N00148 N00220 N00136 N00016	N00121-0 N00275-1 N00257-0 N00256-0 N00230-0 N00273-0 N00145-0
3764	U00377	11/13/2025 03:40:00 AM	N00071 N00145 N00151 N00148 N00220 N00136 N00016	N00223-0 N00061-1 N00100-0 N00042-1 N00263-0
3765	U00377	11/12/2025 10:06:00 PM	N00071 N00145 N00151 N00148 N00220 N00136 N00016	N00140-0 N00146-0 N00150-1 N00133-1 N00167-0 N00047-0 N00273-0
3766	U00377	11/12/2025 04:21:00 AM	N00071 N00145 N00151 N00148 N00220 N00136 N00016	N00222-0 N00049-0 N00196-0 N00116-1 N00036-1 N00241-0 N00038-0 N00246-0
3767	U00377	11/12/2025 09:53:00 AM	N00071 N00145 N00151 N00148 N00220 N00136 N00016	N00152-0 N00129-0 N00077-0 N00099-0 N00270-0 N00141-0 N00166-0 N00103-1
3768	U00377	11/12/2025 11:51:00 PM	N00071 N00145 N00151 N00148 N00220 N00136 N00016	N00031-0 N00115-0 N00162-0 N00156-1 N00226-0 N00034-1 N00254-0
3769	U00377	11/15/2025 08:22:00 AM	N00071 N00145 N00151 N00148 N00220 N00136 N00016	N00275-1 N00034-0 N00264-0 N00234-0
3770	U00377	11/13/2025 06:17:00 PM	N00071 N00145 N00151 N00148 N00220 N00136 N00016	N00004-0 N00205-0 N00225-1 N00132-0 N00082-0 N00170-0 N00066-0
3771	U00378	11/13/2025 01:47:00 AM	N00256 N00172 N00279 N00164 N00008 N00056 N00289 N00049 N00195 N00029 N00103 N00110 N00278	N00103-1 N00035-1 N00100-0 N00122-1 N00149-1 N00231-0
3772	U00378	11/12/2025 06:34:00 PM	N00256 N00172 N00279 N00164 N00008 N00056 N00289 N00049 N00195 N00029 N00103 N00110 N00278	N00015-1 N00223-0 N00013-0 N00187-0 N00277-1 N00076-0 N00173-0 N00105-0
3773	U00378	11/16/2025 05:43:00 AM	N00256 N00172 N00279 N00164 N00008 N00056 N00289 N00049 N00195 N00029 N00103 N00110 N00278	N00179-0 N00048-0 N00266-0 N00175-0 N00022-0 N00174-1 N00279-1
3774	U00378	11/12/2025 02:56:00 PM	N00256 N00172 N00279 N00164 N00008 N00056 N00289 N00049 N00195 N00029 N00103 N00110 N00278	N00048-0 N00055-0 N00084-1 N00056-1 N00047-0
3775	U00378	11/10/2025 02:08:00 PM	N00256 N00172 N00279 N00164 N00008 N00056 N00289 N00049 N00195 N00029 N00103 N00110 N00278	N00093-1 N00030-1 N00123-0 N00023-1 N00296-1 N00229-0
3776	U00378	11/13/2025 02:25:00 PM	N00256 N00172 N00279 N00164 N00008 N00056 N00289 N00049 N00195 N00029 N00103 N00110 N00278	N00073-0 N00141-0 N00150-0 N00044-0 N00096-1 N00219-1 N00128-0 N00231-0
3777	U00378	11/14/2025 05:12:00 PM	N00256 N00172 N00279 N00164 N00008 N00056 N00289 N00049 N00195 N00029 N00103 N00110 N00278	N00093-1 N00246-0 N00080-0 N00052-1 N00188-0 N00028-1 N00115-1 N00241-0
3778	U00378	11/14/2025 11:35:00 AM	N00256 N00172 N00279 N00164 N00008 N00056 N00289 N00049 N00195 N00029 N00103 N00110 N00278	N00051-0 N00217-0 N00291-0 N00052-0
3779	U00378	11/11/2025 01:04:00 PM	N00256 N00172 N00279 N00164 N00008 N00056 N00289 N00049 N00195 N00029 N00103 N00110 N00278	N00208-0 N00195-0 N00241-0 N00279-1 N00223-0 N00155-0 N00244-0
3780	U00378	11/12/2025 11:26:00 AM	N00256 N00172 N00279 N00164 N00008 N00056 N00289 N00049 N00195 N00029 N00103 N00110 N00278	N00234-0 N00172-1 N00292-0 N00166-0 N00245-1 N00036-0 N00057-0 N00202-1 N00264-0
3781	U00379	11/16/2025 12:19:00 AM	N00144 N00150 N00154 N00110 N00126 N00101 N00205 N00015 N00122 N00268 N00130 N00166 N00213	N00093-1 N00065-1 N00211-0 N00051-0 N00121-0 N00261-1 N00090-0
3782	U00379	11/11/2025 08:00:00 PM	N00144 N00150 N00154 N00110 N00126 N00101 N00205 N00015 N00122 N00268 N00130 N00166 N00213	N00168-0 N00261-1 N00196-0 N00172-0 N00230-0
3783	U00379	11/15/2025 10:27:00 PM	N00144 N00150 N00154 N00110 N00126 N00101 N00205 N00015 N00122 N00268 N00130 N00166 N00213	N00256-0 N00219-0 N00101-0 N00040-0 N00289-1 N00081-0 N00255-1
3784	U00379	11/12/2025 08:58:00 AM	N00144 N00150 N00154 N00110 N00126 N00101 N00205 N00015 N00122 N00268 N00130 N00166 N00213	N00279-0 N00293-0 N00139-0 N00096-0 N00201-0 N00147-0 N00250-0 N00081-1
3785	U00379	11/10/2025 04:23:00 PM	N00144 N00150 N00154 N00110 N00126 N00101 N00205 N00015 N00122 N00268 N00130 N00166 N00213	N00242-0 N00051-0 N00151-0 N00084-1 N00190-0 N00283-0
3786	U00379	11/11/2025 02:49:00 AM	N00144 N00150 N00154 N00110 N00126 N00101 N00205 N00015 N00122 N00268 N00130 N00166 N00213	N00202-1 N00247-0 N00238-0 N00142-0 N00194-0 N00252-0
3787	U00379	11/11/2025 02:00:00 PM	N00144 N00150 N00154 N00110 N00126 N00101 N00205 N00015 N00122 N00268 N00130 N00166 N00213	N00058-0 N00187-0 N00228-0 N00008-0 N00168-0 N00277-1 N00144-0 N00060-0
3788	U00379	11/10/2025 12:45:00 PM	N00144 N00150 N00154 N00110 N00126 N00101 N00205 N00015 N00122 N00268 N00130 N00166 N00213	N00189-0 N00135-0 N00014-1 N00172-1 N00192-1 N00222-0 N00207-0 N00266-0
3789	U00379	11/11/2025 01:36:00 AM	N00144 N00150 N00154 N00110 N00126 N00101 N00205 N00015 N00122 N00268 N00130 N00166 N00213	N00105-0 N00127-0 N00193-0 N00067-0 N00217-0 N00079-0 N00174-0
3790	U00379	11/14/2025 07:36:00 AM	N00144 N00150 N00154 N00110 N00126 N00101 N00205 N00015 N00122 N00268 N00130 N00166 N00213	N00300-0 N00154-1 N00041-0 N00105-0 N00198-1 N00144-0 N00092-0 N00289-1
3791	U00380	11/13/2025 08:42:00 PM	N00273 N00092 N00146 N00047 N00131 N00120 N00228 N00272 N00184 N00043	N00100-0 N00036-0 N00011-1 N00233-0 N00001-0 N00226-0 N00039-1 N00042-1
3792	U00380	11/12/2025 06:27:00 AM	N00273 N00092 N00146 N00047 N00131 N00120 N00228 N00272 N00184 N00043	N00055-0 N00218-0 N00157-1 N00086-0 N00083-0 N00041-1 N00082-1 N00185-0
3793	U00380	11/15/2025 02:50:00 PM	N00273 N00092 N00146 N00047 N00131 N00120 N00228 N00272 N00184 N00043	N00112-1 N00286-0 N00190-0 N00071-0 N00047-0 N00273-1
3794	U00380	11/15/2025 05:17:00 PM	N00273 N00092 N00146 N00047 N00131 N00120 N00228 N00272 N00184 N00043	N00214-0 N00291-1 N00064-0 N00094-0 N00235-0 N00146-0 N00098-1 N00078-1 N00059-1
3795	U00380	11/13/2025 05:33:00 AM	N00273 N00092 N00146 N00047 N00131 N00120 N00228 N00272 N00184 N00043	N00260-0 N00041-0 N00063-1 N00192-0 N00113-0 N00273-1
3796	U00380	11/15/2025 03:33:00 AM	N00273 N00092 N00146 N00047 N00131 N00120 N00228 N00272 N00184 N00043	N00140-0 N00211-0 N00039-0 N00144-0 N00117-1 N00293-0 N00165-0 N00096-0
3797	U00380	11/14/2025 11:55:00 AM	N00273 N00092 N00146 N00047 N00131 N00120 N00228 N00272 N00184 N00043	N00040-0 N00292-1 N00089-0 N00080-0
3798	U00380	11/11/2025 06:39:00 PM	N00273 N00092 N00146 N00047 N00131 N00120 N00228 N00272 N00184 N00043	N00124-0 N00142-0 N00234-0 N00183-1 N00034-0 N00153-0 N00022-1
3799	U00380	11/15/2025 01:39:00 PM	N00273 N00092 N00146 N00047 N00131 N00120 N00228 N00272 N00184 N00043	N00073-1 N00046-0 N00082-1 N00286-1 N00300-1 N00210-0
3800	U00380	11/15/2025 12:24:00 AM	N00273 N00092 N00146 N00047 N00131 N00120 N00228 N00272 N00184 N00043	N00032-0 N00142-0 N00189-1 N00206-1 N00072-0 N00087-0
3801	U00381	11/12/2025 06:47:00 AM	N00174 N00289 N00173 N00140 N00251 N00053 N00195 N00268 N00052	N00244-0 N00166-0 N00194-0 N00084-0 N00224-0 N00155-1
3802	U00381	11/13/2025 10:53:00 AM	N00174 N00289 N00173 N00140 N00251 N00053 N00195 N00268 N00052	N00085-0 N00268-1 N00195-0 N00062-1 N00155-0 N00289-1
3803	U00381	11/14/2025 02:42:00 PM	N00174 N00289 N00173 N00140 N00251 N00053 N00195 N00268 N00052	N00166-1 N00253-0 N00164-1 N00075-0 N00011-0
3804	U00381	11/15/2025 01:03:00 AM	N00174 N00289 N00173 N00140 N00251 N00053 N00195 N00268 N00052	N00032-0 N00213-0 N00016-0 N00170-0 N00079-0 N00029-1 N00058-0
3805	U00381	11/12/2025 08:38:00 PM	N00174 N00289 N00173 N00140 N00251 N00053 N00195 N00268 N00052	N00017-0 N00174-1 N00034-1 N00168-0 N00182-0
3806	U00381	11/11/2025 04:14:00 AM	N00174 N00289 N00173 N00140 N00251 N00053 N00195 N00268 N00052	N00284-0 N00030-0 N00123-0 N00056-0
3807	U00381	11/15/2025 12:16:00 PM	N00174 N00289 N00173 N00140 N00251 N00053 N00195 N00268 N00052	N00277-0 N00114-0 N00076-0 N00050-0 N00048-0 N00264-0 N00007-0 N00132-0
3808	U00381	11/12/2025 03:18:00 AM	N00174 N00289 N00173 N00140 N00251 N00053 N00195 N00268 N00052	N00052-1 N00178-0 N00059-0 N00230-0 N00030-1 N00289-0
3809	U00381	11/13/2025 04:22:00 PM	N00174 N00289 N00173 N00140 N00251 N00053 N00195 N00268 N00052	N00167-0 N00055-0 N00016-0 N00154-1 N00162-0 N00131-0 N00177-0
3810	U00381	11/12/2025 09:43:00 PM	N00174 N00289 N00173 N00140 N00251 N00053 N00195 N00268 N00052	N00144-1 N00049-1 N00117-0 N00108-0 N00033-1 N00044-1 N00027-0
3811	U00382	11/10/2025 11:08:00 PM	N00128 N00082 N00231 N00118	N00056-0 N00160-1 N00061-0 N00203-1 N00174-0
3812	U00382	11/13/2025 11:11:00 AM	N00128 N00082 N00231 N00118	N00134-0 N00085-0 N00118-0 N00265-0 N00012-1
3813	U00382	11/12/2025 04:03:00 PM	N00128 N00082 N00231 N00118	N00286-1 N00181-0 N00141-1 N00175-1 N00106-0
3814	U00382	11/11/2025 06:48:00 PM	N00128 N00082 N00231 N00118	N00023-0 N00090-0 N00231-1 N00139-1 N00279-0 N00224-0
3815	U00382	11/14/2025 01:49:00 PM	N00128 N00082 N00231 N00118	N00021-0 N00198-0 N00259-0 N00117-1 N00033-0
3816	U00382	11/14/2025 12:28:00 AM	N00128 N00082 N00231 N00118	N00218-0 N00043-1 N00160-0 N00261-0
3817	U00382	11/14/2025 02:00:00 PM	N00128 N00082 N00231 N00118	N00163-1 N00286-1 N00264-0 N00199-0 N00201-0 N00234-0
3818	U00382	11/11/2025 10:02:00 PM	N00128 N00082 N00231 N00118	N00052-0 N00011-1 N00261-0 N00161-0 N00002-1 N00010-1
3819	U00382	11/15/2025 08:08:00 AM	N00128 N00082 N00231 N00118	N00132-0 N00239-1 N00020-0 N00037-0
3820	U00382	11/11/2025 12:36:00 PM	N00128 N00082 N00231 N00118	N00118-0 N00224-0 N00108-1 N00290-1 N00208-0 N00079-0 N00046-0
3821	U00383	11/14/2025 07:04:00 AM	N00257 N00132 N00218 N00145	N00071-1 N00204-1 N00179-0 N00178-0
3822	U00383	11/16/2025 02:15:00 AM	N00257 N00132 N00218 N00145	N00014-1 N00068-0 N00018-0 N00158-1 N00246-0
3823	U00383	11/16/2025 06:05:00 AM	N00257 N00132 N00218 N00145	N00084-1 N00182-0 N00056-0 N00244-0 N00010-0
3824	U00383	11/11/2025 04:34:00 AM	N00257 N00132 N00218 N00145	N00194-0 N00180-0 N00151-0 N00147-1 N00234-0 N00239-0 N00178-0
3825	U00383	11/14/2025 12:21:00 AM	N00257 N00132 N00218 N00145	N00090-1 N00142-0 N00221-0 N00182-0 N00116-0 N00151-1 N00189-0 N00121-0 N00132-0
3826	U00383	11/15/2025 06:26:00 AM	N00257 N00132 N00218 N00145	N00081-0 N00194-1 N00153-1 N00142-0
3827	U00383	11/15/2025 01:12:00 PM	N00257 N00132 N00218 N00145	N00055-0 N00158-1 N00069-0 N00111-0 N00204-0 N00265-1 N00270-1 N00066-0
3828	U00383	11/11/2025 04:40:00 PM	N00257 N00132 N00218 N00145	N00256-1 N00090-0 N00135-0 N00025-1 N00137-1 N00177-1 N00065-0 N00226-0
3829	U00383	11/15/2025 09:26:00 AM	N00257 N00132 N00218 N00145	N00152-0 N00037-1 N00079-1 N00126-0 N00060-1 N00036-0 N00261-0 N00206-1
3830	U00383	11/12/2025 12:10:00 PM	N00257 N00132 N00218 N00145	N00062-0 N00081-1 N00292-0 N00221-1 N00115-0 N00185-0 N00088-0 N00089-1
3831	U00384	11/15/2025 06:30:00 PM	N00085 N00165 N00134 N00097 N00107 N00091 N00048	N00249-1 N00102-0 N00283-0 N00221-0 N00208-1 N00288-0
3832	U00384	11/11/2025 09:41:00 AM	N00085 N00165 N00134 N00097 N00107 N00091 N00048	N00038-0 N00006-1 N00268-0 N00067-1 N00048-1
3833	U00384	11/13/2025 12:16:00 PM	N00085 N00165 N00134 N00097 N00107 N00091 N00048	N00288-0 N00285-0 N00026-0 N00260-0 N00102-0 N00244-0 N00104-0
3834	U00384	11/13/2025 06:43:00 PM	N00085 N00165 N00134 N00097 N00107 N00091 N00048	N00185-0 N00300-0 N00224-0 N00071-0 N00080-0 N00219-0 N00214-0
3835	U00384	11/13/2025 05:31:00 AM	N00085 N00165 N00134 N00097 N00107 N00091 N00048	N00276-0 N00088-1 N00038-1 N00158-0 N00025-0 N00283-1 N00092-0
3836	U00384	11/12/2025 10:21:00 PM	N00085 N00165 N00134 N00097 N00107 N00091 N00048	N00170-0 N00104-0 N00165-0 N00186-0 N00060-0 N00006-0 N00243-0
3837	U00384	11/12/2025 02:42:00 AM	N00085 N00165 N00134 N00097 N00107 N00091 N00048	N00038-1 N00185-0 N00250-0 N00188-1 N00216-0 N00134-1 N00009-0
3838	U00384	11/12/2025 04:37:00 PM	N00085 N00165 N00134 N00097 N00107 N00091 N00048	N00297-1 N00127-0 N00214-0 N00102-1 N00008-0 N00254-1 N00279-0
3839	U00384	11/14/2025 05:35:00 PM	N00085 N00165 N00134 N00097 N00107 N00091 N00048	N00088-0 N00091-1 N00086-0 N00250-0 N00054-0 N00202-0 N00241-0
3840	U00384	11/11/2025 09:40:00 AM	N00085 N00165 N00134 N00097 N00107 N00091 N00048	N00091-1 N00048-0 N00090-1 N00027-0 N00103-0 N00074-0
3841	U00385	11/11/2025 05:29:00 PM	N00020 N00090 N00208 N00065	N00138-0 N00238-0 N00102-0 N00067-1 N00033-0 N00211-0
3842	U00385	11/16/2025 12:18:00 AM	N00020 N00090 N00208 N00065	N00089-0 N00158-1 N00113-1 N00110-0 N00288-0 N00154-0
3843	U00385	11/14/2025 08:32:00 AM	N00020 N00090 N00208 N00065	N00299-0 N00208-1 N00026-0 N00053-0 N00212-0 N00182-0
3844	U00385	11/16/2025 05:41:00 AM	N00020 N00090 N00208 N00065	N00063-0 N00107-1 N00074-1 N00298-1 N00168-0 N00045-0 N00073-0
3845	U00385	11/12/2025 02:29:00 AM	N00020 N00090 N00208 N00065	N00165-0 N00170-0 N00280-0 N00246-0 N00276-0 N00070-0
3846	U00385	11/15/2025 07:50:00 AM	N00020 N00090 N00208 N00065	N00033-0 N00187-0 N00205-0 N00290-0 N00009-1 N00099-0 N00224-0
3847	U00385	11/16/2025 01:16:00 AM	N00020 N00090 N00208 N00065	N00048-1 N00003-0 N00027-1 N00100-1 N00040-1 N00074-1 N00232-0
3848	U00385	11/13/2025 04:11:00 PM	N00020 N00090 N00208 N00065	N00178-1 N00102-1 N00091-0 N00165-0 N00049-0 N00006-0
3849	U00385	11/11/2025 05:02:00 PM	N00020 N00090 N00208 N00065	N00067-0 N00163-0 N00158-1 N00278-0 N00146-0 N00084-0 N00288-1 N00300-0
3850	U00385	11/13/2025 03:02:00 PM	N00020 N00090 N00208 N00065	N00080-1 N00218-0 N00142-0 N00182-0 N00100-0 N00170-0 N00169-0
3851	U00386	11/14/2025 09:58:00 PM	N00127 N00117 N00204 N00003 N00079 N00160 N00059 N00199 N00253 N00129	N00066-1 N00059-0 N00008-0 N00279-0 N00295-0 N00207-0 N00282-0 N00198-0
3852	U00386	11/13/2025 03:39:00 AM	N00127 N00117 N00204 N00003 N00079 N00160 N00059 N00199 N00253 N00129	N00073-1 N00148-0 N00103-0 N00063-0 N00237-1 N00017-0 N00282-0
3853	U00386	11/11/2025 09:52:00 AM	N00127 N00117 N00204 N00003 N00079 N00160 N00059 N00199 N00253 N00129	N00005-0 N00043-1 N00079-1 N00297-1 N00274-0 N00236-0
3854	U00386	11/11/2025 04:44:00 AM	N00127 N00117 N00204 N00003 N00079 N00160 N00059 N00199 N00253 N00129	N00180-0 N00125-0 N00276-1 N00189-1 N00268-0 N00007-0 N00178-0
3855	U00386	11/15/2025 01:06:00 PM	N00127 N00117 N00204 N00003 N00079 N00160 N00059 N00199 N00253 N00129	N00199-1 N00026-0 N00254-0 N00265-0 N00191-0 N00097-0 N00121-0 N00269-1 N00173-0
3856	U00386	11/15/2025 06:00:00 PM	N00127 N00117 N00204 N00003 N00079 N00160 N00059 N00199 N00253 N00129	N00139-1 N00085-0 N00013-1 N00113-0 N00079-0 N00042-0
3857	U00386	11/11/2025 06:09:00 AM	N00127 N00117 N00204 N00003 N00079 N00160 N00059 N00199 N00253 N00129	N00074-1 N00185-0 N00013-0 N00050-0 N00015-0 N00276-1 N00298-0 N00141-0
3858	U00386	11/14/2025 01:34:00 AM	N00127 N00117 N00204 N00003 N00079 N00160 N00059 N00199 N00253 N00129	N00017-0 N00120-1 N00036-1 N00253-0 N00118-1 N00230-0 N00024-1
3859	U00386	11/12/2025 08:35:00 AM	N00127 N00117 N00204 N00003 N00079 N00160 N00059 N00199 N00253 N00129	N00020-1 N00013-0 N00250-0 N00185-0 N00033-0 N00021-0
3860	U00386	11/13/2025 10:55:00 AM	N00127 N00117 N00204 N00003 N00079 N00160 N00059 N00199 N00253 N00129	N00131-1 N00184-1 N00223-0 N00115-0 N00176-0 N00089-0
3861	U00387	11/13/2025 12:54:00 PM	N00128 N00249 N00146 N00138 N00125 N00045 N00059 N00114 N00298 N00066	N00133-1 N00016-0 N00300-1 N00190-0 N00148-0 N00181-0
3862	U00387	11/15/2025 03:52:00 AM	N00128 N00249 N00146 N00138 N00125 N00045 N00059 N00114 N00298 N00066	N00042-1 N00109-1 N00285-0 N00180-0 N00188-0 N00282-0 N00196-0 N00016-0 N00056-0
3863	U00387	11/11/2025 03:03:00 PM	N00128 N00249 N00146 N00138 N00125 N00045 N00059 N00114 N00298 N00066	N00215-0 N00254-1 N00040-0 N00077-0 N00140-0 N00131-1 N00175-0
3864	U00387	11/12/2025 03:42:00 PM	N00128 N00249 N00146 N00138 N00125 N00045 N00059 N00114 N00298 N00066	N00101-0 N00082-1 N00192-0 N00069-0 N00258-0 N00181-1 N00292-1 N00068-0
3865	U00387	11/13/2025 04:20:00 AM	N00128 N00249 N00146 N00138 N00125 N00045 N00059 N00114 N00298 N00066	N00078-0 N00257-0 N00193-0 N00035-0 N00030-0 N00229-1 N00283-1
3866	U00387	11/13/2025 01:37:00 PM	N00128 N00249 N00146 N00138 N00125 N00045 N00059 N00114 N00298 N00066	N00030-0 N00013-1 N00056-0 N00138-1 N00104-1 N00135-0 N00018-0
3867	U00387	11/11/2025 09:15:00 PM	N00128 N00249 N00146 N00138 N00125 N00045 N00059 N00114 N00298 N00066	N00262-0 N00160-0 N00129-0 N00247-0 N00296-0 N00213-0
3868	U00387	11/11/2025 06:03:00 PM	N00128 N00249 N00146 N00138 N00125 N00045 N00059 N00114 N00298 N00066	N00086-0 N00192-0 N00072-1 N00030-0 N00063-1 N00188-0 N00079-0 N00287-1
3869	U00387	11/10/2025 02:06:00 PM	N00128 N00249 N00146 N00138 N00125 N00045 N00059 N00114 N00298 N00066	N00267-0 N00226-0 N00108-1 N00219-0
3870	U00387	11/13/2025 10:08:00 AM	N00128 N00249 N00146 N00138 N00125 N00045 N00059 N00114 N00298 N00066	N00030-1 N00207-1 N00298-1 N00048-0 N00225-0 N00215-0 N00276-1
3871	U00388	11/11/2025 05:58:00 PM	N00015 N00164 N00213 N00007	N00172-1 N00118-0 N00017-1 N00148-1 N00278-0 N00218-0
3872	U00388	11/11/2025 10:10:00 AM	N00015 N00164 N00213 N00007	N00004-0 N00270-0 N00289-0 N00207-0 N00195-1
3873	U00388	11/12/2025 08:37:00 PM	N00015 N00164 N00213 N00007	N00207-0 N00063-0 N00120-0 N00210-0 N00029-1 N00226-0 N00154-1
3874	U00388	11/12/2025 05:38:00 AM	N00015 N00164 N00213 N00007	N00225-1 N00232-0 N00147-1 N00131-0 N00185-0 N00140-1 N00196-0 N00031-0
3875	U00388	11/16/2025 12:49:00 AM	N00015 N00164 N00213 N00007	N00190-0 N00104-0 N00080-0 N00030-0 N00187-1
3876	U00388	11/10/2025 06:55:00 PM	N00015 N00164 N00213 N00007	N00081-1 N00266-0 N00056-0 N00064-1 N00078-0 N00149-0 N00232-1 N00142-1
3877	U00388	11/15/2025 09:09:00 AM	N00015 N00164 N00213 N00007	N00218-0 N00169-0 N00159-0 N00223-1 N00240-0 N00084-1 N00135-0 N00256-0
3878	U00388	11/14/2025 11:16:00 PM	N00015 N00164 N00213 N00007	N00221-0 N00189-0 N00269-0 N00031-0 N00171-0 N00026-1 N00236-0
3879	U00388	11/12/2025 03:02:00 PM	N00015 N00164 N00213 N00007	N00148-1 N00260-0 N00167-0 N00080-0 N00157-0 N00019-1
3880	U00388	11/12/2025 03:50:00 AM	N00015 N00164 N00213 N00007	N00031-0 N00077-1 N00089-1 N00058-1 N00139-0 N00292-0 N00273-0
3881	U00389	11/13/2025 03:17:00 PM	N00274 N00226 N00224 N00214 N00107 N00282 N00246 N00085 N00299 N00075 N00100 N00178 N00065 N00165 N00067	N00278-0 N00098-0 N00134-0 N00253-0 N00187-0 N00090-1
3882	U00389	11/14/2025 09:48:00 AM	N00274 N00226 N00224 N00214 N00107 N00282 N00246 N00085 N00299 N00075 N00100 N00178 N00065 N00165 N00067	N00224-0 N00165-1 N00233-0 N00235-0
3883	U00389	11/11/2025 04:47:00 AM	N00274 N00226 N00224 N00214 N00107 N00282 N00246 N00085 N00299 N00075 N00100 N00178 N00065 N00165 N00067	N00065-1 N00113-0 N00230-0 N00276-0 N00282-1 N00270-0 N00265-0
3884	U00389	11/10/2025 12:20:00 PM	N00274 N00226 N00224 N00214 N00107 N00282 N00246 N00085 N00299 N00075 N00100 N00178 N00065 N00165 N00067	N00079-0 N00065-1 N00223-0 N00161-0 N00288-0 N00214-1 N00151-0
3885	U00389	11/12/2025 10:42:00 PM	N00274 N00226 N00224 N00214 N00107 N00282 N00246 N00085 N00299 N00075 N00100 N00178 N00065 N00165 N00067	N00020-1 N00299-0 N00061-0 N00132-0 N00209-0 N00074-0 N00023-0
3886	U00389	11/11/2025 12:25:00 AM	N00274 N00226 N00224 N00214 N00107 N00282 N00246 N00085 N00299 N00075 N00100 N00178 N00065 N00165 N00067	N00123-0 N00299-1 N00091-1 N00084-0 N00188-0 N00078-0 N00034-1
3887	U00389	11/10/2025 05:22:00 PM	N00274 N00226 N00224 N00214 N00107 N00282 N00246 N00085 N00299 N00075 N00100 N00178 N00065 N00165 N00067	N00188-1 N00061-0 N00270-1 N00247-0 N00288-0
3888	U00389	11/10/2025 11:01:00 AM	N00274 N00226 N00224 N00214 N00107 N00282 N00246 N00085 N00299 N00075 N00100 N00178 N00065 N00165 N00067	N00087-0 N00072-0 N00224-0 N00156-0 N00261-0 N00220-0 N00074-0 N00085-1 N00134-1
3889	U00389	11/16/2025 05:33:00 AM	N00274 N00226 N00224 N00214 N00107 N00282 N00246 N00085 N00299 N00075 N00100 N00178 N00065 N00165 N00067	N00274-0 N00275-0 N00239-0 N00077-0 N00203-0 N00102-1 N00242-1
3890	U00389	11/16/2025 04:10:00 AM	N00274 N00226 N00224 N00214 N00107 N00282 N00246 N00085 N00299 N00075 N00100 N00178 N00065 N00165 N00067	N00066-0 N00157-0 N00266-0 N00257-0 N00224-1
3891	U00390	11/11/2025 04:26:00 AM	N00045 N00078 N00291 N00236 N00169 N00105 N00118 N00194 N00283 N00129 N00080 N00010	N00160-1 N00065-0 N00033-0 N00191-0 N00043-1 N00237-1 N00254-0 N00251-0
3892	U00390	11/11/2025 06:20:00 AM	N00045 N00078 N00291 N00236 N00169 N00105 N00118 N00194 N00283 N00129 N00080 N00010	N00279-0 N00138-0 N00107-0 N00283-0 N00189-1 N00157-0
3893	U00390	11/15/2025 12:54:00 AM	N00045 N00078 N00291 N00236 N00169 N00105 N00118 N00194 N00283 N00129 N00080 N00010	N00038-0 N00146-0 N00240-1 N00281-0 N00049-0 N00279-0 N00130-0
3894	U00390	11/13/2025 11:08:00 AM	N00045 N00078 N00291 N00236 N00169 N00105 N00118 N00194 N00283 N00129 N00080 N00010	N00157-1 N00209-1 N00238-0 N00247-0
3895	U00390	11/11/2025 04:12:00 PM	N00045 N00078 N00291 N00236 N00169 N00105 N00118 N00194 N00283 N00129 N00080 N00010	N00199-0 N00085-0 N00231-0 N00168-1 N00277-0 N00172-1
3896	U00390	11/16/2025 06:59:00 AM	N00045 N00078 N00291 N00236 N00169 N00105 N00118 N00194 N00283 N00129 N00080 N00010	N00296-0 N00030-0 N00076-0 N00251-0 N00253-0 N00281-0 N00141-1 N00161-0 N00131-0
3897	U00390	11/14/2025 10:06:00 PM	N00045 N00078 N00291 N00236 N00169 N00105 N00118 N00194 N00283 N00129 N00080 N00010	N00211-1 N00257-0 N00201-0 N00242-0 N00191-0 N00276-0
3898	U00390	11/12/2025 09:40:00 PM	N00045 N00078 N00291 N00236 N00169 N00105 N00118 N00194 N00283 N00129 N00080 N00010	N00174-0 N00089-0 N00021-1 N00058-1 N00045-1 N00114-0 N00222-1
3899	U00390	11/10/2025 01:37:00 PM	N00045 N00078 N00291 N00236 N00169 N00105 N00118 N00194 N00283 N00129 N00080 N00010	N00177-0 N00171-1 N00286-1 N00251-0 N00098-0 N00134-0 N00070-0 N00191-0
3900	U00390	11/10/2025 03:02:00 PM	N00045 N00078 N00291 N00236 N00169 N00105 N00118 N00194 N00283 N00129 N00080 N00010	N00251-0 N00277-0 N00042-0 N00079-0 N00116-0 N00210-0 N00083-0 N00191-0
3901	U00391	11/10/2025 04:36:00 PM	N00198 N00195 N00174 N00279 N00212 N00148 N00225 N00221 N00070 N00017 N00008	N00290-0 N00256-1 N00103-1 N00280-0 N00065-0 N00070-1 N00283-0 N00026-0 N00298-0
3902	U00391	11/12/2025 12:23:00 PM	N00198 N00195 N00174 N00279 N00212 N00148 N00225 N00221 N00070 N00017 N00008	N00025-0 N00050-0 N00250-0 N00220-0 N00059-0 N00103-0 N00108-0 N00115-1
3903	U00391	11/11/2025 11:42:00 AM	N00198 N00195 N00174 N00279 N00212 N00148 N00225 N00221 N00070 N00017 N00008	N00017-0 N00224-0 N00001-0 N00139-0 N00207-0 N00256-1
3904	U00391	11/16/2025 05:29:00 AM	N00198 N00195 N00174 N00279 N00212 N00148 N00225 N00221 N00070 N00017 N00008	N00103-1 N00278-0 N00272-0 N00281-0 N00082-0 N00215-0 N00200-0
3905	U00391	11/11/2025 01:56:00 AM	N00198 N00195 N00174 N00279 N00212 N00148 N00225 N00221 N00070 N00017 N00008	N00223-0 N00066-0 N00222-0 N00056-1
3906	U00391	11/14/2025 04:58:00 AM	N00198 N00195 N00174 N00279 N00212 N00148 N00225 N00221 N00070 N00017 N00008	N00057-1 N00039-0 N00001-0 N00123-0 N00182-1 N00002-0 N00008-0
3907	U00391	11/12/2025 02:32:00 AM	N00198 N00195 N00174 N00279 N00212 N00148 N00225 N00221 N00070 N00017 N00008	N00262-1 N00247-0 N00207-0 N00094-0 N00122-0
3908	U00391	11/13/2025 11:39:00 PM	N00198 N00195 N00174 N00279 N00212 N00148 N00225 N00221 N00070 N00017 N00008	N00033-1 N00142-1 N00275-0 N00087-0 N00216-0 N00129-0
3909	U00391	11/15/2025 05:55:00 PM	N00198 N00195 N00174 N00279 N00212 N00148 N00225 N00221 N00070 N00017 N00008	N00044-1 N00155-1 N00131-0 N00064-0 N00053-0 N00267-0
3910	U00391	11/15/2025 09:25:00 AM	N00198 N00195 N00174 N00279 N00212 N00148 N00225 N00221 N00070 N00017 N00008	N00011-0 N00049-1 N00249-0 N00268-1 N00039-0 N00070-0 N00122-1 N00061-0
3911	U00392	11/16/2025 05:15:00 AM	N00069 N00136 N00111 N00296 N00099 N00201 N00016 N00084 N00265 N00119 N00094	N00071-1 N00160-0 N00275-0 N00010-0 N00084-1 N00197-0 N00241-1
3912	U00392	11/15/2025 10:07:00 AM	N00069 N00136 N00111 N00296 N00099 N00201 N00016 N00084 N00265 N00119 N00094	N00148-0 N00037-0 N00198-1 N00017-0 N00058-0
3913	U00392	11/13/2025 04:29:00 PM	N00069 N00136 N00111 N00296 N00099 N00201 N00016 N00084 N00265 N00119 N00094	N00109-0 N00115-0 N00094-1 N00096-0 N00182-0 N00098-1 N00006-0
3914	U00392	11/11/2025 04:40:00 PM	N00069 N00136 N00111 N00296 N00099 N00201 N00016 N00084 N00265 N00119 N00094	N00104-1 N00252-0 N00119-1 N00066-1 N00087-0 N00071-1 N00113-1 N00115-0
3915	U00392	11/14/2025 08:14:00 PM	N00069 N00136 N00111 N00296 N00099 N00201 N00016 N00084 N00265 N00119 N00094	N00269-1 N00140-1 N00182-1 N00024-1 N00266-0 N00225-1
3916	U00392	11/16/2025 04:02:00 AM	N00069 N00136 N00111 N00296 N00099 N00201 N00016 N00084 N00265 N00119 N00094	N00298-0 N00088-0 N00040-0 N00058-0 N00012-0 N00049-1 N00202-1
3917	U00392	11/11/2025 12:33:00 PM	N00069 N00136 N00111 N00296 N00099 N00201 N00016 N00084 N00265 N00119 N00094	N00166-0 N00290-1 N00096-0 N00220-0 N00154-0 N00179-1 N00045-0 N00047-0 N00201-0
3918	U00392	11/11/2025 06:44:00 PM	N00069 N00136 N00111 N00296 N00099 N00201 N00016 N00084 N00265 N00119 N00094	N00189-0 N00019-1 N00076-0 N00089-0 N00259-0 N00253-0 N00283-0 N00130-0
3919	U00392	11/10/2025 11:23:00 PM	N00069 N00136 N00111 N00296 N00099 N00201 N00016 N00084 N00265 N00119 N00094	N00211-0 N00077-1 N00271-0 N00284-0 N00088-0 N00074-0 N00137-1 N00066-0
3920	U00392	11/14/2025 06:11:00 AM	N00069 N00136 N00111 N00296 N00099 N00201 N00016 N00084 N00265 N00119 N00094	N00240-1 N00111-1 N00125-0 N00144-1
3921	U00393	11/13/2025 09:41:00 AM	N00204 N00181 N00291 N00037 N00231	N00155-0 N00266-0 N00269-0 N00039-1 N00044-0
3922	U00393	11/13/2025 07:55:00 AM	N00204 N00181 N00291 N00037 N00231	N00180-0 N00215-1 N00102-0 N00195-0 N00182-0 N00103-0 N00225-0
3923	U00393	11/11/2025 10:53:00 AM	N00204 N00181 N00291 N00037 N00231	N00147-0 N00059-1 N00216-1 N00017-0
3924	U00393	11/12/2025 08:26:00 AM	N00204 N00181 N00291 N00037 N00231	N00119-1 N00229-0 N00066-1 N00281-1 N00071-1 N00105-0
3925	U00393	11/16/2025 02:39:00 AM	N00204 N00181 N00291 N00037 N00231	N00072-0 N00123-1 N00271-0 N00120-1 N00288-0 N00081-0 N00241-0
3926	U00393	11/15/2025 09:58:00 AM	N00204 N00181 N00291 N00037 N00231	N00068-0 N00233-1 N00149-0 N00248-0 N00268-0 N00030-0 N00078-1
3927	U00393	11/13/2025 04:18:00 PM	N00204 N00181 N00291 N00037 N00231	N00032-1 N00266-0 N00079-0 N00162-1 N00142-0
3928	U00393	11/10/2025 10:36:00 PM	N00204 N00181 N00291 N00037 N00231	N00199-0 N00257-1 N00202-1 N00189-1 N00008-0 N00040-0
3929	U00393	11/11/2025 11:59:00 PM	N00204 N00181 N00291 N00037 N00231	N00300-1 N00098-0 N00109-1 N00224-0
3930	U00393	11/11/2025 04:19:00 PM	N00204 N00181 N00291 N00037 N00231	N00144-0 N00073-1 N00176-0 N00229-1 N00146-1 N00193-0 N00177-1
3931	U00394	11/13/2025 01:16:00 AM	N00145 N00019 N00099 N00155 N00187 N00195 N00151 N00053 N00106 N00135 N00084 N00161 N00111 N00233 N00290	N00225-0 N00162-0 N00276-0 N00289-1 N00198-0 N00191-0 N00278-0 N00135-1
3932	U00394	11/13/2025 12:00:00 AM	N00145 N00019 N00099 N00155 N00187 N00195 N00151 N00053 N00106 N00135 N00084 N00161 N00111 N00233 N00290	N00195-1 N00250-0 N00140-1 N00194-0 N00205-0 N00296-1 N00232-1 N00108-0
3933	U00394	11/14/2025 03:14:00 PM	N00145 N00019 N00099 N00155 N00187 N00195 N00151 N00053 N00106 N00135 N00084 N00161 N00111 N00233 N00290	N00160-0 N00032-0 N00192-0 N00294-0 N00073-0 N00105-0 N00173-0
3934	U00394	11/14/2025 04:40:00 PM	N00145 N00019 N00099 N00155 N00187 N00195 N00151 N00053 N00106 N00135 N00084 N00161 N00111 N00233 N00290	N00125-0 N00136-0 N00114-0 N00112-0 N00291-0
3935	U00394	11/11/2025 02:51:00 AM	N00145 N00019 N00099 N00155 N00187 N00195 N00151 N00053 N00106 N00135 N00084 N00161 N00111 N00233 N00290	N00242-0 N00237-0 N00220-1 N00202-0 N00063-0 N00282-0 N00216-0
3936	U00394	11/14/2025 12:47:00 PM	N00145 N00019 N00099 N00155 N00187 N00195 N00151 N00053 N00106 N00135 N00084 N00161 N00111 N00233 N00290	N00157-1 N00086-0 N00226-0 N00099-1
3937	U00394	11/10/2025 12:38:00 PM	N00145 N00019 N00099 N00155 N00187 N00195 N00151 N00053 N00106 N00135 N00084 N00161 N00111 N00233 N00290	N00086-1 N00077-0 N00005-0 N00050-0 N00243-0 N00051-0 N00272-0
3938	U00394	11/15/2025 12:59:00 PM	N00145 N00019 N00099 N00155 N00187 N00195 N00151 N00053 N00106 N00135 N00084 N00161 N00111 N00233 N00290	N00156-1 N00030-0 N00083-0 N00159-1 N00031-0 N00049-1 N00183-0
3939	U00394	11/10/2025 10:49:00 PM	N00145 N00019 N00099 N00155 N00187 N00195 N00151 N00053 N00106 N00135 N00084 N00161 N00111 N00233 N00290	N00042-0 N00230-1 N00257-1 N00110-1 N00245-0 N00031-0 N00080-1 N00235-1
3940	U00394	11/12/2025 07:00:00 PM	N00145 N00019 N00099 N00155 N00187 N00195 N00151 N00053 N00106 N00135 N00084 N00161 N00111 N00233 N00290	N00073-0 N00051-1 N00183-0 N00156-1 N00102-0 N00248-0 N00209-0 N00090-0
3941	U00395	11/10/2025 08:30:00 AM	N00040 N00246 N00088 N00113 N00134 N00095 N00178 N00288 N00065 N00090	N00091-1 N00071-1 N00032-0 N00194-0 N00299-1 N00134-0 N00113-1
3942	U00395	11/10/2025 05:29:00 PM	N00040 N00246 N00088 N00113 N00134 N00095 N00178 N00288 N00065 N00090	N00118-0 N00282-0 N00111-0 N00246-1 N00074-1 N00171-0
3943	U00395	11/13/2025 02:59:00 AM	N00040 N00246 N00088 N00113 N00134 N00095 N00178 N00288 N00065 N00090	N00107-0 N00135-1 N00282-1 N00264-0 N00083-0 N00071-0 N00193-0
3944	U00395	11/15/2025 06:05:00 AM	N00040 N00246 N00088 N00113 N00134 N00095 N00178 N00288 N00065 N00090	N00034-0 N00091-1 N00266-1 N00218-1 N00010-0 N00047-0 N00134-0 N00281-0
3945	U00395	11/11/2025 06:32:00 AM	N00040 N00246 N00088 N00113 N00134 N00095 N00178 N00288 N00065 N00090	N00127-0 N00165-1 N00201-0 N00027-0 N00246-1
3946	U00395	11/13/2025 06:51:00 AM	N00040 N00246 N00088 N00113 N00134 N00095 N00178 N00288 N00065 N00090	N00186-0 N00246-0 N00038-1 N00010-0 N00014-0
3947	U00395	11/10/2025 12:09:00 PM	N00040 N00246 N00088 N00113 N00134 N00095 N00178 N00288 N00065 N00090	N00211-1 N00224-0 N00155-0 N00288-0 N00161-0 N00035-0 N00217-0
3948	U00395	11/15/2025 04:19:00 AM	N00040 N00246 N00088 N00113 N00134 N00095 N00178 N00288 N00065 N00090	N00297-0 N00004-0 N00143-0 N00108-0 N00206-0
3949	U00395	11/12/2025 02:30:00 AM	N00040 N00246 N00088 N00113 N00134 N00095 N00178 N00288 N00065 N00090	N00028-1 N00102-1 N00116-0 N00093-0
3950	U00395	11/11/2025 06:21:00 PM	N00040 N00246 N00088 N00113 N00134 N00095 N00178 N00288 N00065 N00090	N00285-0 N00173-0 N00107-0 N00178-1 N00027-1 N00070-0 N00148-0
3951	U00396	11/14/2025 02:11:00 PM	N00245 N00019 N00016 N00144 N00195 N00251 N00053	N00108-0 N00296-1 N00277-1 N00107-1 N00110-1 N00293-0
3952	U00396	11/11/2025 10:06:00 PM	N00245 N00019 N00016 N00144 N00195 N00251 N00053	N00150-1 N00289-0 N00069-1 N00043-0 N00181-0 N00030-0 N00029-1 N00179-0
3953	U00396	11/16/2025 03:10:00 AM	N00245 N00019 N00016 N00144 N00195 N00251 N00053	N00169-0 N00008-1 N00300-0 N00123-0 N00278-1 N00223-1
3954	U00396	11/11/2025 08:35:00 AM	N00245 N00019 N00016 N00144 N00195 N00251 N00053	N00062-0 N00294-1 N00235-1 N00037-0 N00010-0 N00147-0 N00034-1
3955	U00396	11/14/2025 10:32:00 AM	N00245 N00019 N00016 N00144 N00195 N00251 N00053	N00300-0 N00202-0 N00113-0 N00238-1 N00154-0 N00251-0 N00150-1
3956	U00396	11/14/2025 04:05:00 AM	N00245 N00019 N00016 N00144 N00195 N00251 N00053	N00045-0 N00114-0 N00052-1 N00186-1 N00154-0 N00021-1 N00212-1
3957	U00396	11/11/2025 04:36:00 PM	N00245 N00019 N00016 N00144 N00195 N00251 N00053	N00220-0 N00077-1 N00058-0 N00235-1 N00221-1 N00152-0 N00274-0
3958	U00396	11/14/2025 07:32:00 PM	N00245 N00019 N00016 N00144 N00195 N00251 N00053	N00240-0 N00170-0 N00110-1 N00150-0 N00288-0 N00145-0
3959	U00396	11/10/2025 08:35:00 AM	N00245 N00019 N00016 N00144 N00195 N00251 N00053	N00279-1 N00122-1 N00168-0 N00087-0
3960	U00396	11/15/2025 03:13:00 PM	N00245 N00019 N00016 N00144 N00195 N00251 N00053	N00131-0 N00262-1 N00007-1 N00017-1 N00115-1 N00152-0
3961	U00397	11/10/2025 05:57:00 PM	N00069 N00206 N00155 N00256 N00183 N00227 N00233 N00035 N00277 N00235 N00179	N00260-0 N00204-0 N00061-0 N00035-0 N00020-0 N00069-1
3962	U00397	11/14/2025 09:23:00 PM	N00069 N00206 N00155 N00256 N00183 N00227 N00233 N00035 N00277 N00235 N00179	N00247-0 N00291-0 N00169-0 N00089-0 N00264-1 N00208-0 N00117-1 N00135-1
3963	U00397	11/14/2025 08:12:00 PM	N00069 N00206 N00155 N00256 N00183 N00227 N00233 N00035 N00277 N00235 N00179	N00273-0 N00289-1 N00281-1 N00002-0 N00200-0
3964	U00397	11/12/2025 12:32:00 PM	N00069 N00206 N00155 N00256 N00183 N00227 N00233 N00035 N00277 N00235 N00179	N00151-0 N00093-1 N00233-1 N00198-1
3965	U00397	11/14/2025 05:20:00 AM	N00069 N00206 N00155 N00256 N00183 N00227 N00233 N00035 N00277 N00235 N00179	N00294-0 N00126-0 N00104-0 N00272-0 N00300-0 N00207-0
3966	U00397	11/11/2025 01:51:00 PM	N00069 N00206 N00155 N00256 N00183 N00227 N00233 N00035 N00277 N00235 N00179	N00106-1 N00147-0 N00220-0 N00158-0 N00115-1
3967	U00397	11/13/2025 07:30:00 PM	N00069 N00206 N00155 N00256 N00183 N00227 N00233 N00035 N00277 N00235 N00179	N00200-0 N00204-0 N00191-0 N00069-1
3968	U00397	11/14/2025 10:38:00 PM	N00069 N00206 N00155 N00256 N00183 N00227 N00233 N00035 N00277 N00235 N00179	N00124-0 N00028-0 N00190-0 N00012-0 N00039-0 N00275-0 N00151-0 N00257-1
3969	U00397	11/15/2025 03:46:00 PM	N00069 N00206 N00155 N00256 N00183 N00227 N00233 N00035 N00277 N00235 N00179	N00289-0 N00178-0 N00001-0 N00242-0 N00204-0 N00045-0 N00135-0 N00277-1
3970	U00397	11/14/2025 07:17:00 AM	N00069 N00206 N00155 N00256 N00183 N00227 N00233 N00035 N00277 N00235 N00179	N00072-1 N00056-0 N00225-1 N00095-0 N00048-0 N00077-1
3971	U00398	11/10/2025 01:43:00 PM	N00120 N00032 N00054 N00087 N00058 N00006 N00118 N00092 N00162 N00025 N00254 N00128 N00243 N00169 N00105	N00207-0 N00231-0 N00162-1 N00173-0 N00292-1 N00223-0
3972	U00398	11/11/2025 10:53:00 AM	N00120 N00032 N00054 N00087 N00058 N00006 N00118 N00092 N00162 N00025 N00254 N00128 N00243 N00169 N00105	N00111-0 N00215-1 N00087-1 N00125-0 N00134-0 N00242-1
3973	U00398	11/15/2025 08:59:00 AM	N00120 N00032 N00054 N00087 N00058 N00006 N00118 N00092 N00162 N00025 N00254 N00128 N00243 N00169 N00105	N00130-0 N00125-0 N00025-1 N00119-0 N00051-1 N00139-1
3974	U00398	11/14/2025 04:08:00 PM	N00120 N00032 N00054 N00087 N00058 N00006 N00118 N00092 N00162 N00025 N00254 N00128 N00243 N00169 N00105	N00099-0 N00222-1 N00243-1 N00046-0 N00201-0 N00006-0
3975	U00398	11/11/2025 04:29:00 PM	N00120 N00032 N00054 N00087 N00058 N00006 N00118 N00092 N00162 N00025 N00254 N00128 N00243 N00169 N00105	N00108-1 N00172-0 N00174-1 N00009-0 N00176-0 N00077-0 N00242-0
3976	U00398	11/14/2025 11:54:00 PM	N00120 N00032 N00054 N00087 N00058 N00006 N00118 N00092 N00162 N00025 N00254 N00128 N00243 N00169 N00105	N00256-0 N00123-1 N00192-0 N00010-1 N00062-0 N00118-0 N00135-0 N00161-0 N00273-1
3977	U00398	11/11/2025 03:10:00 AM	N00120 N00032 N00054 N00087 N00058 N00006 N00118 N00092 N00162 N00025 N00254 N00128 N00243 N00169 N00105	N00171-1 N00136-0 N00181-0 N00195-0 N00138-1 N00212-0 N00062-0 N00004-0 N00162-1
3978	U00398	11/12/2025 07:37:00 PM	N00120 N00032 N00054 N00087 N00058 N00006 N00118 N00092 N00162 N00025 N00254 N00128 N00243 N00169 N00105	N00231-0 N00076-1 N00294-0 N00158-0 N00241-0 N00249-0 N00100-0
3979	U00398	11/10/2025 11:35:00 AM	N00120 N00032 N00054 N00087 N00058 N00006 N00118 N00092 N00162 N00025 N00254 N00128 N00243 N00169 N00105	N00201-1 N00256-0 N00189-1 N00163-0
3980	U00398	11/12/2025 03:18:00 PM	N00120 N00032 N00054 N00087 N00058 N00006 N00118 N00092 N00162 N00025 N00254 N00128 N00243 N00169 N00105	N00221-0 N00078-1 N00016-0 N00177-1 N00209-0
3981	U00399	11/12/2025 07:52:00 AM	N00035 N00221 N00212 N00198 N00164 N00050 N00096 N00071 N00154 N00144 N00149	N00136-1 N00172-0 N00101-0 N00267-0 N00270-0 N00269-0 N00057-1
3982	U00399	11/13/2025 11:38:00 AM	N00035 N00221 N00212 N00198 N00164 N00050 N00096 N00071 N00154 N00144 N00149	N00146-0 N00052-1 N00269-0 N00200-0 N00277-1 N00184-0 N00265-0 N00165-0
3983	U00399	11/10/2025 08:46:00 PM	N00035 N00221 N00212 N00198 N00164 N00050 N00096 N00071 N00154 N00144 N00149	N00069-0 N00246-0 N00269-0 N00158-0 N00162-0 N00056-0 N00015-1
3984	U00399	11/15/2025 02:46:00 PM	N00035 N00221 N00212 N00198 N00164 N00050 N00096 N00071 N00154 N00144 N00149	N00181-0 N00137-0 N00138-0 N00072-0 N00230-1 N00016-1 N00118-0
3985	U00399	11/14/2025 10:19:00 AM	N00035 N00221 N00212 N00198 N00164 N00050 N00096 N00071 N00154 N00144 N00149	N00255-0 N00142-0 N00026-1 N00001-0 N00052-0 N00224-0
3986	U00399	11/14/2025 06:32:00 PM	N00035 N00221 N00212 N00198 N00164 N00050 N00096 N00071 N00154 N00144 N00149	N00209-0 N00125-0 N00196-0 N00021-1 N00035-1 N00208-0
3987	U00399	11/10/2025 01:04:00 PM	N00035 N00221 N00212 N00198 N00164 N00050 N00096 N00071 N00154 N00144 N00149	N00044-0 N00115-0 N00204-0 N00049-0 N00079-0 N00262-1 N00091-0 N00269-0 N00300-0
3988	U00399	11/15/2025 07:04:00 PM	N00035 N00221 N00212 N00198 N00164 N00050 N00096 N00071 N00154 N00144 N00149	N00134-0 N00192-0 N00133-0 N00215-0 N00300-0 N00213-1 N00093-1
3989	U00399	11/13/2025 11:15:00 AM	N00035 N00221 N00212 N00198 N00164 N00050 N00096 N00071 N00154 N00144 N00149	N00245-1 N00097-0 N00129-0 N00073-0 N00236-0 N00232-1 N00292-0 N00197-1
3990	U00399	11/14/2025 02:36:00 PM	N00035 N00221 N00212 N00198 N00164 N00050 N00096 N00071 N00154 N00144 N00149	N00261-1 N00178-0 N00195-1 N00044-1 N00025-0 N00235-1 N00183-1
3991	U00400	11/11/2025 07:27:00 AM	N00199 N00177 N00105 N00131 N00025 N00229 N00141 N00080 N00005	N00028-0 N00208-0 N00116-1 N00053-0 N00049-1 N00068-1 N00078-0
3992	U00400	11/12/2025 03:12:00 PM	N00199 N00177 N00105 N00131 N00025 N00229 N00141 N00080 N00005	N00229-0 N00297-0 N00165-0 N00287-0 N00001-0
3993	U00400	11/14/2025 12:43:00 PM	N00199 N00177 N00105 N00131 N00025 N00229 N00141 N00080 N00005	N00283-0 N00202-1 N00296-0 N00152-0 N00237-0
3994	U00400	11/12/2025 12:58:00 AM	N00199 N00177 N00105 N00131 N00025 N00229 N00141 N00080 N00005	N00113-0 N00059-1 N00233-1 N00248-1 N00039-1 N00159-0 N00114-1 N00176-0
3995	U00400	11/12/2025 11:19:00 AM	N00199 N00177 N00105 N00131 N00025 N00229 N00141 N00080 N00005	N00079-1 N00294-0 N00023-0 N00146-0 N00215-1 N00078-0
3996	U00400	11/11/2025 08:27:00 AM	N00199 N00177 N00105 N00131 N00025 N00229 N00141 N00080 N00005	N00178-0 N00217-0 N00141-1 N00186-0 N00286-1 N00053-0
3997	U00400	11/15/2025 01:54:00 AM	N00199 N00177 N00105 N00131 N00025 N00229 N00141 N00080 N00005	N00236-0 N00209-1 N00027-0 N00223-0 N00062-0 N00250-1 N00077-0 N00198-0
3998	U00400	11/15/2025 05:24:00 AM	N00199 N00177 N00105 N00131 N00025 N00229 N00141 N00080 N00005	N00298-1 N00003-1 N00191-0 N00005-0 N00031-0 N00216-0
3999	U00400	11/11/2025 02:10:00 PM	N00199 N00177 N00105 N00131 N00025 N00229 N00141 N00080 N00005	N00258-0 N00262-0 N00298-1 N00281-1 N00267-1 N00300-0
4000	U00400	11/11/2025 05:15:00 AM	N00199 N00177 N00105 N00131 N00025 N00229 N00141 N00080 N00005	N00228-1 N00136-0 N00092-0 N00047-1 N00135-1 N00067-0 N00204-1
