N00001	lifestyle	health_fitness	Cardiologists Highlight 20-Minute Daily Walking Routine for Longevity Benefits	Comprehensive coverage regarding health fitness. Cardiovascular longevity routines, resistance training splits, and nutrition advice. Insights and detailed reporting on recent developments in lifestyle.	https://assets.msn.com/en-us/news/lifestyle/N00001	[]	[]
N00002	news	worldnews	Global Summit Concludes with Historic Accord on International Maritime Waters	Comprehensive coverage regarding worldnews. Global diplomatic summits, geopolitical negotiations, and climate pacts. Insights and detailed reporting on recent developments in news.	https://assets.msn.com/en-us/news/news/N00002	[]	[]
N00003	lifestyle	travel	Deep Dive: Mastering High-Altitude Hiking: Essential Gear, Hydration, and Acclimatization Tips	Comprehensive coverage regarding travel. Alpine backpacking itineraries, low-season flight deals, and remote eco-resorts. Insights and detailed reporting on recent developments in lifestyle.	https://assets.msn.com/en-us/news/lifestyle/N00003	[]	[]
N00004	sports	football_nfl	Update: Chiefs Secure Dramatic Overtime Victory in AFC Championship Thriller	Comprehensive coverage regarding football nfl. Super Bowl predictions, quarterback injuries, and draft rankings. Insights and detailed reporting on recent developments in sports.	https://assets.msn.com/en-us/news/sports/N00004	[]	[]
N00005	entertainment	movies	Spotlight: Behind-the-Scenes Retrospective: How Master Directors Crafted Cinema's Greatest Shots	Comprehensive coverage regarding movies. Box office weekend earnings, Academy Award predictions, and director interviews. Insights and detailed reporting on recent developments in entertainment.	https://assets.msn.com/en-us/news/entertainment/N00005	[]	[]
N00006	lifestyle	travel	Update: Ergonomic Workspace Layouts That Boost Cognitive Focus and Reduce Fatigue	Comprehensive coverage regarding travel. Alpine backpacking itineraries, low-season flight deals, and remote eco-resorts. Insights and detailed reporting on recent developments in lifestyle.	https://assets.msn.com/en-us/news/lifestyle/N00006	[]	[]
N00007	finance	markets	Tech Heavyweights Propel S&P 500 to Fresh Record Highs in Resurgent Quarter	Comprehensive coverage regarding markets. Wall Street rallies, S&P 500 records, Treasury yields, and Federal Reserve rates. Insights and detailed reporting on recent developments in finance.	https://assets.msn.com/en-us/news/finance/N00007	[]	[]
N00008	finance	personalfinance	Special Report: Tech Heavyweights Propel S&P 500 to Fresh Record Highs in Resurgent Quarter	Comprehensive coverage regarding personalfinance. Roth IRA strategies, mortgage interest rate cuts, and high-yield savings. Insights and detailed reporting on recent developments in finance.	https://assets.msn.com/en-us/news/finance/N00008	[]	[]
N00009	sports	football_nfl	Special Report: Record-Breaking Strikeout Sequence Ignites Franchise Playoff Hopes	Comprehensive coverage regarding football nfl. Super Bowl predictions, quarterback injuries, and draft rankings. Insights and detailed reporting on recent developments in sports.	https://assets.msn.com/en-us/news/sports/N00009	[]	[]
N00010	entertainment	music	Critically Acclaimed Sci-Fi Epic Dominates Global Box Office with Record Opening	Comprehensive coverage regarding music. Stadium tour announcements, streaming chart records, and album reviews. Insights and detailed reporting on recent developments in entertainment.	https://assets.msn.com/en-us/news/entertainment/N00010	[]	[]
N00011	entertainment	movies	Special Report: Streaming Platform Renews Multi-Award Winning Dystopian Drama for Season Three	Comprehensive coverage regarding movies. Box office weekend earnings, Academy Award predictions, and director interviews. Insights and detailed reporting on recent developments in entertainment.	https://assets.msn.com/en-us/news/entertainment/N00011	[]	[]
N00012	lifestyle	travel	Hidden Mediterranean Coastal Villages That Escape the Peak Summer Crowds	Comprehensive coverage regarding travel. Alpine backpacking itineraries, low-season flight deals, and remote eco-resorts. Insights and detailed reporting on recent developments in lifestyle.	https://assets.msn.com/en-us/news/lifestyle/N00012	[]	[]
N00013	lifestyle	health_fitness	Cardiologists Highlight 20-Minute Daily Walking Routine for Longevity Benefits	Comprehensive coverage regarding health fitness. Cardiovascular longevity routines, resistance training splits, and nutrition advice. Insights and detailed reporting on recent developments in lifestyle.	https://assets.msn.com/en-us/news/lifestyle/N00013	[]	[]
N00014	finance	markets	Tech Heavyweights Propel S&P 500 to Fresh Record Highs in Resurgent Quarter	Comprehensive coverage regarding markets. Wall Street rallies, S&P 500 records, Treasury yields, and Federal Reserve rates. Insights and detailed reporting on recent developments in finance.	https://assets.msn.com/en-us/news/finance/N00014	[]	[]
N00015	technology	gadgets	High-Throughput Distributed Database Benchmarks Breakthrough in Transaction Latency	Comprehensive coverage regarding gadgets. Smartphone battery innovations, flagship tablet comparisons, and wearable tech. Insights and detailed reporting on recent developments in technology.	https://assets.msn.com/en-us/news/technology/N00015	[]	[]
N00016	finance	markets	Spotlight: Mortgage Rates Retreat to Six-Month Low, Sparking Surge in Home Loan Applications	Comprehensive coverage regarding markets. Wall Street rallies, S&P 500 records, Treasury yields, and Federal Reserve rates. Insights and detailed reporting on recent developments in finance.	https://assets.msn.com/en-us/news/finance/N00016	[]	[]
N00017	finance	realestate	Federal Reserve Signals Potential Interest Rate Pivot Amid Cooling Inflation	Comprehensive coverage regarding realestate. Commercial real estate distress, residential home inventory, and median pricing. Insights and detailed reporting on recent developments in finance.	https://assets.msn.com/en-us/news/finance/N00017	[]	[]
N00018	news	crime	Deep Dive: Global Summit Concludes with Historic Accord on International Maritime Waters	Comprehensive coverage regarding crime. High-profile judicial hearings, investigation findings, and appellate decisions. Insights and detailed reporting on recent developments in news.	https://assets.msn.com/en-us/news/news/N00018	[]	[]
N00019	finance	realestate	Special Report: Quarterly Corporate Earnings Exceed Projections as Consumer Spending Holds Resilient	Comprehensive coverage regarding realestate. Commercial real estate distress, residential home inventory, and median pricing. Insights and detailed reporting on recent developments in finance.	https://assets.msn.com/en-us/news/finance/N00019	[]	[]
N00020	sports	basketball_nba	Chiefs Secure Dramatic Overtime Victory in AFC Championship Thriller	Comprehensive coverage regarding basketball nba. NBA playoffs race, triple-double records, and MVP candidate analysis. Insights and detailed reporting on recent developments in sports.	https://assets.msn.com/en-us/news/sports/N00020	[]	[]
N00021	technology	gadgets	Update: Researchers Unveil Lightweight Neural Architecture for Real-Time On-Device Inference	Comprehensive coverage regarding gadgets. Smartphone battery innovations, flagship tablet comparisons, and wearable tech. Insights and detailed reporting on recent developments in technology.	https://assets.msn.com/en-us/news/technology/N00021	[]	[]
N00022	lifestyle	food_drink	The Science of Sourdough: Microbiome Secrets Behind Ancient Fermentation	Comprehensive coverage regarding food drink. Artisanal espresso brewing, fermentation guides, and Michelin star culinary techniques. Insights and detailed reporting on recent developments in lifestyle.	https://assets.msn.com/en-us/news/lifestyle/N00022	[]	[]
N00023	technology	cybersecurity	Analysis: High-Throughput Distributed Database Benchmarks Breakthrough in Transaction Latency	Comprehensive coverage regarding cybersecurity. Zero-day vulnerabilities, ransomware defenses, and encrypted messaging standards. Insights and detailed reporting on recent developments in technology.	https://assets.msn.com/en-us/news/technology/N00023	[]	[]
N00024	news	crime	Mayor Unveils Comprehensive Downtown Revitalization and Light-Rail Transit Plan	Comprehensive coverage regarding crime. High-profile judicial hearings, investigation findings, and appellate decisions. Insights and detailed reporting on recent developments in news.	https://assets.msn.com/en-us/news/news/N00024	[]	[]
N00025	lifestyle	travel	Ergonomic Workspace Layouts That Boost Cognitive Focus and Reduce Fatigue	Comprehensive coverage regarding travel. Alpine backpacking itineraries, low-season flight deals, and remote eco-resorts. Insights and detailed reporting on recent developments in lifestyle.	https://assets.msn.com/en-us/news/lifestyle/N00025	[]	[]
N00026	technology	gadgets	Next-Generation Quantum Processor Demonstrates Error Mitigation Milestone	Comprehensive coverage regarding gadgets. Smartphone battery innovations, flagship tablet comparisons, and wearable tech. Insights and detailed reporting on recent developments in technology.	https://assets.msn.com/en-us/news/technology/N00026	[]	[]
N00027	news	crime	Exclusive: Severe Winter Storm Prompts Widespread Emergency Preparedness Across Midwest	Comprehensive coverage regarding crime. High-profile judicial hearings, investigation findings, and appellate decisions. Insights and detailed reporting on recent developments in news.	https://assets.msn.com/en-us/news/news/N00027	[]	[]
N00028	sports	basketball_nba	Lakers Surge Ahead Behind 40-Point Masterclass in Western Conference Clash	Comprehensive coverage regarding basketball nba. NBA playoffs race, triple-double records, and MVP candidate analysis. Insights and detailed reporting on recent developments in sports.	https://assets.msn.com/en-us/news/sports/N00028	[]	[]
N00029	technology	cybersecurity	Update: Researchers Unveil Lightweight Neural Architecture for Real-Time On-Device Inference	Comprehensive coverage regarding cybersecurity. Zero-day vulnerabilities, ransomware defenses, and encrypted messaging standards. Insights and detailed reporting on recent developments in technology.	https://assets.msn.com/en-us/news/technology/N00029	[]	[]
N00030	technology	cybersecurity	Major Operating System Update Introduces Zero-Trust Architecture and Passkeys	Comprehensive coverage regarding cybersecurity. Zero-day vulnerabilities, ransomware defenses, and encrypted messaging standards. Insights and detailed reporting on recent developments in technology.	https://assets.msn.com/en-us/news/technology/N00030	[]	[]
N00031	sports	football_nfl	Top Draft Prospect Declares for Draft Following Undefeated College Season	Comprehensive coverage regarding football nfl. Super Bowl predictions, quarterback injuries, and draft rankings. Insights and detailed reporting on recent developments in sports.	https://assets.msn.com/en-us/news/sports/N00031	[]	[]
N00032	lifestyle	food_drink	Analysis: Cardiologists Highlight 20-Minute Daily Walking Routine for Longevity Benefits	Comprehensive coverage regarding food drink. Artisanal espresso brewing, fermentation guides, and Michelin star culinary techniques. Insights and detailed reporting on recent developments in lifestyle.	https://assets.msn.com/en-us/news/lifestyle/N00032	[]	[]
N00033	technology	artificialintelligence	Major Operating System Update Introduces Zero-Trust Architecture and Passkeys	Comprehensive coverage regarding artificialintelligence. Generative AI foundation models, GPU clusters, and neural recommendation engines. Insights and detailed reporting on recent developments in technology.	https://assets.msn.com/en-us/news/technology/N00033	[]	[]
N00034	news	crime	Bipartisan Coalition Passes Landmark Clean Energy Infrastructure Framework	Comprehensive coverage regarding crime. High-profile judicial hearings, investigation findings, and appellate decisions. Insights and detailed reporting on recent developments in news.	https://assets.msn.com/en-us/news/news/N00034	[]	[]
N00035	finance	realestate	Quarterly Corporate Earnings Exceed Projections as Consumer Spending Holds Resilient	Comprehensive coverage regarding realestate. Commercial real estate distress, residential home inventory, and median pricing. Insights and detailed reporting on recent developments in finance.	https://assets.msn.com/en-us/news/finance/N00035	[]	[]
N00036	news	nationalnews	Global Summit Concludes with Historic Accord on International Maritime Waters	Comprehensive coverage regarding nationalnews. Congressional budget debates, infrastructure spending, and federal policies. Insights and detailed reporting on recent developments in news.	https://assets.msn.com/en-us/news/news/N00036	[]	[]
N00037	entertainment	movies	Exclusive: Behind-the-Scenes Retrospective: How Master Directors Crafted Cinema's Greatest Shots	Comprehensive coverage regarding movies. Box office weekend earnings, Academy Award predictions, and director interviews. Insights and detailed reporting on recent developments in entertainment.	https://assets.msn.com/en-us/news/entertainment/N00037	[]	[]
N00038	sports	soccer_epl	Analysis: Manchester City Retains Premier League Summit with Stoppage-Time Screamer	Comprehensive coverage regarding soccer epl. Premier league title race, Champions League fixtures, and transfer rumors. Insights and detailed reporting on recent developments in sports.	https://assets.msn.com/en-us/news/sports/N00038	[]	[]
N00039	entertainment	movies	Critically Acclaimed Sci-Fi Epic Dominates Global Box Office with Record Opening	Comprehensive coverage regarding movies. Box office weekend earnings, Academy Award predictions, and director interviews. Insights and detailed reporting on recent developments in entertainment.	https://assets.msn.com/en-us/news/entertainment/N00039	[]	[]
N00040	sports	basketball_nba	Lakers Surge Ahead Behind 40-Point Masterclass in Western Conference Clash	Comprehensive coverage regarding basketball nba. NBA playoffs race, triple-double records, and MVP candidate analysis. Insights and detailed reporting on recent developments in sports.	https://assets.msn.com/en-us/news/sports/N00040	[]	[]
N00041	entertainment	movies	Iconic Rock Legends Announce 50-City Global Farewell Stadium Tour	Comprehensive coverage regarding movies. Box office weekend earnings, Academy Award predictions, and director interviews. Insights and detailed reporting on recent developments in entertainment.	https://assets.msn.com/en-us/news/entertainment/N00041	[]	[]
N00042	entertainment	music	Indie Film Sensation Sweeps Festival Awards, Eyeing Major Autumn Theatrical Run	Comprehensive coverage regarding music. Stadium tour announcements, streaming chart records, and album reviews. Insights and detailed reporting on recent developments in entertainment.	https://assets.msn.com/en-us/news/entertainment/N00042	[]	[]
N00043	lifestyle	travel	The Science of Sourdough: Microbiome Secrets Behind Ancient Fermentation	Comprehensive coverage regarding travel. Alpine backpacking itineraries, low-season flight deals, and remote eco-resorts. Insights and detailed reporting on recent developments in lifestyle.	https://assets.msn.com/en-us/news/lifestyle/N00043	[]	[]
N00044	technology	cybersecurity	Major Operating System Update Introduces Zero-Trust Architecture and Passkeys	Comprehensive coverage regarding cybersecurity. Zero-day vulnerabilities, ransomware defenses, and encrypted messaging standards. Insights and detailed reporting on recent developments in technology.	https://assets.msn.com/en-us/news/technology/N00044	[]	[]
N00045	entertainment	music	Exclusive: Critically Acclaimed Sci-Fi Epic Dominates Global Box Office with Record Opening	Comprehensive coverage regarding music. Stadium tour announcements, streaming chart records, and album reviews. Insights and detailed reporting on recent developments in entertainment.	https://assets.msn.com/en-us/news/entertainment/N00045	[]	[]
N00046	finance	markets	Quarterly Corporate Earnings Exceed Projections as Consumer Spending Holds Resilient	Comprehensive coverage regarding markets. Wall Street rallies, S&P 500 records, Treasury yields, and Federal Reserve rates. Insights and detailed reporting on recent developments in finance.	https://assets.msn.com/en-us/news/finance/N00046	[]	[]
N00047	entertainment	movies	Spotlight: Critically Acclaimed Sci-Fi Epic Dominates Global Box Office with Record Opening	Comprehensive coverage regarding movies. Box office weekend earnings, Academy Award predictions, and director interviews. Insights and detailed reporting on recent developments in entertainment.	https://assets.msn.com/en-us/news/entertainment/N00047	[]	[]
N00048	sports	basketball_nba	Chiefs Secure Dramatic Overtime Victory in AFC Championship Thriller	Comprehensive coverage regarding basketball nba. NBA playoffs race, triple-double records, and MVP candidate analysis. Insights and detailed reporting on recent developments in sports.	https://assets.msn.com/en-us/news/sports/N00048	[]	[]
N00049	finance	markets	Spotlight: Quarterly Corporate Earnings Exceed Projections as Consumer Spending Holds Resilient	Comprehensive coverage regarding markets. Wall Street rallies, S&P 500 records, Treasury yields, and Federal Reserve rates. Insights and detailed reporting on recent developments in finance.	https://assets.msn.com/en-us/news/finance/N00049	[]	[]
N00050	technology	artificialintelligence	Update: Open-Source AI Consortium Releases Scalable Multimodal Reasoning Framework	Comprehensive coverage regarding artificialintelligence. Generative AI foundation models, GPU clusters, and neural recommendation engines. Insights and detailed reporting on recent developments in technology.	https://assets.msn.com/en-us/news/technology/N00050	[]	[]
N00051	entertainment	music	Indie Film Sensation Sweeps Festival Awards, Eyeing Major Autumn Theatrical Run	Comprehensive coverage regarding music. Stadium tour announcements, streaming chart records, and album reviews. Insights and detailed reporting on recent developments in entertainment.	https://assets.msn.com/en-us/news/entertainment/N00051	[]	[]
N00052	technology	artificialintelligence	Deep Dive: Researchers Unveil Lightweight Neural Architecture for Real-Time On-Device Inference	Comprehensive coverage regarding artificialintelligence. Generative AI foundation models, GPU clusters, and neural recommendation engines. Insights and detailed reporting on recent developments in technology.	https://assets.msn.com/en-us/news/technology/N00052	[]	[]
N00053	finance	personalfinance	Venture Capital Investments Pivot Toward Hardware and Sovereign AI Startups	Comprehensive coverage regarding personalfinance. Roth IRA strategies, mortgage interest rate cuts, and high-yield savings. Insights and detailed reporting on recent developments in finance.	https://assets.msn.com/en-us/news/finance/N00053	[]	[]
N00054	lifestyle	health_fitness	Spotlight: Cardiologists Highlight 20-Minute Daily Walking Routine for Longevity Benefits	Comprehensive coverage regarding health fitness. Cardiovascular longevity routines, resistance training splits, and nutrition advice. Insights and detailed reporting on recent developments in lifestyle.	https://assets.msn.com/en-us/news/lifestyle/N00054	[]	[]
N00055	finance	markets	Update: Tech Heavyweights Propel S&P 500 to Fresh Record Highs in Resurgent Quarter	Comprehensive coverage regarding markets. Wall Street rallies, S&P 500 records, Treasury yields, and Federal Reserve rates. Insights and detailed reporting on recent developments in finance.	https://assets.msn.com/en-us/news/finance/N00055	[]	[]
N00056	technology	artificialintelligence	Deep Dive: High-Throughput Distributed Database Benchmarks Breakthrough in Transaction Latency	Comprehensive coverage regarding artificialintelligence. Generative AI foundation models, GPU clusters, and neural recommendation engines. Insights and detailed reporting on recent developments in technology.	https://assets.msn.com/en-us/news/technology/N00056	[]	[]
N00057	news	worldnews	Severe Winter Storm Prompts Widespread Emergency Preparedness Across Midwest	Comprehensive coverage regarding worldnews. Global diplomatic summits, geopolitical negotiations, and climate pacts. Insights and detailed reporting on recent developments in news.	https://assets.msn.com/en-us/news/news/N00057	[]	[]
N00058	entertainment	movies	Critically Acclaimed Sci-Fi Epic Dominates Global Box Office with Record Opening	Comprehensive coverage regarding movies. Box office weekend earnings, Academy Award predictions, and director interviews. Insights and detailed reporting on recent developments in entertainment.	https://assets.msn.com/en-us/news/entertainment/N00058	[]	[]
N00059	entertainment	movies	Critically Acclaimed Sci-Fi Epic Dominates Global Box Office with Record Opening	Comprehensive coverage regarding movies. Box office weekend earnings, Academy Award predictions, and director interviews. Insights and detailed reporting on recent developments in entertainment.	https://assets.msn.com/en-us/news/entertainment/N00059	[]	[]
N00060	news	worldnews	Severe Winter Storm Prompts Widespread Emergency Preparedness Across Midwest	Comprehensive coverage regarding worldnews. Global diplomatic summits, geopolitical negotiations, and climate pacts. Insights and detailed reporting on recent developments in news.	https://assets.msn.com/en-us/news/news/N00060	[]	[]
N00061	news	nationalnews	Exclusive: Bipartisan Coalition Passes Landmark Clean Energy Infrastructure Framework	Comprehensive coverage regarding nationalnews. Congressional budget debates, infrastructure spending, and federal policies. Insights and detailed reporting on recent developments in news.	https://assets.msn.com/en-us/news/news/N00061	[]	[]
N00062	technology	gadgets	Spotlight: High-Throughput Distributed Database Benchmarks Breakthrough in Transaction Latency	Comprehensive coverage regarding gadgets. Smartphone battery innovations, flagship tablet comparisons, and wearable tech. Insights and detailed reporting on recent developments in technology.	https://assets.msn.com/en-us/news/technology/N00062	[]	[]
N00063	lifestyle	travel	Special Report: Ergonomic Workspace Layouts That Boost Cognitive Focus and Reduce Fatigue	Comprehensive coverage regarding travel. Alpine backpacking itineraries, low-season flight deals, and remote eco-resorts. Insights and detailed reporting on recent developments in lifestyle.	https://assets.msn.com/en-us/news/lifestyle/N00063	[]	[]
N00064	news	worldnews	Mayor Unveils Comprehensive Downtown Revitalization and Light-Rail Transit Plan	Comprehensive coverage regarding worldnews. Global diplomatic summits, geopolitical negotiations, and climate pacts. Insights and detailed reporting on recent developments in news.	https://assets.msn.com/en-us/news/news/N00064	[]	[]
N00065	sports	soccer_epl	Deep Dive: Chiefs Secure Dramatic Overtime Victory in AFC Championship Thriller	Comprehensive coverage regarding soccer epl. Premier league title race, Champions League fixtures, and transfer rumors. Insights and detailed reporting on recent developments in sports.	https://assets.msn.com/en-us/news/sports/N00065	[]	[]
N00066	entertainment	celebrity	Update: Indie Film Sensation Sweeps Festival Awards, Eyeing Major Autumn Theatrical Run	Comprehensive coverage regarding celebrity. Red carpet fashion reviews, celebrity philanthropy, and film festival premieres. Insights and detailed reporting on recent developments in entertainment.	https://assets.msn.com/en-us/news/entertainment/N00066	[]	[]
N00067	sports	basketball_nba	Chiefs Secure Dramatic Overtime Victory in AFC Championship Thriller	Comprehensive coverage regarding basketball nba. NBA playoffs race, triple-double records, and MVP candidate analysis. Insights and detailed reporting on recent developments in sports.	https://assets.msn.com/en-us/news/sports/N00067	[]	[]
N00068	lifestyle	health_fitness	Update: Ergonomic Workspace Layouts That Boost Cognitive Focus and Reduce Fatigue	Comprehensive coverage regarding health fitness. Cardiovascular longevity routines, resistance training splits, and nutrition advice. Insights and detailed reporting on recent developments in lifestyle.	https://assets.msn.com/en-us/news/lifestyle/N00068	[]	[]
N00069	news	crime	Exclusive: Mayor Unveils Comprehensive Downtown Revitalization and Light-Rail Transit Plan	Comprehensive coverage regarding crime. High-profile judicial hearings, investigation findings, and appellate decisions. Insights and detailed reporting on recent developments in news.	https://assets.msn.com/en-us/news/news/N00069	[]	[]
N00070	technology	cybersecurity	Open-Source AI Consortium Releases Scalable Multimodal Reasoning Framework	Comprehensive coverage regarding cybersecurity. Zero-day vulnerabilities, ransomware defenses, and encrypted messaging standards. Insights and detailed reporting on recent developments in technology.	https://assets.msn.com/en-us/news/technology/N00070	[]	[]
N00071	finance	personalfinance	Tech Heavyweights Propel S&P 500 to Fresh Record Highs in Resurgent Quarter	Comprehensive coverage regarding personalfinance. Roth IRA strategies, mortgage interest rate cuts, and high-yield savings. Insights and detailed reporting on recent developments in finance.	https://assets.msn.com/en-us/news/finance/N00071	[]	[]
N00072	finance	markets	Spotlight: Mortgage Rates Retreat to Six-Month Low, Sparking Surge in Home Loan Applications	Comprehensive coverage regarding markets. Wall Street rallies, S&P 500 records, Treasury yields, and Federal Reserve rates. Insights and detailed reporting on recent developments in finance.	https://assets.msn.com/en-us/news/finance/N00072	[]	[]
N00073	lifestyle	food_drink	Exclusive: Ergonomic Workspace Layouts That Boost Cognitive Focus and Reduce Fatigue	Comprehensive coverage regarding food drink. Artisanal espresso brewing, fermentation guides, and Michelin star culinary techniques. Insights and detailed reporting on recent developments in lifestyle.	https://assets.msn.com/en-us/news/lifestyle/N00073	[]	[]
N00074	sports	baseball_mlb	Top Draft Prospect Declares for Draft Following Undefeated College Season	Comprehensive coverage regarding baseball mlb. World series recap, home run leaderboards, and pitching rotations. Insights and detailed reporting on recent developments in sports.	https://assets.msn.com/en-us/news/sports/N00074	[]	[]
N00075	sports	football_nfl	Special Report: Top Draft Prospect Declares for Draft Following Undefeated College Season	Comprehensive coverage regarding football nfl. Super Bowl predictions, quarterback injuries, and draft rankings. Insights and detailed reporting on recent developments in sports.	https://assets.msn.com/en-us/news/sports/N00075	[]	[]
N00076	news	nationalnews	Bipartisan Coalition Passes Landmark Clean Energy Infrastructure Framework	Comprehensive coverage regarding nationalnews. Congressional budget debates, infrastructure spending, and federal policies. Insights and detailed reporting on recent developments in news.	https://assets.msn.com/en-us/news/news/N00076	[]	[]
N00077	finance	personalfinance	Tech Heavyweights Propel S&P 500 to Fresh Record Highs in Resurgent Quarter	Comprehensive coverage regarding personalfinance. Roth IRA strategies, mortgage interest rate cuts, and high-yield savings. Insights and detailed reporting on recent developments in finance.	https://assets.msn.com/en-us/news/finance/N00077	[]	[]
N00078	entertainment	celebrity	Iconic Rock Legends Announce 50-City Global Farewell Stadium Tour	Comprehensive coverage regarding celebrity. Red carpet fashion reviews, celebrity philanthropy, and film festival premieres. Insights and detailed reporting on recent developments in entertainment.	https://assets.msn.com/en-us/news/entertainment/N00078	[]	[]
N00079	lifestyle	travel	Cardiologists Highlight 20-Minute Daily Walking Routine for Longevity Benefits	Comprehensive coverage regarding travel. Alpine backpacking itineraries, low-season flight deals, and remote eco-resorts. Insights and detailed reporting on recent developments in lifestyle.	https://assets.msn.com/en-us/news/lifestyle/N00079	[]	[]
N00080	entertainment	music	Critically Acclaimed Sci-Fi Epic Dominates Global Box Office with Record Opening	Comprehensive coverage regarding music. Stadium tour announcements, streaming chart records, and album reviews. Insights and detailed reporting on recent developments in entertainment.	https://assets.msn.com/en-us/news/entertainment/N00080	[]	[]
N00081	news	nationalnews	Bipartisan Coalition Passes Landmark Clean Energy Infrastructure Framework	Comprehensive coverage regarding nationalnews. Congressional budget debates, infrastructure spending, and federal policies. Insights and detailed reporting on recent developments in news.	https://assets.msn.com/en-us/news/news/N00081	[]	[]
N00082	lifestyle	travel	Update: The Science of Sourdough: Microbiome Secrets Behind Ancient Fermentation	Comprehensive coverage regarding travel. Alpine backpacking itineraries, low-season flight deals, and remote eco-resorts. Insights and detailed reporting on recent developments in lifestyle.	https://assets.msn.com/en-us/news/lifestyle/N00082	[]	[]
N00083	news	crime	Spotlight: Supreme Court Delivers Unanimous Ruling on Digital Privacy and Device Encryption	Comprehensive coverage regarding crime. High-profile judicial hearings, investigation findings, and appellate decisions. Insights and detailed reporting on recent developments in news.	https://assets.msn.com/en-us/news/news/N00083	[]	[]
N00084	finance	realestate	Exclusive: Venture Capital Investments Pivot Toward Hardware and Sovereign AI Startups	Comprehensive coverage regarding realestate. Commercial real estate distress, residential home inventory, and median pricing. Insights and detailed reporting on recent developments in finance.	https://assets.msn.com/en-us/news/finance/N00084	[]	[]
N00085	sports	baseball_mlb	Special Report: Manchester City Retains Premier League Summit with Stoppage-Time Screamer	Comprehensive coverage regarding baseball mlb. World series recap, home run leaderboards, and pitching rotations. Insights and detailed reporting on recent developments in sports.	https://assets.msn.com/en-us/news/sports/N00085	[]	[]
N00086	news	crime	Deep Dive: Supreme Court Delivers Unanimous Ruling on Digital Privacy and Device Encryption	Comprehensive coverage regarding crime. High-profile judicial hearings, investigation findings, and appellate decisions. Insights and detailed reporting on recent developments in news.	https://assets.msn.com/en-us/news/news/N00086	[]	[]
N00087	entertainment	celebrity	Streaming Platform Renews Multi-Award Winning Dystopian Drama for Season Three	Comprehensive coverage regarding celebrity. Red carpet fashion reviews, celebrity philanthropy, and film festival premieres. Insights and detailed reporting on recent developments in entertainment.	https://assets.msn.com/en-us/news/entertainment/N00087	[]	[]
N00088	sports	football_nfl	Lakers Surge Ahead Behind 40-Point Masterclass in Western Conference Clash	Comprehensive coverage regarding football nfl. Super Bowl predictions, quarterback injuries, and draft rankings. Insights and detailed reporting on recent developments in sports.	https://assets.msn.com/en-us/news/sports/N00088	[]	[]
N00089	finance	realestate	Analysis: Quarterly Corporate Earnings Exceed Projections as Consumer Spending Holds Resilient	Comprehensive coverage regarding realestate. Commercial real estate distress, residential home inventory, and median pricing. Insights and detailed reporting on recent developments in finance.	https://assets.msn.com/en-us/news/finance/N00089	[]	[]
N00090	sports	soccer_epl	Manchester City Retains Premier League Summit with Stoppage-Time Screamer	Comprehensive coverage regarding soccer epl. Premier league title race, Champions League fixtures, and transfer rumors. Insights and detailed reporting on recent developments in sports.	https://assets.msn.com/en-us/news/sports/N00090	[]	[]
N00091	sports	soccer_epl	Lakers Surge Ahead Behind 40-Point Masterclass in Western Conference Clash	Comprehensive coverage regarding soccer epl. Premier league title race, Champions League fixtures, and transfer rumors. Insights and detailed reporting on recent developments in sports.	https://assets.msn.com/en-us/news/sports/N00091	[]	[]
N00092	lifestyle	health_fitness	Hidden Mediterranean Coastal Villages That Escape the Peak Summer Crowds	Comprehensive coverage regarding health fitness. Cardiovascular longevity routines, resistance training splits, and nutrition advice. Insights and detailed reporting on recent developments in lifestyle.	https://assets.msn.com/en-us/news/lifestyle/N00092	[]	[]
N00093	technology	cybersecurity	Next-Generation Quantum Processor Demonstrates Error Mitigation Milestone	Comprehensive coverage regarding cybersecurity. Zero-day vulnerabilities, ransomware defenses, and encrypted messaging standards. Insights and detailed reporting on recent developments in technology.	https://assets.msn.com/en-us/news/technology/N00093	[]	[]
N00094	news	worldnews	Global Summit Concludes with Historic Accord on International Maritime Waters	Comprehensive coverage regarding worldnews. Global diplomatic summits, geopolitical negotiations, and climate pacts. Insights and detailed reporting on recent developments in news.	https://assets.msn.com/en-us/news/news/N00094	[]	[]
N00095	sports	basketball_nba	Manchester City Retains Premier League Summit with Stoppage-Time Screamer	Comprehensive coverage regarding basketball nba. NBA playoffs race, triple-double records, and MVP candidate analysis. Insights and detailed reporting on recent developments in sports.	https://assets.msn.com/en-us/news/sports/N00095	[]	[]
N00096	technology	cybersecurity	Spotlight: Next-Generation Quantum Processor Demonstrates Error Mitigation Milestone	Comprehensive coverage regarding cybersecurity. Zero-day vulnerabilities, ransomware defenses, and encrypted messaging standards. Insights and detailed reporting on recent developments in technology.	https://assets.msn.com/en-us/news/technology/N00096	[]	[]
N00097	sports	baseball_mlb	Chiefs Secure Dramatic Overtime Victory in AFC Championship Thriller	Comprehensive coverage regarding baseball mlb. World series recap, home run leaderboards, and pitching rotations. Insights and detailed reporting on recent developments in sports.	https://assets.msn.com/en-us/news/sports/N00097	[]	[]
N00098	news	worldnews	Analysis: Severe Winter Storm Prompts Widespread Emergency Preparedness Across Midwest	Comprehensive coverage regarding worldnews. Global diplomatic summits, geopolitical negotiations, and climate pacts. Insights and detailed reporting on recent developments in news.	https://assets.msn.com/en-us/news/news/N00098	[]	[]
N00099	news	worldnews	Special Report: Global Summit Concludes with Historic Accord on International Maritime Waters	Comprehensive coverage regarding worldnews. Global diplomatic summits, geopolitical negotiations, and climate pacts. Insights and detailed reporting on recent developments in news.	https://assets.msn.com/en-us/news/news/N00099	[]	[]
N00100	sports	soccer_epl	Manchester City Retains Premier League Summit with Stoppage-Time Screamer	Comprehensive coverage regarding soccer epl. Premier league title race, Champions League fixtures, and transfer rumors. Insights and detailed reporting on recent developments in sports.	https://assets.msn.com/en-us/news/sports/N00100	[]	[]
N00101	technology	cybersecurity	Exclusive: Open-Source AI Consortium Releases Scalable Multimodal Reasoning Framework	Comprehensive coverage regarding cybersecurity. Zero-day vulnerabilities, ransomware defenses, and encrypted messaging standards. Insights and detailed reporting on recent developments in technology.	https://assets.msn.com/en-us/news/technology/N00101	[]	[]
N00102	sports	soccer_epl	Lakers Surge Ahead Behind 40-Point Masterclass in Western Conference Clash	Comprehensive coverage regarding soccer epl. Premier league title race, Champions League fixtures, and transfer rumors. Insights and detailed reporting on recent developments in sports.	https://assets.msn.com/en-us/news/sports/N00102	[]	[]
N00103	finance	markets	Federal Reserve Signals Potential Interest Rate Pivot Amid Cooling Inflation	Comprehensive coverage regarding markets. Wall Street rallies, S&P 500 records, Treasury yields, and Federal Reserve rates. Insights and detailed reporting on recent developments in finance.	https://assets.msn.com/en-us/news/finance/N00103	[]	[]
N00104	finance	realestate	Mortgage Rates Retreat to Six-Month Low, Sparking Surge in Home Loan Applications	Comprehensive coverage regarding realestate. Commercial real estate distress, residential home inventory, and median pricing. Insights and detailed reporting on recent developments in finance.	https://assets.msn.com/en-us/news/finance/N00104	[]	[]
N00105	entertainment	movies	Streaming Platform Renews Multi-Award Winning Dystopian Drama for Season Three	Comprehensive coverage regarding movies. Box office weekend earnings, Academy Award predictions, and director interviews. Insights and detailed reporting on recent developments in entertainment.	https://assets.msn.com/en-us/news/entertainment/N00105	[]	[]
N00106	news	nationalnews	Bipartisan Coalition Passes Landmark Clean Energy Infrastructure Framework	Comprehensive coverage regarding nationalnews. Congressional budget debates, infrastructure spending, and federal policies. Insights and detailed reporting on recent developments in news.	https://assets.msn.com/en-us/news/news/N00106	[]	[]
N00107	sports	basketball_nba	Manchester City Retains Premier League Summit with Stoppage-Time Screamer	Comprehensive coverage regarding basketball nba. NBA playoffs race, triple-double records, and MVP candidate analysis. Insights and detailed reporting on recent developments in sports.	https://assets.msn.com/en-us/news/sports/N00107	[]	[]
N00108	lifestyle	food_drink	Exclusive: Mastering High-Altitude Hiking: Essential Gear, Hydration, and Acclimatization Tips	Comprehensive coverage regarding food drink. Artisanal espresso brewing, fermentation guides, and Michelin star culinary techniques. Insights and detailed reporting on recent developments in lifestyle.	https://assets.msn.com/en-us/news/lifestyle/N00108	[]	[]
N00109	lifestyle	food_drink	Deep Dive: Mastering High-Altitude Hiking: Essential Gear, Hydration, and Acclimatization Tips	Comprehensive coverage regarding food drink. Artisanal espresso brewing, fermentation guides, and Michelin star culinary techniques. Insights and detailed reporting on recent developments in lifestyle.	https://assets.msn.com/en-us/news/lifestyle/N00109	[]	[]
N00110	finance	personalfinance	Mortgage Rates Retreat to Six-Month Low, Sparking Surge in Home Loan Applications	Comprehensive coverage regarding personalfinance. Roth IRA strategies, mortgage interest rate cuts, and high-yield savings. Insights and detailed reporting on recent developments in finance.	https://assets.msn.com/en-us/news/finance/N00110	[]	[]
N00111	news	nationalnews	Severe Winter Storm Prompts Widespread Emergency Preparedness Across Midwest	Comprehensive coverage regarding nationalnews. Congressional budget debates, infrastructure spending, and federal policies. Insights and detailed reporting on recent developments in news.	https://assets.msn.com/en-us/news/news/N00111	[]	[]
N00112	news	crime	Update: Mayor Unveils Comprehensive Downtown Revitalization and Light-Rail Transit Plan	Comprehensive coverage regarding crime. High-profile judicial hearings, investigation findings, and appellate decisions. Insights and detailed reporting on recent developments in news.	https://assets.msn.com/en-us/news/news/N00112	[]	[]
N00113	sports	soccer_epl	Update: Manchester City Retains Premier League Summit with Stoppage-Time Screamer	Comprehensive coverage regarding soccer epl. Premier league title race, Champions League fixtures, and transfer rumors. Insights and detailed reporting on recent developments in sports.	https://assets.msn.com/en-us/news/sports/N00113	[]	[]
N00114	entertainment	celebrity	Iconic Rock Legends Announce 50-City Global Farewell Stadium Tour	Comprehensive coverage regarding celebrity. Red carpet fashion reviews, celebrity philanthropy, and film festival premieres. Insights and detailed reporting on recent developments in entertainment.	https://assets.msn.com/en-us/news/entertainment/N00114	[]	[]
N00115	technology	cybersecurity	Next-Generation Quantum Processor Demonstrates Error Mitigation Milestone	Comprehensive coverage regarding cybersecurity. Zero-day vulnerabilities, ransomware defenses, and encrypted messaging standards. Insights and detailed reporting on recent developments in technology.	https://assets.msn.com/en-us/news/technology/N00115	[]	[]
N00116	lifestyle	health_fitness	Spotlight: Cardiologists Highlight 20-Minute Daily Walking Routine for Longevity Benefits	Comprehensive coverage regarding health fitness. Cardiovascular longevity routines, resistance training splits, and nutrition advice. Insights and detailed reporting on recent developments in lifestyle.	https://assets.msn.com/en-us/news/lifestyle/N00116	[]	[]
N00117	lifestyle	travel	Analysis: Hidden Mediterranean Coastal Villages That Escape the Peak Summer Crowds	Comprehensive coverage regarding travel. Alpine backpacking itineraries, low-season flight deals, and remote eco-resorts. Insights and detailed reporting on recent developments in lifestyle.	https://assets.msn.com/en-us/news/lifestyle/N00117	[]	[]
N00118	lifestyle	food_drink	The Science of Sourdough: Microbiome Secrets Behind Ancient Fermentation	Comprehensive coverage regarding food drink. Artisanal espresso brewing, fermentation guides, and Michelin star culinary techniques. Insights and detailed reporting on recent developments in lifestyle.	https://assets.msn.com/en-us/news/lifestyle/N00118	[]	[]
N00119	news	worldnews	Deep Dive: Bipartisan Coalition Passes Landmark Clean Energy Infrastructure Framework	Comprehensive coverage regarding worldnews. Global diplomatic summits, geopolitical negotiations, and climate pacts. Insights and detailed reporting on recent developments in news.	https://assets.msn.com/en-us/news/news/N00119	[]	[]
N00120	entertainment	movies	Streaming Platform Renews Multi-Award Winning Dystopian Drama for Season Three	Comprehensive coverage regarding movies. Box office weekend earnings, Academy Award predictions, and director interviews. Insights and detailed reporting on recent developments in entertainment.	https://assets.msn.com/en-us/news/entertainment/N00120	[]	[]
N00121	lifestyle	travel	The Science of Sourdough: Microbiome Secrets Behind Ancient Fermentation	Comprehensive coverage regarding travel. Alpine backpacking itineraries, low-season flight deals, and remote eco-resorts. Insights and detailed reporting on recent developments in lifestyle.	https://assets.msn.com/en-us/news/lifestyle/N00121	[]	[]
N00122	technology	gadgets	Spotlight: High-Throughput Distributed Database Benchmarks Breakthrough in Transaction Latency	Comprehensive coverage regarding gadgets. Smartphone battery innovations, flagship tablet comparisons, and wearable tech. Insights and detailed reporting on recent developments in technology.	https://assets.msn.com/en-us/news/technology/N00122	[]	[]
N00123	lifestyle	health_fitness	Cardiologists Highlight 20-Minute Daily Walking Routine for Longevity Benefits	Comprehensive coverage regarding health fitness. Cardiovascular longevity routines, resistance training splits, and nutrition advice. Insights and detailed reporting on recent developments in lifestyle.	https://assets.msn.com/en-us/news/lifestyle/N00123	[]	[]
N00124	news	worldnews	Mayor Unveils Comprehensive Downtown Revitalization and Light-Rail Transit Plan	Comprehensive coverage regarding worldnews. Global diplomatic summits, geopolitical negotiations, and climate pacts. Insights and detailed reporting on recent developments in news.	https://assets.msn.com/en-us/news/news/N00124	[]	[]
N00125	entertainment	movies	Critically Acclaimed Sci-Fi Epic Dominates Global Box Office with Record Opening	Comprehensive coverage regarding movies. Box office weekend earnings, Academy Award predictions, and director interviews. Insights and detailed reporting on recent developments in entertainment.	https://assets.msn.com/en-us/news/entertainment/N00125	[]	[]
N00126	technology	cybersecurity	Open-Source AI Consortium Releases Scalable Multimodal Reasoning Framework	Comprehensive coverage regarding cybersecurity. Zero-day vulnerabilities, ransomware defenses, and encrypted messaging standards. Insights and detailed reporting on recent developments in technology.	https://assets.msn.com/en-us/news/technology/N00126	[]	[]
N00127	entertainment	music	Streaming Platform Renews Multi-Award Winning Dystopian Drama for Season Three	Comprehensive coverage regarding music. Stadium tour announcements, streaming chart records, and album reviews. Insights and detailed reporting on recent developments in entertainment.	https://assets.msn.com/en-us/news/entertainment/N00127	[]	[]
N00128	lifestyle	travel	Ergonomic Workspace Layouts That Boost Cognitive Focus and Reduce Fatigue	Comprehensive coverage regarding travel. Alpine backpacking itineraries, low-season flight deals, and remote eco-resorts. Insights and detailed reporting on recent developments in lifestyle.	https://assets.msn.com/en-us/news/lifestyle/N00128	[]	[]
N00129	entertainment	music	Indie Film Sensation Sweeps Festival Awards, Eyeing Major Autumn Theatrical Run	Comprehensive coverage regarding music. Stadium tour announcements, streaming chart records, and album reviews. Insights and detailed reporting on recent developments in entertainment.	https://assets.msn.com/en-us/news/entertainment/N00129	[]	[]
N00130	technology	gadgets	Major Operating System Update Introduces Zero-Trust Architecture and Passkeys	Comprehensive coverage regarding gadgets. Smartphone battery innovations, flagship tablet comparisons, and wearable tech. Insights and detailed reporting on recent developments in technology.	https://assets.msn.com/en-us/news/technology/N00130	[]	[]
N00131	lifestyle	food_drink	Mastering High-Altitude Hiking: Essential Gear, Hydration, and Acclimatization Tips	Comprehensive coverage regarding food drink. Artisanal espresso brewing, fermentation guides, and Michelin star culinary techniques. Insights and detailed reporting on recent developments in lifestyle.	https://assets.msn.com/en-us/news/lifestyle/N00131	[]	[]
N00132	news	nationalnews	Special Report: Severe Winter Storm Prompts Widespread Emergency Preparedness Across Midwest	Comprehensive coverage regarding nationalnews. Congressional budget debates, infrastructure spending, and federal policies. Insights and detailed reporting on recent developments in news.	https://assets.msn.com/en-us/news/news/N00132	[]	[]
N00133	news	nationalnews	Update: Supreme Court Delivers Unanimous Ruling on Digital Privacy and Device Encryption	Comprehensive coverage regarding nationalnews. Congressional budget debates, infrastructure spending, and federal policies. Insights and detailed reporting on recent developments in news.	https://assets.msn.com/en-us/news/news/N00133	[]	[]
N00134	sports	basketball_nba	Spotlight: Lakers Surge Ahead Behind 40-Point Masterclass in Western Conference Clash	Comprehensive coverage regarding basketball nba. NBA playoffs race, triple-double records, and MVP candidate analysis. Insights and detailed reporting on recent developments in sports.	https://assets.msn.com/en-us/news/sports/N00134	[]	[]
N00135	news	crime	Deep Dive: Global Summit Concludes with Historic Accord on International Maritime Waters	Comprehensive coverage regarding crime. High-profile judicial hearings, investigation findings, and appellate decisions. Insights and detailed reporting on recent developments in news.	https://assets.msn.com/en-us/news/news/N00135	[]	[]
N00136	finance	realestate	Venture Capital Investments Pivot Toward Hardware and Sovereign AI Startups	Comprehensive coverage regarding realestate. Commercial real estate distress, residential home inventory, and median pricing. Insights and detailed reporting on recent developments in finance.	https://assets.msn.com/en-us/news/finance/N00136	[]	[]
N00137	news	nationalnews	Severe Winter Storm Prompts Widespread Emergency Preparedness Across Midwest	Comprehensive coverage regarding nationalnews. Congressional budget debates, infrastructure spending, and federal policies. Insights and detailed reporting on recent developments in news.	https://assets.msn.com/en-us/news/news/N00137	[]	[]
N00138	entertainment	celebrity	Critically Acclaimed Sci-Fi Epic Dominates Global Box Office with Record Opening	Comprehensive coverage regarding celebrity. Red carpet fashion reviews, celebrity philanthropy, and film festival premieres. Insights and detailed reporting on recent developments in entertainment.	https://assets.msn.com/en-us/news/entertainment/N00138	[]	[]
N00139	entertainment	music	Special Report: Streaming Platform Renews Multi-Award Winning Dystopian Drama for Season Three	Comprehensive coverage regarding music. Stadium tour announcements, streaming chart records, and album reviews. Insights and detailed reporting on recent developments in entertainment.	https://assets.msn.com/en-us/news/entertainment/N00139	[]	[]
N00140	finance	personalfinance	Venture Capital Investments Pivot Toward Hardware and Sovereign AI Startups	Comprehensive coverage regarding personalfinance. Roth IRA strategies, mortgage interest rate cuts, and high-yield savings. Insights and detailed reporting on recent developments in finance.	https://assets.msn.com/en-us/news/finance/N00140	[]	[]
N00141	lifestyle	travel	Mastering High-Altitude Hiking: Essential Gear, Hydration, and Acclimatization Tips	Comprehensive coverage regarding travel. Alpine backpacking itineraries, low-season flight deals, and remote eco-resorts. Insights and detailed reporting on recent developments in lifestyle.	https://assets.msn.com/en-us/news/lifestyle/N00141	[]	[]
N00142	technology	artificialintelligence	Major Operating System Update Introduces Zero-Trust Architecture and Passkeys	Comprehensive coverage regarding artificialintelligence. Generative AI foundation models, GPU clusters, and neural recommendation engines. Insights and detailed reporting on recent developments in technology.	https://assets.msn.com/en-us/news/technology/N00142	[]	[]
N00143	sports	baseball_mlb	Manchester City Retains Premier League Summit with Stoppage-Time Screamer	Comprehensive coverage regarding baseball mlb. World series recap, home run leaderboards, and pitching rotations. Insights and detailed reporting on recent developments in sports.	https://assets.msn.com/en-us/news/sports/N00143	[]	[]
N00144	technology	cybersecurity	Next-Generation Quantum Processor Demonstrates Error Mitigation Milestone	Comprehensive coverage regarding cybersecurity. Zero-day vulnerabilities, ransomware defenses, and encrypted messaging standards. Insights and detailed reporting on recent developments in technology.	https://assets.msn.com/en-us/news/technology/N00144	[]	[]
N00145	news	crime	Deep Dive: Mayor Unveils Comprehensive Downtown Revitalization and Light-Rail Transit Plan	Comprehensive coverage regarding crime. High-profile judicial hearings, investigation findings, and appellate decisions. Insights and detailed reporting on recent developments in news.	https://assets.msn.com/en-us/news/news/N00145	[]	[]
N00146	entertainment	celebrity	Deep Dive: Critically Acclaimed Sci-Fi Epic Dominates Global Box Office with Record Opening	Comprehensive coverage regarding celebrity. Red carpet fashion reviews, celebrity philanthropy, and film festival premieres. Insights and detailed reporting on recent developments in entertainment.	https://assets.msn.com/en-us/news/entertainment/N00146	[]	[]
N00147	news	nationalnews	Deep Dive: Global Summit Concludes with Historic Accord on International Maritime Waters	Comprehensive coverage regarding nationalnews. Congressional budget debates, infrastructure spending, and federal policies. Insights and detailed reporting on recent developments in news.	https://assets.msn.com/en-us/news/news/N00147	[]	[]
N00148	finance	markets	Deep Dive: Venture Capital Investments Pivot Toward Hardware and Sovereign AI Startups	Comprehensive coverage regarding markets. Wall Street rallies, S&P 500 records, Treasury yields, and Federal Reserve rates. Insights and detailed reporting on recent developments in finance.	https://assets.msn.com/en-us/news/finance/N00148	[]	[]
N00149	finance	personalfinance	Mortgage Rates Retreat to Six-Month Low, Sparking Surge in Home Loan Applications	Comprehensive coverage regarding personalfinance. Roth IRA strategies, mortgage interest rate cuts, and high-yield savings. Insights and detailed reporting on recent developments in finance.	https://assets.msn.com/en-us/news/finance/N00149	[]	[]
N00150	technology	artificialintelligence	Special Report: Open-Source AI Consortium Releases Scalable Multimodal Reasoning Framework	Comprehensive coverage regarding artificialintelligence. Generative AI foundation models, GPU clusters, and neural recommendation engines. Insights and detailed reporting on recent developments in technology.	https://assets.msn.com/en-us/news/technology/N00150	[]	[]
N00151	news	crime	Bipartisan Coalition Passes Landmark Clean Energy Infrastructure Framework	Comprehensive coverage regarding crime. High-profile judicial hearings, investigation findings, and appellate decisions. Insights and detailed reporting on recent developments in news.	https://assets.msn.com/en-us/news/news/N00151	[]	[]
N00152	lifestyle	health_fitness	Cardiologists Highlight 20-Minute Daily Walking Routine for Longevity Benefits	Comprehensive coverage regarding health fitness. Cardiovascular longevity routines, resistance training splits, and nutrition advice. Insights and detailed reporting on recent developments in lifestyle.	https://assets.msn.com/en-us/news/lifestyle/N00152	[]	[]
N00153	news	worldnews	Analysis: Mayor Unveils Comprehensive Downtown Revitalization and Light-Rail Transit Plan	Comprehensive coverage regarding worldnews. Global diplomatic summits, geopolitical negotiations, and climate pacts. Insights and detailed reporting on recent developments in news.	https://assets.msn.com/en-us/news/news/N00153	[]	[]
N00154	technology	cybersecurity	Researchers Unveil Lightweight Neural Architecture for Real-Time On-Device Inference	Comprehensive coverage regarding cybersecurity. Zero-day vulnerabilities, ransomware defenses, and encrypted messaging standards. Insights and detailed reporting on recent developments in technology.	https://assets.msn.com/en-us/news/technology/N00154	[]	[]
N00155	news	nationalnews	Supreme Court Delivers Unanimous Ruling on Digital Privacy and Device Encryption	Comprehensive coverage regarding nationalnews. Congressional budget debates, infrastructure spending, and federal policies. Insights and detailed reporting on recent developments in news.	https://assets.msn.com/en-us/news/news/N00155	[]	[]
N00156	news	crime	Mayor Unveils Comprehensive Downtown Revitalization and Light-Rail Transit Plan	Comprehensive coverage regarding crime. High-profile judicial hearings, investigation findings, and appellate decisions. Insights and detailed reporting on recent developments in news.	https://assets.msn.com/en-us/news/news/N00156	[]	[]
N00157	lifestyle	health_fitness	The Science of Sourdough: Microbiome Secrets Behind Ancient Fermentation	Comprehensive coverage regarding health fitness. Cardiovascular longevity routines, resistance training splits, and nutrition advice. Insights and detailed reporting on recent developments in lifestyle.	https://assets.msn.com/en-us/news/lifestyle/N00157	[]	[]
N00158	sports	football_nfl	Manchester City Retains Premier League Summit with Stoppage-Time Screamer	Comprehensive coverage regarding football nfl. Super Bowl predictions, quarterback injuries, and draft rankings. Insights and detailed reporting on recent developments in sports.	https://assets.msn.com/en-us/news/sports/N00158	[]	[]
N00159	technology	gadgets	Spotlight: Next-Generation Quantum Processor Demonstrates Error Mitigation Milestone	Comprehensive coverage regarding gadgets. Smartphone battery innovations, flagship tablet comparisons, and wearable tech. Insights and detailed reporting on recent developments in technology.	https://assets.msn.com/en-us/news/technology/N00159	[]	[]
N00160	lifestyle	health_fitness	Cardiologists Highlight 20-Minute Daily Walking Routine for Longevity Benefits	Comprehensive coverage regarding health fitness. Cardiovascular longevity routines, resistance training splits, and nutrition advice. Insights and detailed reporting on recent developments in lifestyle.	https://assets.msn.com/en-us/news/lifestyle/N00160	[]	[]
N00161	finance	realestate	Quarterly Corporate Earnings Exceed Projections as Consumer Spending Holds Resilient	Comprehensive coverage regarding realestate. Commercial real estate distress, residential home inventory, and median pricing. Insights and detailed reporting on recent developments in finance.	https://assets.msn.com/en-us/news/finance/N00161	[]	[]
N00162	entertainment	movies	Iconic Rock Legends Announce 50-City Global Farewell Stadium Tour	Comprehensive coverage regarding movies. Box office weekend earnings, Academy Award predictions, and director interviews. Insights and detailed reporting on recent developments in entertainment.	https://assets.msn.com/en-us/news/entertainment/N00162	[]	[]
N00163	lifestyle	food_drink	Cardiologists Highlight 20-Minute Daily Walking Routine for Longevity Benefits	Comprehensive coverage regarding food drink. Artisanal espresso brewing, fermentation guides, and Michelin star culinary techniques. Insights and detailed reporting on recent developments in lifestyle.	https://assets.msn.com/en-us/news/lifestyle/N00163	[]	[]
N00164	finance	markets	Venture Capital Investments Pivot Toward Hardware and Sovereign AI Startups	Comprehensive coverage regarding markets. Wall Street rallies, S&P 500 records, Treasury yields, and Federal Reserve rates. Insights and detailed reporting on recent developments in finance.	https://assets.msn.com/en-us/news/finance/N00164	[]	[]
N00165	sports	baseball_mlb	Manchester City Retains Premier League Summit with Stoppage-Time Screamer	Comprehensive coverage regarding baseball mlb. World series recap, home run leaderboards, and pitching rotations. Insights and detailed reporting on recent developments in sports.	https://assets.msn.com/en-us/news/sports/N00165	[]	[]
N00166	technology	cybersecurity	Next-Generation Quantum Processor Demonstrates Error Mitigation Milestone	Comprehensive coverage regarding cybersecurity. Zero-day vulnerabilities, ransomware defenses, and encrypted messaging standards. Insights and detailed reporting on recent developments in technology.	https://assets.msn.com/en-us/news/technology/N00166	[]	[]
N00167	lifestyle	travel	Hidden Mediterranean Coastal Villages That Escape the Peak Summer Crowds	Comprehensive coverage regarding travel. Alpine backpacking itineraries, low-season flight deals, and remote eco-resorts. Insights and detailed reporting on recent developments in lifestyle.	https://assets.msn.com/en-us/news/lifestyle/N00167	[]	[]
N00168	entertainment	music	Streaming Platform Renews Multi-Award Winning Dystopian Drama for Season Three	Comprehensive coverage regarding music. Stadium tour announcements, streaming chart records, and album reviews. Insights and detailed reporting on recent developments in entertainment.	https://assets.msn.com/en-us/news/entertainment/N00168	[]	[]
N00169	lifestyle	travel	Analysis: Hidden Mediterranean Coastal Villages That Escape the Peak Summer Crowds	Comprehensive coverage regarding travel. Alpine backpacking itineraries, low-season flight deals, and remote eco-resorts. Insights and detailed reporting on recent developments in lifestyle.	https://assets.msn.com/en-us/news/lifestyle/N00169	[]	[]
N00170	sports	soccer_epl	Deep Dive: Record-Breaking Strikeout Sequence Ignites Franchise Playoff Hopes	Comprehensive coverage regarding soccer epl. Premier league title race, Champions League fixtures, and transfer rumors. Insights and detailed reporting on recent developments in sports.	https://assets.msn.com/en-us/news/sports/N00170	[]	[]
N00171	entertainment	celebrity	Deep Dive: Streaming Platform Renews Multi-Award Winning Dystopian Drama for Season Three	Comprehensive coverage regarding celebrity. Red carpet fashion reviews, celebrity philanthropy, and film festival premieres. Insights and detailed reporting on recent developments in entertainment.	https://assets.msn.com/en-us/news/entertainment/N00171	[]	[]
N00172	finance	markets	Special Report: Venture Capital Investments Pivot Toward Hardware and Sovereign AI Startups	Comprehensive coverage regarding markets. Wall Street rallies, S&P 500 records, Treasury yields, and Federal Reserve rates. Insights and detailed reporting on recent developments in finance.	https://assets.msn.com/en-us/news/finance/N00172	[]	[]
N00173	finance	personalfinance	Quarterly Corporate Earnings Exceed Projections as Consumer Spending Holds Resilient	Comprehensive coverage regarding personalfinance. Roth IRA strategies, mortgage interest rate cuts, and high-yield savings. Insights and detailed reporting on recent developments in finance.	https://assets.msn.com/en-us/news/finance/N00173	[]	[]
N00174	finance	realestate	Federal Reserve Signals Potential Interest Rate Pivot Amid Cooling Inflation	Comprehensive coverage regarding realestate. Commercial real estate distress, residential home inventory, and median pricing. Insights and detailed reporting on recent developments in finance.	https://assets.msn.com/en-us/news/finance/N00174	[]	[]
N00175	news	worldnews	Global Summit Concludes with Historic Accord on International Maritime Waters	Comprehensive coverage regarding worldnews. Global diplomatic summits, geopolitical negotiations, and climate pacts. Insights and detailed reporting on recent developments in news.	https://assets.msn.com/en-us/news/news/N00175	[]	[]
N00176	technology	cybersecurity	Next-Generation Quantum Processor Demonstrates Error Mitigation Milestone	Comprehensive coverage regarding cybersecurity. Zero-day vulnerabilities, ransomware defenses, and encrypted messaging standards. Insights and detailed reporting on recent developments in technology.	https://assets.msn.com/en-us/news/technology/N00176	[]	[]
N00177	lifestyle	travel	Ergonomic Workspace Layouts That Boost Cognitive Focus and Reduce Fatigue	Comprehensive coverage regarding travel. Alpine backpacking itineraries, low-season flight deals, and remote eco-resorts. Insights and detailed reporting on recent developments in lifestyle.	https://assets.msn.com/en-us/news/lifestyle/N00177	[]	[]
N00178	sports	football_nfl	Spotlight: Manchester City Retains Premier League Summit with Stoppage-Time Screamer	Comprehensive coverage regarding football nfl. Super Bowl predictions, quarterback injuries, and draft rankings. Insights and detailed reporting on recent developments in sports.	https://assets.msn.com/en-us/news/sports/N00178	[]	[]
N00179	news	nationalnews	Update: Mayor Unveils Comprehensive Downtown Revitalization and Light-Rail Transit Plan	Comprehensive coverage regarding nationalnews. Congressional budget debates, infrastructure spending, and federal policies. Insights and detailed reporting on recent developments in news.	https://assets.msn.com/en-us/news/news/N00179	[]	[]
N00180	entertainment	music	Streaming Platform Renews Multi-Award Winning Dystopian Drama for Season Three	Comprehensive coverage regarding music. Stadium tour announcements, streaming chart records, and album reviews. Insights and detailed reporting on recent developments in entertainment.	https://assets.msn.com/en-us/news/entertainment/N00180	[]	[]
N00181	entertainment	music	Iconic Rock Legends Announce 50-City Global Farewell Stadium Tour	Comprehensive coverage regarding music. Stadium tour announcements, streaming chart records, and album reviews. Insights and detailed reporting on recent developments in entertainment.	https://assets.msn.com/en-us/news/entertainment/N00181	[]	[]
N00182	finance	personalfinance	Spotlight: Mortgage Rates Retreat to Six-Month Low, Sparking Surge in Home Loan Applications	Comprehensive coverage regarding personalfinance. Roth IRA strategies, mortgage interest rate cuts, and high-yield savings. Insights and detailed reporting on recent developments in finance.	https://assets.msn.com/en-us/news/finance/N00182	[]	[]
N00183	news	nationalnews	Bipartisan Coalition Passes Landmark Clean Energy Infrastructure Framework	Comprehensive coverage regarding nationalnews. Congressional budget debates, infrastructure spending, and federal policies. Insights and detailed reporting on recent developments in news.	https://assets.msn.com/en-us/news/news/N00183	[]	[]
N00184	lifestyle	health_fitness	Deep Dive: The Science of Sourdough: Microbiome Secrets Behind Ancient Fermentation	Comprehensive coverage regarding health fitness. Cardiovascular longevity routines, resistance training splits, and nutrition advice. Insights and detailed reporting on recent developments in lifestyle.	https://assets.msn.com/en-us/news/lifestyle/N00184	[]	[]
N00185	finance	realestate	Quarterly Corporate Earnings Exceed Projections as Consumer Spending Holds Resilient	Comprehensive coverage regarding realestate. Commercial real estate distress, residential home inventory, and median pricing. Insights and detailed reporting on recent developments in finance.	https://assets.msn.com/en-us/news/finance/N00185	[]	[]
N00186	entertainment	celebrity	Iconic Rock Legends Announce 50-City Global Farewell Stadium Tour	Comprehensive coverage regarding celebrity. Red carpet fashion reviews, celebrity philanthropy, and film festival premieres. Insights and detailed reporting on recent developments in entertainment.	https://assets.msn.com/en-us/news/entertainment/N00186	[]	[]
N00187	news	nationalnews	Special Report: Global Summit Concludes with Historic Accord on International Maritime Waters	Comprehensive coverage regarding nationalnews. Congressional budget debates, infrastructure spending, and federal policies. Insights and detailed reporting on recent developments in news.	https://assets.msn.com/en-us/news/news/N00187	[]	[]
N00188	sports	basketball_nba	Exclusive: Manchester City Retains Premier League Summit with Stoppage-Time Screamer	Comprehensive coverage regarding basketball nba. NBA playoffs race, triple-double records, and MVP candidate analysis. Insights and detailed reporting on recent developments in sports.	https://assets.msn.com/en-us/news/sports/N00188	[]	[]
N00189	entertainment	music	Indie Film Sensation Sweeps Festival Awards, Eyeing Major Autumn Theatrical Run	Comprehensive coverage regarding music. Stadium tour announcements, streaming chart records, and album reviews. Insights and detailed reporting on recent developments in entertainment.	https://assets.msn.com/en-us/news/entertainment/N00189	[]	[]
N00190	technology	artificialintelligence	Researchers Unveil Lightweight Neural Architecture for Real-Time On-Device Inference	Comprehensive coverage regarding artificialintelligence. Generative AI foundation models, GPU clusters, and neural recommendation engines. Insights and detailed reporting on recent developments in technology.	https://assets.msn.com/en-us/news/technology/N00190	[]	[]
N00191	technology	gadgets	Exclusive: High-Throughput Distributed Database Benchmarks Breakthrough in Transaction Latency	Comprehensive coverage regarding gadgets. Smartphone battery innovations, flagship tablet comparisons, and wearable tech. Insights and detailed reporting on recent developments in technology.	https://assets.msn.com/en-us/news/technology/N00191	[]	[]
N00192	finance	personalfinance	Federal Reserve Signals Potential Interest Rate Pivot Amid Cooling Inflation	Comprehensive coverage regarding personalfinance. Roth IRA strategies, mortgage interest rate cuts, and high-yield savings. Insights and detailed reporting on recent developments in finance.	https://assets.msn.com/en-us/news/finance/N00192	[]	[]
N00193	technology	gadgets	Researchers Unveil Lightweight Neural Architecture for Real-Time On-Device Inference	Comprehensive coverage regarding gadgets. Smartphone battery innovations, flagship tablet comparisons, and wearable tech. Insights and detailed reporting on recent developments in technology.	https://assets.msn.com/en-us/news/technology/N00193	[]	[]
N00194	lifestyle	health_fitness	Update: The Science of Sourdough: Microbiome Secrets Behind Ancient Fermentation	Comprehensive coverage regarding health fitness. Cardiovascular longevity routines, resistance training splits, and nutrition advice. Insights and detailed reporting on recent developments in lifestyle.	https://assets.msn.com/en-us/news/lifestyle/N00194	[]	[]
N00195	finance	markets	Deep Dive: Tech Heavyweights Propel S&P 500 to Fresh Record Highs in Resurgent Quarter	Comprehensive coverage regarding markets. Wall Street rallies, S&P 500 records, Treasury yields, and Federal Reserve rates. Insights and detailed reporting on recent developments in finance.	https://assets.msn.com/en-us/news/finance/N00195	[]	[]
N00196	entertainment	celebrity	Update: Behind-the-Scenes Retrospective: How Master Directors Crafted Cinema's Greatest Shots	Comprehensive coverage regarding celebrity. Red carpet fashion reviews, celebrity philanthropy, and film festival premieres. Insights and detailed reporting on recent developments in entertainment.	https://assets.msn.com/en-us/news/entertainment/N00196	[]	[]
N00197	technology	gadgets	Update: High-Throughput Distributed Database Benchmarks Breakthrough in Transaction Latency	Comprehensive coverage regarding gadgets. Smartphone battery innovations, flagship tablet comparisons, and wearable tech. Insights and detailed reporting on recent developments in technology.	https://assets.msn.com/en-us/news/technology/N00197	[]	[]
N00198	technology	gadgets	Open-Source AI Consortium Releases Scalable Multimodal Reasoning Framework	Comprehensive coverage regarding gadgets. Smartphone battery innovations, flagship tablet comparisons, and wearable tech. Insights and detailed reporting on recent developments in technology.	https://assets.msn.com/en-us/news/technology/N00198	[]	[]
N00199	entertainment	celebrity	Critically Acclaimed Sci-Fi Epic Dominates Global Box Office with Record Opening	Comprehensive coverage regarding celebrity. Red carpet fashion reviews, celebrity philanthropy, and film festival premieres. Insights and detailed reporting on recent developments in entertainment.	https://assets.msn.com/en-us/news/entertainment/N00199	[]	[]
N00200	news	crime	Exclusive: Global Summit Concludes with Historic Accord on International Maritime Waters	Comprehensive coverage regarding crime. High-profile judicial hearings, investigation findings, and appellate decisions. Insights and detailed reporting on recent developments in news.	https://assets.msn.com/en-us/news/news/N00200	[]	[]
N00201	news	worldnews	Global Summit Concludes with Historic Accord on International Maritime Waters	Comprehensive coverage regarding worldnews. Global diplomatic summits, geopolitical negotiations, and climate pacts. Insights and detailed reporting on recent developments in news.	https://assets.msn.com/en-us/news/news/N00201	[]	[]
N00202	news	worldnews	Severe Winter Storm Prompts Widespread Emergency Preparedness Across Midwest	Comprehensive coverage regarding worldnews. Global diplomatic summits, geopolitical negotiations, and climate pacts. Insights and detailed reporting on recent developments in news.	https://assets.msn.com/en-us/news/news/N00202	[]	[]
N00203	entertainment	music	Special Report: Iconic Rock Legends Announce 50-City Global Farewell Stadium Tour	Comprehensive coverage regarding music. Stadium tour announcements, streaming chart records, and album reviews. Insights and detailed reporting on recent developments in entertainment.	https://assets.msn.com/en-us/news/entertainment/N00203	[]	[]
N00204	lifestyle	food_drink	Analysis: Ergonomic Workspace Layouts That Boost Cognitive Focus and Reduce Fatigue	Comprehensive coverage regarding food drink. Artisanal espresso brewing, fermentation guides, and Michelin star culinary techniques. Insights and detailed reporting on recent developments in lifestyle.	https://assets.msn.com/en-us/news/lifestyle/N00204	[]	[]
N00205	finance	realestate	Quarterly Corporate Earnings Exceed Projections as Consumer Spending Holds Resilient	Comprehensive coverage regarding realestate. Commercial real estate distress, residential home inventory, and median pricing. Insights and detailed reporting on recent developments in finance.	https://assets.msn.com/en-us/news/finance/N00205	[]	[]
N00206	news	nationalnews	Bipartisan Coalition Passes Landmark Clean Energy Infrastructure Framework	Comprehensive coverage regarding nationalnews. Congressional budget debates, infrastructure spending, and federal policies. Insights and detailed reporting on recent developments in news.	https://assets.msn.com/en-us/news/news/N00206	[]	[]
N00207	lifestyle	health_fitness	Hidden Mediterranean Coastal Villages That Escape the Peak Summer Crowds	Comprehensive coverage regarding health fitness. Cardiovascular longevity routines, resistance training splits, and nutrition advice. Insights and detailed reporting on recent developments in lifestyle.	https://assets.msn.com/en-us/news/lifestyle/N00207	[]	[]
N00208	sports	football_nfl	Lakers Surge Ahead Behind 40-Point Masterclass in Western Conference Clash	Comprehensive coverage regarding football nfl. Super Bowl predictions, quarterback injuries, and draft rankings. Insights and detailed reporting on recent developments in sports.	https://assets.msn.com/en-us/news/sports/N00208	[]	[]
N00209	entertainment	celebrity	Behind-the-Scenes Retrospective: How Master Directors Crafted Cinema's Greatest Shots	Comprehensive coverage regarding celebrity. Red carpet fashion reviews, celebrity philanthropy, and film festival premieres. Insights and detailed reporting on recent developments in entertainment.	https://assets.msn.com/en-us/news/entertainment/N00209	[]	[]
N00210	technology	artificialintelligence	High-Throughput Distributed Database Benchmarks Breakthrough in Transaction Latency	Comprehensive coverage regarding artificialintelligence. Generative AI foundation models, GPU clusters, and neural recommendation engines. Insights and detailed reporting on recent developments in technology.	https://assets.msn.com/en-us/news/technology/N00210	[]	[]
N00211	lifestyle	food_drink	Hidden Mediterranean Coastal Villages That Escape the Peak Summer Crowds	Comprehensive coverage regarding food drink. Artisanal espresso brewing, fermentation guides, and Michelin star culinary techniques. Insights and detailed reporting on recent developments in lifestyle.	https://assets.msn.com/en-us/news/lifestyle/N00211	[]	[]
N00212	technology	gadgets	Researchers Unveil Lightweight Neural Architecture for Real-Time On-Device Inference	Comprehensive coverage regarding gadgets. Smartphone battery innovations, flagship tablet comparisons, and wearable tech. Insights and detailed reporting on recent developments in technology.	https://assets.msn.com/en-us/news/technology/N00212	[]	[]
N00213	technology	cybersecurity	Major Operating System Update Introduces Zero-Trust Architecture and Passkeys	Comprehensive coverage regarding cybersecurity. Zero-day vulnerabilities, ransomware defenses, and encrypted messaging standards. Insights and detailed reporting on recent developments in technology.	https://assets.msn.com/en-us/news/technology/N00213	[]	[]
N00214	sports	football_nfl	Lakers Surge Ahead Behind 40-Point Masterclass in Western Conference Clash	Comprehensive coverage regarding football nfl. Super Bowl predictions, quarterback injuries, and draft rankings. Insights and detailed reporting on recent developments in sports.	https://assets.msn.com/en-us/news/sports/N00214	[]	[]
N00215	entertainment	celebrity	Critically Acclaimed Sci-Fi Epic Dominates Global Box Office with Record Opening	Comprehensive coverage regarding celebrity. Red carpet fashion reviews, celebrity philanthropy, and film festival premieres. Insights and detailed reporting on recent developments in entertainment.	https://assets.msn.com/en-us/news/entertainment/N00215	[]	[]
N00216	lifestyle	food_drink	Analysis: Mastering High-Altitude Hiking: Essential Gear, Hydration, and Acclimatization Tips	Comprehensive coverage regarding food drink. Artisanal espresso brewing, fermentation guides, and Michelin star culinary techniques. Insights and detailed reporting on recent developments in lifestyle.	https://assets.msn.com/en-us/news/lifestyle/N00216	[]	[]
N00217	technology	cybersecurity	High-Throughput Distributed Database Benchmarks Breakthrough in Transaction Latency	Comprehensive coverage regarding cybersecurity. Zero-day vulnerabilities, ransomware defenses, and encrypted messaging standards. Insights and detailed reporting on recent developments in technology.	https://assets.msn.com/en-us/news/technology/N00217	[]	[]
N00218	news	crime	Severe Winter Storm Prompts Widespread Emergency Preparedness Across Midwest	Comprehensive coverage regarding crime. High-profile judicial hearings, investigation findings, and appellate decisions. Insights and detailed reporting on recent developments in news.	https://assets.msn.com/en-us/news/news/N00218	[]	[]
N00219	technology	artificialintelligence	Special Report: High-Throughput Distributed Database Benchmarks Breakthrough in Transaction Latency	Comprehensive coverage regarding artificialintelligence. Generative AI foundation models, GPU clusters, and neural recommendation engines. Insights and detailed reporting on recent developments in technology.	https://assets.msn.com/en-us/news/technology/N00219	[]	[]
N00220	finance	realestate	Federal Reserve Signals Potential Interest Rate Pivot Amid Cooling Inflation	Comprehensive coverage regarding realestate. Commercial real estate distress, residential home inventory, and median pricing. Insights and detailed reporting on recent developments in finance.	https://assets.msn.com/en-us/news/finance/N00220	[]	[]
N00221	finance	personalfinance	Deep Dive: Venture Capital Investments Pivot Toward Hardware and Sovereign AI Startups	Comprehensive coverage regarding personalfinance. Roth IRA strategies, mortgage interest rate cuts, and high-yield savings. Insights and detailed reporting on recent developments in finance.	https://assets.msn.com/en-us/news/finance/N00221	[]	[]
N00222	entertainment	movies	Special Report: Streaming Platform Renews Multi-Award Winning Dystopian Drama for Season Three	Comprehensive coverage regarding movies. Box office weekend earnings, Academy Award predictions, and director interviews. Insights and detailed reporting on recent developments in entertainment.	https://assets.msn.com/en-us/news/entertainment/N00222	[]	[]
N00223	finance	markets	Venture Capital Investments Pivot Toward Hardware and Sovereign AI Startups	Comprehensive coverage regarding markets. Wall Street rallies, S&P 500 records, Treasury yields, and Federal Reserve rates. Insights and detailed reporting on recent developments in finance.	https://assets.msn.com/en-us/news/finance/N00223	[]	[]
N00224	sports	baseball_mlb	Update: Record-Breaking Strikeout Sequence Ignites Franchise Playoff Hopes	Comprehensive coverage regarding baseball mlb. World series recap, home run leaderboards, and pitching rotations. Insights and detailed reporting on recent developments in sports.	https://assets.msn.com/en-us/news/sports/N00224	[]	[]
N00225	finance	realestate	Venture Capital Investments Pivot Toward Hardware and Sovereign AI Startups	Comprehensive coverage regarding realestate. Commercial real estate distress, residential home inventory, and median pricing. Insights and detailed reporting on recent developments in finance.	https://assets.msn.com/en-us/news/finance/N00225	[]	[]
N00226	sports	basketball_nba	Manchester City Retains Premier League Summit with Stoppage-Time Screamer	Comprehensive coverage regarding basketball nba. NBA playoffs race, triple-double records, and MVP candidate analysis. Insights and detailed reporting on recent developments in sports.	https://assets.msn.com/en-us/news/sports/N00226	[]	[]
N00227	finance	personalfinance	Spotlight: Venture Capital Investments Pivot Toward Hardware and Sovereign AI Startups	Comprehensive coverage regarding personalfinance. Roth IRA strategies, mortgage interest rate cuts, and high-yield savings. Insights and detailed reporting on recent developments in finance.	https://assets.msn.com/en-us/news/finance/N00227	[]	[]
N00228	entertainment	movies	Exclusive: Indie Film Sensation Sweeps Festival Awards, Eyeing Major Autumn Theatrical Run	Comprehensive coverage regarding movies. Box office weekend earnings, Academy Award predictions, and director interviews. Insights and detailed reporting on recent developments in entertainment.	https://assets.msn.com/en-us/news/entertainment/N00228	[]	[]
N00229	entertainment	music	Exclusive: Critically Acclaimed Sci-Fi Epic Dominates Global Box Office with Record Opening	Comprehensive coverage regarding music. Stadium tour announcements, streaming chart records, and album reviews. Insights and detailed reporting on recent developments in entertainment.	https://assets.msn.com/en-us/news/entertainment/N00229	[]	[]
N00230	technology	artificialintelligence	Next-Generation Quantum Processor Demonstrates Error Mitigation Milestone	Comprehensive coverage regarding artificialintelligence. Generative AI foundation models, GPU clusters, and neural recommendation engines. Insights and detailed reporting on recent developments in technology.	https://assets.msn.com/en-us/news/technology/N00230	[]	[]
N00231	lifestyle	food_drink	Mastering High-Altitude Hiking: Essential Gear, Hydration, and Acclimatization Tips	Comprehensive coverage regarding food drink. Artisanal espresso brewing, fermentation guides, and Michelin star culinary techniques. Insights and detailed reporting on recent developments in lifestyle.	https://assets.msn.com/en-us/news/lifestyle/N00231	[]	[]
N00232	technology	gadgets	Update: High-Throughput Distributed Database Benchmarks Breakthrough in Transaction Latency	Comprehensive coverage regarding gadgets. Smartphone battery innovations, flagship tablet comparisons, and wearable tech. Insights and detailed reporting on recent developments in technology.	https://assets.msn.com/en-us/news/technology/N00232	[]	[]
N00233	news	nationalnews	Global Summit Concludes with Historic Accord on International Maritime Waters	Comprehensive coverage regarding nationalnews. Congressional budget debates, infrastructure spending, and federal policies. Insights and detailed reporting on recent developments in news.	https://assets.msn.com/en-us/news/news/N00233	[]	[]
N00234	entertainment	celebrity	Indie Film Sensation Sweeps Festival Awards, Eyeing Major Autumn Theatrical Run	Comprehensive coverage regarding celebrity. Red carpet fashion reviews, celebrity philanthropy, and film festival premieres. Insights and detailed reporting on recent developments in entertainment.	https://assets.msn.com/en-us/news/entertainment/N00234	[]	[]
N00235	finance	personalfinance	Mortgage Rates Retreat to Six-Month Low, Sparking Surge in Home Loan Applications	Comprehensive coverage regarding personalfinance. Roth IRA strategies, mortgage interest rate cuts, and high-yield savings. Insights and detailed reporting on recent developments in finance.	https://assets.msn.com/en-us/news/finance/N00235	[]	[]
N00236	entertainment	music	Special Report: Critically Acclaimed Sci-Fi Epic Dominates Global Box Office with Record Opening	Comprehensive coverage regarding music. Stadium tour announcements, streaming chart records, and album reviews. Insights and detailed reporting on recent developments in entertainment.	https://assets.msn.com/en-us/news/entertainment/N00236	[]	[]
N00237	entertainment	celebrity	Streaming Platform Renews Multi-Award Winning Dystopian Drama for Season Three	Comprehensive coverage regarding celebrity. Red carpet fashion reviews, celebrity philanthropy, and film festival premieres. Insights and detailed reporting on recent developments in entertainment.	https://assets.msn.com/en-us/news/entertainment/N00237	[]	[]
N00238	technology	cybersecurity	Update: High-Throughput Distributed Database Benchmarks Breakthrough in Transaction Latency	Comprehensive coverage regarding cybersecurity. Zero-day vulnerabilities, ransomware defenses, and encrypted messaging standards. Insights and detailed reporting on recent developments in technology.	https://assets.msn.com/en-us/news/technology/N00238	[]	[]
N00239	entertainment	music	Streaming Platform Renews Multi-Award Winning Dystopian Drama for Season Three	Comprehensive coverage regarding music. Stadium tour announcements, streaming chart records, and album reviews. Insights and detailed reporting on recent developments in entertainment.	https://assets.msn.com/en-us/news/entertainment/N00239	[]	[]
N00240	news	crime	Global Summit Concludes with Historic Accord on International Maritime Waters	Comprehensive coverage regarding crime. High-profile judicial hearings, investigation findings, and appellate decisions. Insights and detailed reporting on recent developments in news.	https://assets.msn.com/en-us/news/news/N00240	[]	[]
N00241	news	nationalnews	Deep Dive: Bipartisan Coalition Passes Landmark Clean Energy Infrastructure Framework	Comprehensive coverage regarding nationalnews. Congressional budget debates, infrastructure spending, and federal policies. Insights and detailed reporting on recent developments in news.	https://assets.msn.com/en-us/news/news/N00241	[]	[]
N00242	lifestyle	food_drink	Ergonomic Workspace Layouts That Boost Cognitive Focus and Reduce Fatigue	Comprehensive coverage regarding food drink. Artisanal espresso brewing, fermentation guides, and Michelin star culinary techniques. Insights and detailed reporting on recent developments in lifestyle.	https://assets.msn.com/en-us/news/lifestyle/N00242	[]	[]
N00243	lifestyle	health_fitness	Ergonomic Workspace Layouts That Boost Cognitive Focus and Reduce Fatigue	Comprehensive coverage regarding health fitness. Cardiovascular longevity routines, resistance training splits, and nutrition advice. Insights and detailed reporting on recent developments in lifestyle.	https://assets.msn.com/en-us/news/lifestyle/N00243	[]	[]
N00244	news	crime	Exclusive: Mayor Unveils Comprehensive Downtown Revitalization and Light-Rail Transit Plan	Comprehensive coverage regarding crime. High-profile judicial hearings, investigation findings, and appellate decisions. Insights and detailed reporting on recent developments in news.	https://assets.msn.com/en-us/news/news/N00244	[]	[]
N00245	technology	artificialintelligence	Open-Source AI Consortium Releases Scalable Multimodal Reasoning Framework	Comprehensive coverage regarding artificialintelligence. Generative AI foundation models, GPU clusters, and neural recommendation engines. Insights and detailed reporting on recent developments in technology.	https://assets.msn.com/en-us/news/technology/N00245	[]	[]
N00246	sports	basketball_nba	Record-Breaking Strikeout Sequence Ignites Franchise Playoff Hopes	Comprehensive coverage regarding basketball nba. NBA playoffs race, triple-double records, and MVP candidate analysis. Insights and detailed reporting on recent developments in sports.	https://assets.msn.com/en-us/news/sports/N00246	[]	[]
N00247	news	worldnews	Severe Winter Storm Prompts Widespread Emergency Preparedness Across Midwest	Comprehensive coverage regarding worldnews. Global diplomatic summits, geopolitical negotiations, and climate pacts. Insights and detailed reporting on recent developments in news.	https://assets.msn.com/en-us/news/news/N00247	[]	[]
N00248	finance	personalfinance	Quarterly Corporate Earnings Exceed Projections as Consumer Spending Holds Resilient	Comprehensive coverage regarding personalfinance. Roth IRA strategies, mortgage interest rate cuts, and high-yield savings. Insights and detailed reporting on recent developments in finance.	https://assets.msn.com/en-us/news/finance/N00248	[]	[]
N00249	lifestyle	health_fitness	Hidden Mediterranean Coastal Villages That Escape the Peak Summer Crowds	Comprehensive coverage regarding health fitness. Cardiovascular longevity routines, resistance training splits, and nutrition advice. Insights and detailed reporting on recent developments in lifestyle.	https://assets.msn.com/en-us/news/lifestyle/N00249	[]	[]
N00250	entertainment	music	Iconic Rock Legends Announce 50-City Global Farewell Stadium Tour	Comprehensive coverage regarding music. Stadium tour announcements, streaming chart records, and album reviews. Insights and detailed reporting on recent developments in entertainment.	https://assets.msn.com/en-us/news/entertainment/N00250	[]	[]
N00251	technology	cybersecurity	Researchers Unveil Lightweight Neural Architecture for Real-Time On-Device Inference	Comprehensive coverage regarding cybersecurity. Zero-day vulnerabilities, ransomware defenses, and encrypted messaging standards. Insights and detailed reporting on recent developments in technology.	https://assets.msn.com/en-us/news/technology/N00251	[]	[]
N00252	news	crime	Supreme Court Delivers Unanimous Ruling on Digital Privacy and Device Encryption	Comprehensive coverage regarding crime. High-profile judicial hearings, investigation findings, and appellate decisions. Insights and detailed reporting on recent developments in news.	https://assets.msn.com/en-us/news/news/N00252	[]	[]
N00253	lifestyle	health_fitness	Ergonomic Workspace Layouts That Boost Cognitive Focus and Reduce Fatigue	Comprehensive coverage regarding health fitness. Cardiovascular longevity routines, resistance training splits, and nutrition advice. Insights and detailed reporting on recent developments in lifestyle.	https://assets.msn.com/en-us/news/lifestyle/N00253	[]	[]
N00254	lifestyle	travel	Cardiologists Highlight 20-Minute Daily Walking Routine for Longevity Benefits	Comprehensive coverage regarding travel. Alpine backpacking itineraries, low-season flight deals, and remote eco-resorts. Insights and detailed reporting on recent developments in lifestyle.	https://assets.msn.com/en-us/news/lifestyle/N00254	[]	[]
N00255	lifestyle	food_drink	Exclusive: Cardiologists Highlight 20-Minute Daily Walking Routine for Longevity Benefits	Comprehensive coverage regarding food drink. Artisanal espresso brewing, fermentation guides, and Michelin star culinary techniques. Insights and detailed reporting on recent developments in lifestyle.	https://assets.msn.com/en-us/news/lifestyle/N00255	[]	[]
N00256	finance	personalfinance	Mortgage Rates Retreat to Six-Month Low, Sparking Surge in Home Loan Applications	Comprehensive coverage regarding personalfinance. Roth IRA strategies, mortgage interest rate cuts, and high-yield savings. Insights and detailed reporting on recent developments in finance.	https://assets.msn.com/en-us/news/finance/N00256	[]	[]
N00257	news	crime	Severe Winter Storm Prompts Widespread Emergency Preparedness Across Midwest	Comprehensive coverage regarding crime. High-profile judicial hearings, investigation findings, and appellate decisions. Insights and detailed reporting on recent developments in news.	https://assets.msn.com/en-us/news/news/N00257	[]	[]
N00258	news	worldnews	Deep Dive: Global Summit Concludes with Historic Accord on International Maritime Waters	Comprehensive coverage regarding worldnews. Global diplomatic summits, geopolitical negotiations, and climate pacts. Insights and detailed reporting on recent developments in news.	https://assets.msn.com/en-us/news/news/N00258	[]	[]
N00259	entertainment	celebrity	Indie Film Sensation Sweeps Festival Awards, Eyeing Major Autumn Theatrical Run	Comprehensive coverage regarding celebrity. Red carpet fashion reviews, celebrity philanthropy, and film festival premieres. Insights and detailed reporting on recent developments in entertainment.	https://assets.msn.com/en-us/news/entertainment/N00259	[]	[]
N00260	entertainment	movies	Indie Film Sensation Sweeps Festival Awards, Eyeing Major Autumn Theatrical Run	Comprehensive coverage regarding movies. Box office weekend earnings, Academy Award predictions, and director interviews. Insights and detailed reporting on recent developments in entertainment.	https://assets.msn.com/en-us/news/entertainment/N00260	[]	[]
N00261	finance	personalfinance	Mortgage Rates Retreat to Six-Month Low, Sparking Surge in Home Loan Applications	Comprehensive coverage regarding personalfinance. Roth IRA strategies, mortgage interest rate cuts, and high-yield savings. Insights and detailed reporting on recent developments in finance.	https://assets.msn.com/en-us/news/finance/N00261	[]	[]
N00262	technology	gadgets	Deep Dive: Open-Source AI Consortium Releases Scalable Multimodal Reasoning Framework	Comprehensive coverage regarding gadgets. Smartphone battery innovations, flagship tablet comparisons, and wearable tech. Insights and detailed reporting on recent developments in technology.	https://assets.msn.com/en-us/news/technology/N00262	[]	[]
N00263	finance	realestate	Mortgage Rates Retreat to Six-Month Low, Sparking Surge in Home Loan Applications	Comprehensive coverage regarding realestate. Commercial real estate distress, residential home inventory, and median pricing. Insights and detailed reporting on recent developments in finance.	https://assets.msn.com/en-us/news/finance/N00263	[]	[]
N00264	technology	cybersecurity	Major Operating System Update Introduces Zero-Trust Architecture and Passkeys	Comprehensive coverage regarding cybersecurity. Zero-day vulnerabilities, ransomware defenses, and encrypted messaging standards. Insights and detailed reporting on recent developments in technology.	https://assets.msn.com/en-us/news/technology/N00264	[]	[]
N00265	finance	markets	Venture Capital Investments Pivot Toward Hardware and Sovereign AI Startups	Comprehensive coverage regarding markets. Wall Street rallies, S&P 500 records, Treasury yields, and Federal Reserve rates. Insights and detailed reporting on recent developments in finance.	https://assets.msn.com/en-us/news/finance/N00265	[]	[]
N00266	sports	basketball_nba	Record-Breaking Strikeout Sequence Ignites Franchise Playoff Hopes	Comprehensive coverage regarding basketball nba. NBA playoffs race, triple-double records, and MVP candidate analysis. Insights and detailed reporting on recent developments in sports.	https://assets.msn.com/en-us/news/sports/N00266	[]	[]
N00267	entertainment	music	Spotlight: Iconic Rock Legends Announce 50-City Global Farewell Stadium Tour	Comprehensive coverage regarding music. Stadium tour announcements, streaming chart records, and album reviews. Insights and detailed reporting on recent developments in entertainment.	https://assets.msn.com/en-us/news/entertainment/N00267	[]	[]
N00268	technology	gadgets	Researchers Unveil Lightweight Neural Architecture for Real-Time On-Device Inference	Comprehensive coverage regarding gadgets. Smartphone battery innovations, flagship tablet comparisons, and wearable tech. Insights and detailed reporting on recent developments in technology.	https://assets.msn.com/en-us/news/technology/N00268	[]	[]
N00269	lifestyle	travel	Cardiologists Highlight 20-Minute Daily Walking Routine for Longevity Benefits	Comprehensive coverage regarding travel. Alpine backpacking itineraries, low-season flight deals, and remote eco-resorts. Insights and detailed reporting on recent developments in lifestyle.	https://assets.msn.com/en-us/news/lifestyle/N00269	[]	[]
N00270	lifestyle	food_drink	Hidden Mediterranean Coastal Villages That Escape the Peak Summer Crowds	Comprehensive coverage regarding food drink. Artisanal espresso brewing, fermentation guides, and Michelin star culinary techniques. Insights and detailed reporting on recent developments in lifestyle.	https://assets.msn.com/en-us/news/lifestyle/N00270	[]	[]
N00271	news	crime	Analysis: Supreme Court Delivers Unanimous Ruling on Digital Privacy and Device Encryption	Comprehensive coverage regarding crime. High-profile judicial hearings, investigation findings, and appellate decisions. Insights and detailed reporting on recent developments in news.	https://assets.msn.com/en-us/news/news/N00271	[]	[]
N00272	entertainment	music	Indie Film Sensation Sweeps Festival Awards, Eyeing Major Autumn Theatrical Run	Comprehensive coverage regarding music. Stadium tour announcements, streaming chart records, and album reviews. Insights and detailed reporting on recent developments in entertainment.	https://assets.msn.com/en-us/news/entertainment/N00272	[]	[]
N00273	lifestyle	travel	Deep Dive: Cardiologists Highlight 20-Minute Daily Walking Routine for Longevity Benefits	Comprehensive coverage regarding travel. Alpine backpacking itineraries, low-season flight deals, and remote eco-resorts. Insights and detailed reporting on recent developments in lifestyle.	https://assets.msn.com/en-us/news/lifestyle/N00273	[]	[]
N00274	sports	soccer_epl	Special Report: Lakers Surge Ahead Behind 40-Point Masterclass in Western Conference Clash	Comprehensive coverage regarding soccer epl. Premier league title race, Champions League fixtures, and transfer rumors. Insights and detailed reporting on recent developments in sports.	https://assets.msn.com/en-us/news/sports/N00274	[]	[]
N00275	finance	realestate	Analysis: Venture Capital Investments Pivot Toward Hardware and Sovereign AI Startups	Comprehensive coverage regarding realestate. Commercial real estate distress, residential home inventory, and median pricing. Insights and detailed reporting on recent developments in finance.	https://assets.msn.com/en-us/news/finance/N00275	[]	[]
N00276	entertainment	music	Behind-the-Scenes Retrospective: How Master Directors Crafted Cinema's Greatest Shots	Comprehensive coverage regarding music. Stadium tour announcements, streaming chart records, and album reviews. Insights and detailed reporting on recent developments in entertainment.	https://assets.msn.com/en-us/news/entertainment/N00276	[]	[]
N00277	finance	markets	Mortgage Rates Retreat to Six-Month Low, Sparking Surge in Home Loan Applications	Comprehensive coverage regarding markets. Wall Street rallies, S&P 500 records, Treasury yields, and Federal Reserve rates. Insights and detailed reporting on recent developments in finance.	https://assets.msn.com/en-us/news/finance/N00277	[]	[]
N00278	technology	gadgets	Major Operating System Update Introduces Zero-Trust Architecture and Passkeys	Comprehensive coverage regarding gadgets. Smartphone battery innovations, flagship tablet comparisons, and wearable tech. Insights and detailed reporting on recent developments in technology.	https://assets.msn.com/en-us/news/technology/N00278	[]	[]
N00279	technology	artificialintelligence	Next-Generation Quantum Processor Demonstrates Error Mitigation Milestone	Comprehensive coverage regarding artificialintelligence. Generative AI foundation models, GPU clusters, and neural recommendation engines. Insights and detailed reporting on recent developments in technology.	https://assets.msn.com/en-us/news/technology/N00279	[]	[]
N00280	news	crime	Severe Winter Storm Prompts Widespread Emergency Preparedness Across Midwest	Comprehensive coverage regarding crime. High-profile judicial hearings, investigation findings, and appellate decisions. Insights and detailed reporting on recent developments in news.	https://assets.msn.com/en-us/news/news/N00280	[]	[]
N00281	entertainment	music	Critically Acclaimed Sci-Fi Epic Dominates Global Box Office with Record Opening	Comprehensive coverage regarding music. Stadium tour announcements, streaming chart records, and album reviews. Insights and detailed reporting on recent developments in entertainment.	https://assets.msn.com/en-us/news/entertainment/N00281	[]	[]
N00282	sports	soccer_epl	Special Report: Top Draft Prospect Declares for Draft Following Undefeated College Season	Comprehensive coverage regarding soccer epl. Premier league title race, Champions League fixtures, and transfer rumors. Insights and detailed reporting on recent developments in sports.	https://assets.msn.com/en-us/news/sports/N00282	[]	[]
N00283	lifestyle	travel	Hidden Mediterranean Coastal Villages That Escape the Peak Summer Crowds	Comprehensive coverage regarding travel. Alpine backpacking itineraries, low-season flight deals, and remote eco-resorts. Insights and detailed reporting on recent developments in lifestyle.	https://assets.msn.com/en-us/news/lifestyle/N00283	[]	[]
N00284	lifestyle	food_drink	Cardiologists Highlight 20-Minute Daily Walking Routine for Longevity Benefits	Comprehensive coverage regarding food drink. Artisanal espresso brewing, fermentation guides, and Michelin star culinary techniques. Insights and detailed reporting on recent developments in lifestyle.	https://assets.msn.com/en-us/news/lifestyle/N00284	[]	[]
N00285	technology	artificialintelligence	Open-Source AI Consortium Releases Scalable Multimodal Reasoning Framework	Comprehensive coverage regarding artificialintelligence. Generative AI foundation models, GPU clusters, and neural recommendation engines. Insights and detailed reporting on recent developments in technology.	https://assets.msn.com/en-us/news/technology/N00285	[]	[]
N00286	entertainment	music	Exclusive: Behind-the-Scenes Retrospective: How Master Directors Crafted Cinema's Greatest Shots	Comprehensive coverage regarding music. Stadium tour announcements, streaming chart records, and album reviews. Insights and detailed reporting on recent developments in entertainment.	https://assets.msn.com/en-us/news/entertainment/N00286	[]	[]
N00287	lifestyle	food_drink	Hidden Mediterranean Coastal Villages That Escape the Peak Summer Crowds	Comprehensive coverage regarding food drink. Artisanal espresso brewing, fermentation guides, and Michelin star culinary techniques. Insights and detailed reporting on recent developments in lifestyle.	https://assets.msn.com/en-us/news/lifestyle/N00287	[]	[]
N00288	sports	basketball_nba	Chiefs Secure Dramatic Overtime Victory in AFC Championship Thriller	Comprehensive coverage regarding basketball nba. NBA playoffs race, triple-double records, and MVP candidate analysis. Insights and detailed reporting on recent developments in sports.	https://assets.msn.com/en-us/news/sports/N00288	[]	[]
N00289	finance	personalfinance	Update: Federal Reserve Signals Potential Interest Rate Pivot Amid Cooling Inflation	Comprehensive coverage regarding personalfinance. Roth IRA strategies, mortgage interest rate cuts, and high-yield savings. Insights and detailed reporting on recent developments in finance.	https://assets.msn.com/en-us/news/finance/N00289	[]	[]
N00290	news	nationalnews	Spotlight: Severe Winter Storm Prompts Widespread Emergency Preparedness Across Midwest	Comprehensive coverage regarding nationalnews. Congressional budget debates, infrastructure spending, and federal policies. Insights and detailed reporting on recent developments in news.	https://assets.msn.com/en-us/news/news/N00290	[]	[]
N00291	lifestyle	travel	Ergonomic Workspace Layouts That Boost Cognitive Focus and Reduce Fatigue	Comprehensive coverage regarding travel. Alpine backpacking itineraries, low-season flight deals, and remote eco-resorts. Insights and detailed reporting on recent developments in lifestyle.	https://assets.msn.com/en-us/news/lifestyle/N00291	[]	[]
N00292	lifestyle	health_fitness	Ergonomic Workspace Layouts That Boost Cognitive Focus and Reduce Fatigue	Comprehensive coverage regarding health fitness. Cardiovascular longevity routines, resistance training splits, and nutrition advice. Insights and detailed reporting on recent developments in lifestyle.	https://assets.msn.com/en-us/news/lifestyle/N00292	[]	[]
N00293	technology	cybersecurity	High-Throughput Distributed Database Benchmarks Breakthrough in Transaction Latency	Comprehensive coverage regarding cybersecurity. Zero-day vulnerabilities, ransomware defenses, and encrypted messaging standards. Insights and detailed reporting on recent developments in technology.	https://assets.msn.com/en-us/news/technology/N00293	[]	[]
N00294	finance	markets	Deep Dive: Mortgage Rates Retreat to Six-Month Low, Sparking Surge in Home Loan Applications	Comprehensive coverage regarding markets. Wall Street rallies, S&P 500 records, Treasury yields, and Federal Reserve rates. Insights and detailed reporting on recent developments in finance.	https://assets.msn.com/en-us/news/finance/N00294	[]	[]
N00295	news	nationalnews	Bipartisan Coalition Passes Landmark Clean Energy Infrastructure Framework	Comprehensive coverage regarding nationalnews. Congressional budget debates, infrastructure spending, and federal policies. Insights and detailed reporting on recent developments in news.	https://assets.msn.com/en-us/news/news/N00295	[]	[]
N00296	finance	realestate	Special Report: Mortgage Rates Retreat to Six-Month Low, Sparking Surge in Home Loan Applications	Comprehensive coverage regarding realestate. Commercial real estate distress, residential home inventory, and median pricing. Insights and detailed reporting on recent developments in finance.	https://assets.msn.com/en-us/news/finance/N00296	[]	[]
N00297	news	worldnews	Analysis: Severe Winter Storm Prompts Widespread Emergency Preparedness Across Midwest	Comprehensive coverage regarding worldnews. Global diplomatic summits, geopolitical negotiations, and climate pacts. Insights and detailed reporting on recent developments in news.	https://assets.msn.com/en-us/news/news/N00297	[]	[]
N00298	lifestyle	travel	Mastering High-Altitude Hiking: Essential Gear, Hydration, and Acclimatization Tips	Comprehensive coverage regarding travel. Alpine backpacking itineraries, low-season flight deals, and remote eco-resorts. Insights and detailed reporting on recent developments in lifestyle.	https://assets.msn.com/en-us/news/lifestyle/N00298	[]	[]
N00299	sports	soccer_epl	Lakers Surge Ahead Behind 40-Point Masterclass in Western Conference Clash	Comprehensive coverage regarding soccer epl. Premier league title race, Champions League fixtures, and transfer rumors. Insights and detailed reporting on recent developments in sports.	https://assets.msn.com/en-us/news/sports/N00299	[]	[]
N00300	entertainment	movies	Critically Acclaimed Sci-Fi Epic Dominates Global Box Office with Record Opening	Comprehensive coverage regarding movies. Box office weekend earnings, Academy Award predictions, and director interviews. Insights and detailed reporting on recent developments in entertainment.	https://assets.msn.com/en-us/news/entertainment/N00300	[]	[]
